#anonymous_read_id	genome_id	tax_id	read_id
NZ_LN831035.1	GCF_001457655.1	727	NZ_LN831035.1
NZ_AP017632.1	GCF_004295525.1	210	NZ_AP017632.1
NZ_ALAS01000001.1	GCF_000290615.1	1121088	NZ_ALAS01000001.1
NZ_ALAS01000002.1	GCF_000290615.1	1121088	NZ_ALAS01000002.1
NZ_ALAS01000003.1	GCF_000290615.1	1121088	NZ_ALAS01000003.1
NZ_ALAS01000004.1	GCF_000290615.1	1121088	NZ_ALAS01000004.1
NZ_ALAS01000005.1	GCF_000290615.1	1121088	NZ_ALAS01000005.1
NZ_ALAS01000006.1	GCF_000290615.1	1121088	NZ_ALAS01000006.1
NZ_ALAS01000007.1	GCF_000290615.1	1121088	NZ_ALAS01000007.1
NZ_ALAS01000008.1	GCF_000290615.1	1121088	NZ_ALAS01000008.1
NZ_ALAS01000009.1	GCF_000290615.1	1121088	NZ_ALAS01000009.1
NZ_ALAS01000010.1	GCF_000290615.1	1121088	NZ_ALAS01000010.1
NZ_ALAS01000011.1	GCF_000290615.1	1121088	NZ_ALAS01000011.1
NZ_ALAS01000012.1	GCF_000290615.1	1121088	NZ_ALAS01000012.1
NZ_ALAS01000013.1	GCF_000290615.1	1121088	NZ_ALAS01000013.1
NZ_ALAS01000014.1	GCF_000290615.1	1121088	NZ_ALAS01000014.1
NZ_ALAS01000015.1	GCF_000290615.1	1121088	NZ_ALAS01000015.1
NZ_ALAS01000016.1	GCF_000290615.1	1121088	NZ_ALAS01000016.1
NZ_ALAS01000017.1	GCF_000290615.1	1121088	NZ_ALAS01000017.1
NZ_ALAS01000018.1	GCF_000290615.1	1121088	NZ_ALAS01000018.1
NZ_ALAS01000019.1	GCF_000290615.1	1121088	NZ_ALAS01000019.1
NZ_ALAS01000020.1	GCF_000290615.1	1121088	NZ_ALAS01000020.1
NZ_ALAS01000021.1	GCF_000290615.1	1121088	NZ_ALAS01000021.1
NZ_ALAS01000022.1	GCF_000290615.1	1121088	NZ_ALAS01000022.1
NZ_ALAS01000023.1	GCF_000290615.1	1121088	NZ_ALAS01000023.1
NZ_ALAS01000024.1	GCF_000290615.1	1121088	NZ_ALAS01000024.1
NZ_ALAS01000025.1	GCF_000290615.1	1121088	NZ_ALAS01000025.1
NZ_ALAS01000167.1	GCF_000290615.1	1121088	NZ_ALAS01000167.1
NZ_ALAS01000168.1	GCF_000290615.1	1121088	NZ_ALAS01000168.1
NZ_ALAS01000169.1	GCF_000290615.1	1121088	NZ_ALAS01000169.1
NZ_ALAS01000170.1	GCF_000290615.1	1121088	NZ_ALAS01000170.1
NZ_ALAS01000158.1	GCF_000290615.1	1121088	NZ_ALAS01000158.1
NZ_ALAS01000159.1	GCF_000290615.1	1121088	NZ_ALAS01000159.1
NZ_ALAS01000160.1	GCF_000290615.1	1121088	NZ_ALAS01000160.1
NZ_ALAS01000161.1	GCF_000290615.1	1121088	NZ_ALAS01000161.1
NZ_ALAS01000162.1	GCF_000290615.1	1121088	NZ_ALAS01000162.1
NZ_ALAS01000163.1	GCF_000290615.1	1121088	NZ_ALAS01000163.1
NZ_ALAS01000164.1	GCF_000290615.1	1121088	NZ_ALAS01000164.1
NZ_ALAS01000165.1	GCF_000290615.1	1121088	NZ_ALAS01000165.1
NZ_ALAS01000166.1	GCF_000290615.1	1121088	NZ_ALAS01000166.1
NZ_ALAS01000026.1	GCF_000290615.1	1121088	NZ_ALAS01000026.1
NZ_ALAS01000148.1	GCF_000290615.1	1121088	NZ_ALAS01000148.1
NZ_ALAS01000149.1	GCF_000290615.1	1121088	NZ_ALAS01000149.1
NZ_ALAS01000150.1	GCF_000290615.1	1121088	NZ_ALAS01000150.1
NZ_ALAS01000151.1	GCF_000290615.1	1121088	NZ_ALAS01000151.1
NZ_ALAS01000152.1	GCF_000290615.1	1121088	NZ_ALAS01000152.1
NZ_ALAS01000153.1	GCF_000290615.1	1121088	NZ_ALAS01000153.1
NZ_ALAS01000154.1	GCF_000290615.1	1121088	NZ_ALAS01000154.1
NZ_ALAS01000155.1	GCF_000290615.1	1121088	NZ_ALAS01000155.1
NZ_ALAS01000156.1	GCF_000290615.1	1121088	NZ_ALAS01000156.1
NZ_ALAS01000157.1	GCF_000290615.1	1121088	NZ_ALAS01000157.1
NZ_ALAS01000027.1	GCF_000290615.1	1121088	NZ_ALAS01000027.1
NZ_ALAS01000028.1	GCF_000290615.1	1121088	NZ_ALAS01000028.1
NZ_ALAS01000029.1	GCF_000290615.1	1121088	NZ_ALAS01000029.1
NZ_ALAS01000147.1	GCF_000290615.1	1121088	NZ_ALAS01000147.1
NZ_ALAS01000139.1	GCF_000290615.1	1121088	NZ_ALAS01000139.1
NZ_ALAS01000140.1	GCF_000290615.1	1121088	NZ_ALAS01000140.1
NZ_ALAS01000141.1	GCF_000290615.1	1121088	NZ_ALAS01000141.1
NZ_ALAS01000142.1	GCF_000290615.1	1121088	NZ_ALAS01000142.1
NZ_ALAS01000143.1	GCF_000290615.1	1121088	NZ_ALAS01000143.1
NZ_ALAS01000144.1	GCF_000290615.1	1121088	NZ_ALAS01000144.1
NZ_ALAS01000145.1	GCF_000290615.1	1121088	NZ_ALAS01000145.1
NZ_ALAS01000146.1	GCF_000290615.1	1121088	NZ_ALAS01000146.1
NZ_ALAS01000127.1	GCF_000290615.1	1121088	NZ_ALAS01000127.1
NZ_ALAS01000128.1	GCF_000290615.1	1121088	NZ_ALAS01000128.1
NZ_ALAS01000129.1	GCF_000290615.1	1121088	NZ_ALAS01000129.1
NZ_ALAS01000130.1	GCF_000290615.1	1121088	NZ_ALAS01000130.1
NZ_ALAS01000131.1	GCF_000290615.1	1121088	NZ_ALAS01000131.1
NZ_ALAS01000132.1	GCF_000290615.1	1121088	NZ_ALAS01000132.1
NZ_ALAS01000133.1	GCF_000290615.1	1121088	NZ_ALAS01000133.1
NZ_ALAS01000134.1	GCF_000290615.1	1121088	NZ_ALAS01000134.1
NZ_ALAS01000135.1	GCF_000290615.1	1121088	NZ_ALAS01000135.1
NZ_ALAS01000136.1	GCF_000290615.1	1121088	NZ_ALAS01000136.1
NZ_ALAS01000137.1	GCF_000290615.1	1121088	NZ_ALAS01000137.1
NZ_ALAS01000138.1	GCF_000290615.1	1121088	NZ_ALAS01000138.1
NZ_ALAS01000030.1	GCF_000290615.1	1121088	NZ_ALAS01000030.1
NZ_ALAS01000119.1	GCF_000290615.1	1121088	NZ_ALAS01000119.1
NZ_ALAS01000120.1	GCF_000290615.1	1121088	NZ_ALAS01000120.1
NZ_ALAS01000121.1	GCF_000290615.1	1121088	NZ_ALAS01000121.1
NZ_ALAS01000122.1	GCF_000290615.1	1121088	NZ_ALAS01000122.1
NZ_ALAS01000123.1	GCF_000290615.1	1121088	NZ_ALAS01000123.1
NZ_ALAS01000124.1	GCF_000290615.1	1121088	NZ_ALAS01000124.1
NZ_ALAS01000125.1	GCF_000290615.1	1121088	NZ_ALAS01000125.1
NZ_ALAS01000126.1	GCF_000290615.1	1121088	NZ_ALAS01000126.1
NZ_ALAS01000113.1	GCF_000290615.1	1121088	NZ_ALAS01000113.1
NZ_ALAS01000114.1	GCF_000290615.1	1121088	NZ_ALAS01000114.1
NZ_ALAS01000115.1	GCF_000290615.1	1121088	NZ_ALAS01000115.1
NZ_ALAS01000116.1	GCF_000290615.1	1121088	NZ_ALAS01000116.1
NZ_ALAS01000117.1	GCF_000290615.1	1121088	NZ_ALAS01000117.1
NZ_ALAS01000118.1	GCF_000290615.1	1121088	NZ_ALAS01000118.1
NZ_ALAS01000031.1	GCF_000290615.1	1121088	NZ_ALAS01000031.1
NZ_ALAS01000108.1	GCF_000290615.1	1121088	NZ_ALAS01000108.1
NZ_ALAS01000109.1	GCF_000290615.1	1121088	NZ_ALAS01000109.1
NZ_ALAS01000110.1	GCF_000290615.1	1121088	NZ_ALAS01000110.1
NZ_ALAS01000111.1	GCF_000290615.1	1121088	NZ_ALAS01000111.1
NZ_ALAS01000112.1	GCF_000290615.1	1121088	NZ_ALAS01000112.1
NZ_ALAS01000107.1	GCF_000290615.1	1121088	NZ_ALAS01000107.1
NZ_ALAS01000097.1	GCF_000290615.1	1121088	NZ_ALAS01000097.1
NZ_ALAS01000098.1	GCF_000290615.1	1121088	NZ_ALAS01000098.1
NZ_ALAS01000099.1	GCF_000290615.1	1121088	NZ_ALAS01000099.1
NZ_ALAS01000100.1	GCF_000290615.1	1121088	NZ_ALAS01000100.1
NZ_ALAS01000101.1	GCF_000290615.1	1121088	NZ_ALAS01000101.1
NZ_ALAS01000102.1	GCF_000290615.1	1121088	NZ_ALAS01000102.1
NZ_ALAS01000103.1	GCF_000290615.1	1121088	NZ_ALAS01000103.1
NZ_ALAS01000104.1	GCF_000290615.1	1121088	NZ_ALAS01000104.1
NZ_ALAS01000105.1	GCF_000290615.1	1121088	NZ_ALAS01000105.1
NZ_ALAS01000106.1	GCF_000290615.1	1121088	NZ_ALAS01000106.1
NZ_ALAS01000032.1	GCF_000290615.1	1121088	NZ_ALAS01000032.1
NZ_ALAS01000033.1	GCF_000290615.1	1121088	NZ_ALAS01000033.1
NZ_ALAS01000034.1	GCF_000290615.1	1121088	NZ_ALAS01000034.1
NZ_ALAS01000035.1	GCF_000290615.1	1121088	NZ_ALAS01000035.1
NZ_ALAS01000054.1	GCF_000290615.1	1121088	NZ_ALAS01000054.1
NZ_ALAS01000055.1	GCF_000290615.1	1121088	NZ_ALAS01000055.1
NZ_ALAS01000056.1	GCF_000290615.1	1121088	NZ_ALAS01000056.1
NZ_ALAS01000057.1	GCF_000290615.1	1121088	NZ_ALAS01000057.1
NZ_ALAS01000092.1	GCF_000290615.1	1121088	NZ_ALAS01000092.1
NZ_ALAS01000093.1	GCF_000290615.1	1121088	NZ_ALAS01000093.1
NZ_ALAS01000094.1	GCF_000290615.1	1121088	NZ_ALAS01000094.1
NZ_ALAS01000095.1	GCF_000290615.1	1121088	NZ_ALAS01000095.1
NZ_ALAS01000096.1	GCF_000290615.1	1121088	NZ_ALAS01000096.1
NZ_ALAS01000036.1	GCF_000290615.1	1121088	NZ_ALAS01000036.1
NZ_ALAS01000049.1	GCF_000290615.1	1121088	NZ_ALAS01000049.1
NZ_ALAS01000050.1	GCF_000290615.1	1121088	NZ_ALAS01000050.1
NZ_ALAS01000051.1	GCF_000290615.1	1121088	NZ_ALAS01000051.1
NZ_ALAS01000052.1	GCF_000290615.1	1121088	NZ_ALAS01000052.1
NZ_ALAS01000053.1	GCF_000290615.1	1121088	NZ_ALAS01000053.1
NZ_ALAS01000037.1	GCF_000290615.1	1121088	NZ_ALAS01000037.1
NZ_ALAS01000041.1	GCF_000290615.1	1121088	NZ_ALAS01000041.1
NZ_ALAS01000042.1	GCF_000290615.1	1121088	NZ_ALAS01000042.1
NZ_ALAS01000043.1	GCF_000290615.1	1121088	NZ_ALAS01000043.1
NZ_ALAS01000044.1	GCF_000290615.1	1121088	NZ_ALAS01000044.1
NZ_ALAS01000045.1	GCF_000290615.1	1121088	NZ_ALAS01000045.1
NZ_ALAS01000046.1	GCF_000290615.1	1121088	NZ_ALAS01000046.1
NZ_ALAS01000047.1	GCF_000290615.1	1121088	NZ_ALAS01000047.1
NZ_ALAS01000048.1	GCF_000290615.1	1121088	NZ_ALAS01000048.1
NZ_ALAS01000038.1	GCF_000290615.1	1121088	NZ_ALAS01000038.1
NZ_ALAS01000039.1	GCF_000290615.1	1121088	NZ_ALAS01000039.1
NZ_ALAS01000040.1	GCF_000290615.1	1121088	NZ_ALAS01000040.1
NZ_ALAS01000066.1	GCF_000290615.1	1121088	NZ_ALAS01000066.1
NZ_ALAS01000067.1	GCF_000290615.1	1121088	NZ_ALAS01000067.1
NZ_ALAS01000068.1	GCF_000290615.1	1121088	NZ_ALAS01000068.1
NZ_ALAS01000069.1	GCF_000290615.1	1121088	NZ_ALAS01000069.1
NZ_ALAS01000070.1	GCF_000290615.1	1121088	NZ_ALAS01000070.1
NZ_ALAS01000071.1	GCF_000290615.1	1121088	NZ_ALAS01000071.1
NZ_ALAS01000072.1	GCF_000290615.1	1121088	NZ_ALAS01000072.1
NZ_ALAS01000058.1	GCF_000290615.1	1121088	NZ_ALAS01000058.1
NZ_ALAS01000059.1	GCF_000290615.1	1121088	NZ_ALAS01000059.1
NZ_ALAS01000060.1	GCF_000290615.1	1121088	NZ_ALAS01000060.1
NZ_ALAS01000061.1	GCF_000290615.1	1121088	NZ_ALAS01000061.1
NZ_ALAS01000062.1	GCF_000290615.1	1121088	NZ_ALAS01000062.1
NZ_ALAS01000063.1	GCF_000290615.1	1121088	NZ_ALAS01000063.1
NZ_ALAS01000064.1	GCF_000290615.1	1121088	NZ_ALAS01000064.1
NZ_ALAS01000065.1	GCF_000290615.1	1121088	NZ_ALAS01000065.1
NZ_ALAS01000088.1	GCF_000290615.1	1121088	NZ_ALAS01000088.1
NZ_ALAS01000089.1	GCF_000290615.1	1121088	NZ_ALAS01000089.1
NZ_ALAS01000090.1	GCF_000290615.1	1121088	NZ_ALAS01000090.1
NZ_ALAS01000091.1	GCF_000290615.1	1121088	NZ_ALAS01000091.1
NZ_ALAS01000073.1	GCF_000290615.1	1121088	NZ_ALAS01000073.1
NZ_ALAS01000074.1	GCF_000290615.1	1121088	NZ_ALAS01000074.1
NZ_ALAS01000075.1	GCF_000290615.1	1121088	NZ_ALAS01000075.1
NZ_ALAS01000076.1	GCF_000290615.1	1121088	NZ_ALAS01000076.1
NZ_ALAS01000077.1	GCF_000290615.1	1121088	NZ_ALAS01000077.1
NZ_ALAS01000078.1	GCF_000290615.1	1121088	NZ_ALAS01000078.1
NZ_ALAS01000087.1	GCF_000290615.1	1121088	NZ_ALAS01000087.1
NZ_ALAS01000079.1	GCF_000290615.1	1121088	NZ_ALAS01000079.1
NZ_ALAS01000084.1	GCF_000290615.1	1121088	NZ_ALAS01000084.1
NZ_ALAS01000085.1	GCF_000290615.1	1121088	NZ_ALAS01000085.1
NZ_ALAS01000086.1	GCF_000290615.1	1121088	NZ_ALAS01000086.1
NZ_ALAS01000080.1	GCF_000290615.1	1121088	NZ_ALAS01000080.1
NZ_ALAS01000081.1	GCF_000290615.1	1121088	NZ_ALAS01000081.1
NZ_ALAS01000082.1	GCF_000290615.1	1121088	NZ_ALAS01000082.1
NZ_ALAS01000083.1	GCF_000290615.1	1121088	NZ_ALAS01000083.1
NZ_ALAS01000171.1	GCF_000290615.1	1121088	NZ_ALAS01000171.1
NZ_ALAS01000172.1	GCF_000290615.1	1121088	NZ_ALAS01000172.1
NZ_ALAS01000173.1	GCF_000290615.1	1121088	NZ_ALAS01000173.1
NZ_ALAS01000174.1	GCF_000290615.1	1121088	NZ_ALAS01000174.1
NZ_ALAS01000298.1	GCF_000290615.1	1121088	NZ_ALAS01000298.1
NZ_ALAS01000299.1	GCF_000290615.1	1121088	NZ_ALAS01000299.1
NZ_ALAS01000300.1	GCF_000290615.1	1121088	NZ_ALAS01000300.1
NZ_ALAS01000301.1	GCF_000290615.1	1121088	NZ_ALAS01000301.1
NZ_ALAS01000302.1	GCF_000290615.1	1121088	NZ_ALAS01000302.1
NZ_ALAS01000303.1	GCF_000290615.1	1121088	NZ_ALAS01000303.1
NZ_ALAS01000304.1	GCF_000290615.1	1121088	NZ_ALAS01000304.1
NZ_ALAS01000305.1	GCF_000290615.1	1121088	NZ_ALAS01000305.1
NZ_ALAS01000306.1	GCF_000290615.1	1121088	NZ_ALAS01000306.1
NZ_ALAS01000307.1	GCF_000290615.1	1121088	NZ_ALAS01000307.1
NZ_ALAS01000175.1	GCF_000290615.1	1121088	NZ_ALAS01000175.1
NZ_ALAS01000176.1	GCF_000290615.1	1121088	NZ_ALAS01000176.1
NZ_ALAS01000177.1	GCF_000290615.1	1121088	NZ_ALAS01000177.1
NZ_ALAS01000178.1	GCF_000290615.1	1121088	NZ_ALAS01000178.1
NZ_ALAS01000284.1	GCF_000290615.1	1121088	NZ_ALAS01000284.1
NZ_ALAS01000285.1	GCF_000290615.1	1121088	NZ_ALAS01000285.1
NZ_ALAS01000286.1	GCF_000290615.1	1121088	NZ_ALAS01000286.1
NZ_ALAS01000287.1	GCF_000290615.1	1121088	NZ_ALAS01000287.1
NZ_ALAS01000288.1	GCF_000290615.1	1121088	NZ_ALAS01000288.1
NZ_ALAS01000289.1	GCF_000290615.1	1121088	NZ_ALAS01000289.1
NZ_ALAS01000290.1	GCF_000290615.1	1121088	NZ_ALAS01000290.1
NZ_ALAS01000291.1	GCF_000290615.1	1121088	NZ_ALAS01000291.1
NZ_ALAS01000292.1	GCF_000290615.1	1121088	NZ_ALAS01000292.1
NZ_ALAS01000293.1	GCF_000290615.1	1121088	NZ_ALAS01000293.1
NZ_ALAS01000294.1	GCF_000290615.1	1121088	NZ_ALAS01000294.1
NZ_ALAS01000295.1	GCF_000290615.1	1121088	NZ_ALAS01000295.1
NZ_ALAS01000296.1	GCF_000290615.1	1121088	NZ_ALAS01000296.1
NZ_ALAS01000297.1	GCF_000290615.1	1121088	NZ_ALAS01000297.1
NZ_ALAS01000266.1	GCF_000290615.1	1121088	NZ_ALAS01000266.1
NZ_ALAS01000267.1	GCF_000290615.1	1121088	NZ_ALAS01000267.1
NZ_ALAS01000268.1	GCF_000290615.1	1121088	NZ_ALAS01000268.1
NZ_ALAS01000269.1	GCF_000290615.1	1121088	NZ_ALAS01000269.1
NZ_ALAS01000270.1	GCF_000290615.1	1121088	NZ_ALAS01000270.1
NZ_ALAS01000271.1	GCF_000290615.1	1121088	NZ_ALAS01000271.1
NZ_ALAS01000272.1	GCF_000290615.1	1121088	NZ_ALAS01000272.1
NZ_ALAS01000273.1	GCF_000290615.1	1121088	NZ_ALAS01000273.1
NZ_ALAS01000274.1	GCF_000290615.1	1121088	NZ_ALAS01000274.1
NZ_ALAS01000275.1	GCF_000290615.1	1121088	NZ_ALAS01000275.1
NZ_ALAS01000276.1	GCF_000290615.1	1121088	NZ_ALAS01000276.1
NZ_ALAS01000277.1	GCF_000290615.1	1121088	NZ_ALAS01000277.1
NZ_ALAS01000278.1	GCF_000290615.1	1121088	NZ_ALAS01000278.1
NZ_ALAS01000279.1	GCF_000290615.1	1121088	NZ_ALAS01000279.1
NZ_ALAS01000280.1	GCF_000290615.1	1121088	NZ_ALAS01000280.1
NZ_ALAS01000281.1	GCF_000290615.1	1121088	NZ_ALAS01000281.1
NZ_ALAS01000282.1	GCF_000290615.1	1121088	NZ_ALAS01000282.1
NZ_ALAS01000283.1	GCF_000290615.1	1121088	NZ_ALAS01000283.1
NZ_ALAS01000179.1	GCF_000290615.1	1121088	NZ_ALAS01000179.1
NZ_ALAS01000248.1	GCF_000290615.1	1121088	NZ_ALAS01000248.1
NZ_ALAS01000249.1	GCF_000290615.1	1121088	NZ_ALAS01000249.1
NZ_ALAS01000250.1	GCF_000290615.1	1121088	NZ_ALAS01000250.1
NZ_ALAS01000251.1	GCF_000290615.1	1121088	NZ_ALAS01000251.1
NZ_ALAS01000252.1	GCF_000290615.1	1121088	NZ_ALAS01000252.1
NZ_ALAS01000253.1	GCF_000290615.1	1121088	NZ_ALAS01000253.1
NZ_ALAS01000254.1	GCF_000290615.1	1121088	NZ_ALAS01000254.1
NZ_ALAS01000255.1	GCF_000290615.1	1121088	NZ_ALAS01000255.1
NZ_ALAS01000256.1	GCF_000290615.1	1121088	NZ_ALAS01000256.1
NZ_ALAS01000257.1	GCF_000290615.1	1121088	NZ_ALAS01000257.1
NZ_ALAS01000258.1	GCF_000290615.1	1121088	NZ_ALAS01000258.1
NZ_ALAS01000259.1	GCF_000290615.1	1121088	NZ_ALAS01000259.1
NZ_ALAS01000260.1	GCF_000290615.1	1121088	NZ_ALAS01000260.1
NZ_ALAS01000261.1	GCF_000290615.1	1121088	NZ_ALAS01000261.1
NZ_ALAS01000262.1	GCF_000290615.1	1121088	NZ_ALAS01000262.1
NZ_ALAS01000263.1	GCF_000290615.1	1121088	NZ_ALAS01000263.1
NZ_ALAS01000264.1	GCF_000290615.1	1121088	NZ_ALAS01000264.1
NZ_ALAS01000265.1	GCF_000290615.1	1121088	NZ_ALAS01000265.1
NZ_ALAS01000226.1	GCF_000290615.1	1121088	NZ_ALAS01000226.1
NZ_ALAS01000227.1	GCF_000290615.1	1121088	NZ_ALAS01000227.1
NZ_ALAS01000228.1	GCF_000290615.1	1121088	NZ_ALAS01000228.1
NZ_ALAS01000229.1	GCF_000290615.1	1121088	NZ_ALAS01000229.1
NZ_ALAS01000230.1	GCF_000290615.1	1121088	NZ_ALAS01000230.1
NZ_ALAS01000231.1	GCF_000290615.1	1121088	NZ_ALAS01000231.1
NZ_ALAS01000232.1	GCF_000290615.1	1121088	NZ_ALAS01000232.1
NZ_ALAS01000233.1	GCF_000290615.1	1121088	NZ_ALAS01000233.1
NZ_ALAS01000234.1	GCF_000290615.1	1121088	NZ_ALAS01000234.1
NZ_ALAS01000235.1	GCF_000290615.1	1121088	NZ_ALAS01000235.1
NZ_ALAS01000236.1	GCF_000290615.1	1121088	NZ_ALAS01000236.1
NZ_ALAS01000237.1	GCF_000290615.1	1121088	NZ_ALAS01000237.1
NZ_ALAS01000238.1	GCF_000290615.1	1121088	NZ_ALAS01000238.1
NZ_ALAS01000239.1	GCF_000290615.1	1121088	NZ_ALAS01000239.1
NZ_ALAS01000240.1	GCF_000290615.1	1121088	NZ_ALAS01000240.1
NZ_ALAS01000241.1	GCF_000290615.1	1121088	NZ_ALAS01000241.1
NZ_ALAS01000242.1	GCF_000290615.1	1121088	NZ_ALAS01000242.1
NZ_ALAS01000243.1	GCF_000290615.1	1121088	NZ_ALAS01000243.1
NZ_ALAS01000244.1	GCF_000290615.1	1121088	NZ_ALAS01000244.1
NZ_ALAS01000245.1	GCF_000290615.1	1121088	NZ_ALAS01000245.1
NZ_ALAS01000246.1	GCF_000290615.1	1121088	NZ_ALAS01000246.1
NZ_ALAS01000247.1	GCF_000290615.1	1121088	NZ_ALAS01000247.1
NZ_ALAS01000180.1	GCF_000290615.1	1121088	NZ_ALAS01000180.1
NZ_ALAS01000181.1	GCF_000290615.1	1121088	NZ_ALAS01000181.1
NZ_ALAS01000207.1	GCF_000290615.1	1121088	NZ_ALAS01000207.1
NZ_ALAS01000208.1	GCF_000290615.1	1121088	NZ_ALAS01000208.1
NZ_ALAS01000209.1	GCF_000290615.1	1121088	NZ_ALAS01000209.1
NZ_ALAS01000210.1	GCF_000290615.1	1121088	NZ_ALAS01000210.1
NZ_ALAS01000211.1	GCF_000290615.1	1121088	NZ_ALAS01000211.1
NZ_ALAS01000212.1	GCF_000290615.1	1121088	NZ_ALAS01000212.1
NZ_ALAS01000213.1	GCF_000290615.1	1121088	NZ_ALAS01000213.1
NZ_ALAS01000214.1	GCF_000290615.1	1121088	NZ_ALAS01000214.1
NZ_ALAS01000215.1	GCF_000290615.1	1121088	NZ_ALAS01000215.1
NZ_ALAS01000216.1	GCF_000290615.1	1121088	NZ_ALAS01000216.1
NZ_ALAS01000217.1	GCF_000290615.1	1121088	NZ_ALAS01000217.1
NZ_ALAS01000218.1	GCF_000290615.1	1121088	NZ_ALAS01000218.1
NZ_ALAS01000219.1	GCF_000290615.1	1121088	NZ_ALAS01000219.1
NZ_ALAS01000220.1	GCF_000290615.1	1121088	NZ_ALAS01000220.1
NZ_ALAS01000221.1	GCF_000290615.1	1121088	NZ_ALAS01000221.1
NZ_ALAS01000222.1	GCF_000290615.1	1121088	NZ_ALAS01000222.1
NZ_ALAS01000223.1	GCF_000290615.1	1121088	NZ_ALAS01000223.1
NZ_ALAS01000224.1	GCF_000290615.1	1121088	NZ_ALAS01000224.1
NZ_ALAS01000225.1	GCF_000290615.1	1121088	NZ_ALAS01000225.1
NZ_ALAS01000192.1	GCF_000290615.1	1121088	NZ_ALAS01000192.1
NZ_ALAS01000193.1	GCF_000290615.1	1121088	NZ_ALAS01000193.1
NZ_ALAS01000194.1	GCF_000290615.1	1121088	NZ_ALAS01000194.1
NZ_ALAS01000195.1	GCF_000290615.1	1121088	NZ_ALAS01000195.1
NZ_ALAS01000196.1	GCF_000290615.1	1121088	NZ_ALAS01000196.1
NZ_ALAS01000197.1	GCF_000290615.1	1121088	NZ_ALAS01000197.1
NZ_ALAS01000198.1	GCF_000290615.1	1121088	NZ_ALAS01000198.1
NZ_ALAS01000199.1	GCF_000290615.1	1121088	NZ_ALAS01000199.1
NZ_ALAS01000200.1	GCF_000290615.1	1121088	NZ_ALAS01000200.1
NZ_ALAS01000201.1	GCF_000290615.1	1121088	NZ_ALAS01000201.1
NZ_ALAS01000202.1	GCF_000290615.1	1121088	NZ_ALAS01000202.1
NZ_ALAS01000203.1	GCF_000290615.1	1121088	NZ_ALAS01000203.1
NZ_ALAS01000204.1	GCF_000290615.1	1121088	NZ_ALAS01000204.1
NZ_ALAS01000205.1	GCF_000290615.1	1121088	NZ_ALAS01000205.1
NZ_ALAS01000206.1	GCF_000290615.1	1121088	NZ_ALAS01000206.1
NZ_ALAS01000182.1	GCF_000290615.1	1121088	NZ_ALAS01000182.1
NZ_ALAS01000183.1	GCF_000290615.1	1121088	NZ_ALAS01000183.1
NZ_ALAS01000184.1	GCF_000290615.1	1121088	NZ_ALAS01000184.1
NZ_ALAS01000185.1	GCF_000290615.1	1121088	NZ_ALAS01000185.1
NZ_ALAS01000186.1	GCF_000290615.1	1121088	NZ_ALAS01000186.1
NZ_ALAS01000187.1	GCF_000290615.1	1121088	NZ_ALAS01000187.1
NZ_ALAS01000188.1	GCF_000290615.1	1121088	NZ_ALAS01000188.1
NZ_ALAS01000189.1	GCF_000290615.1	1121088	NZ_ALAS01000189.1
NZ_ALAS01000190.1	GCF_000290615.1	1121088	NZ_ALAS01000190.1
NZ_ALAS01000191.1	GCF_000290615.1	1121088	NZ_ALAS01000191.1
NZ_CP133475.1	GCF_044360185.1	1309	NZ_CP133475.1
NZ_CP085952.1	GCF_020736045.1	727	NZ_CP085952.1
NZ_UFRW01000002.1	GCF_900444725.1	470	NZ_UFRW01000002.1
NZ_UFRW01000001.1	GCF_900444725.1	470	NZ_UFRW01000001.1
NZ_CP053102.1	GCF_013009385.1	224308	NZ_CP053102.1
NC_003210.1	GCF_000196035.1	169963	NC_003210.1
NZ_CP077366.1	GCF_019048385.1	549	NZ_CP077366.1
NZ_CP077367.1	GCF_019048385.1	549	NZ_CP077367.1
NZ_CP077368.1	GCF_019048385.1	549	NZ_CP077368.1
NZ_BCZU01000001.1	GCF_001598895.1	1223504	NZ_BCZU01000001.1
NZ_BCZU01000002.1	GCF_001598895.1	1223504	NZ_BCZU01000002.1
NZ_BCZU01000003.1	GCF_001598895.1	1223504	NZ_BCZU01000003.1
NZ_BCZU01000004.1	GCF_001598895.1	1223504	NZ_BCZU01000004.1
NZ_BCZU01000005.1	GCF_001598895.1	1223504	NZ_BCZU01000005.1
NZ_BCZU01000006.1	GCF_001598895.1	1223504	NZ_BCZU01000006.1
NZ_BCZU01000007.1	GCF_001598895.1	1223504	NZ_BCZU01000007.1
NZ_BCZU01000008.1	GCF_001598895.1	1223504	NZ_BCZU01000008.1
NZ_BCZU01000009.1	GCF_001598895.1	1223504	NZ_BCZU01000009.1
NZ_BCZU01000010.1	GCF_001598895.1	1223504	NZ_BCZU01000010.1
NZ_BCZU01000011.1	GCF_001598895.1	1223504	NZ_BCZU01000011.1
NZ_BCZU01000012.1	GCF_001598895.1	1223504	NZ_BCZU01000012.1
NZ_BCZU01000013.1	GCF_001598895.1	1223504	NZ_BCZU01000013.1
NZ_BCZU01000014.1	GCF_001598895.1	1223504	NZ_BCZU01000014.1
NZ_BCZU01000015.1	GCF_001598895.1	1223504	NZ_BCZU01000015.1
NZ_BCZU01000016.1	GCF_001598895.1	1223504	NZ_BCZU01000016.1
NZ_BCZU01000017.1	GCF_001598895.1	1223504	NZ_BCZU01000017.1
NZ_BCZU01000018.1	GCF_001598895.1	1223504	NZ_BCZU01000018.1
NZ_BCZU01000019.1	GCF_001598895.1	1223504	NZ_BCZU01000019.1
NZ_BCZU01000020.1	GCF_001598895.1	1223504	NZ_BCZU01000020.1
NZ_BCZU01000021.1	GCF_001598895.1	1223504	NZ_BCZU01000021.1
NZ_BCZU01000022.1	GCF_001598895.1	1223504	NZ_BCZU01000022.1
NZ_BCZU01000023.1	GCF_001598895.1	1223504	NZ_BCZU01000023.1
NZ_BCZU01000024.1	GCF_001598895.1	1223504	NZ_BCZU01000024.1
NZ_BCZU01000025.1	GCF_001598895.1	1223504	NZ_BCZU01000025.1
NC_015663.1	GCF_000215745.1	1028307	NC_015663.1
NC_004310.3	GCF_000007505.1	204722	NC_004310.3
NC_004311.2	GCF_000007505.1	204722	NC_004311.2
NZ_AP014680.1	GCF_000829395.1	1291742	NZ_AP014680.1
NZ_AP014681.1	GCF_000829395.1	1291742	NZ_AP014681.1
NZ_AP014682.1	GCF_000829395.1	1291742	NZ_AP014682.1
NC_000964.3	GCF_000009045.1	224308	NC_000964.3
NZ_BBTN01000053.1	GCF_000931755.1	470	NZ_BBTN01000053.1
NZ_BBTN01000052.1	GCF_000931755.1	470	NZ_BBTN01000052.1
NZ_BBTN01000051.1	GCF_000931755.1	470	NZ_BBTN01000051.1
NZ_BBTN01000050.1	GCF_000931755.1	470	NZ_BBTN01000050.1
NZ_BBTN01000049.1	GCF_000931755.1	470	NZ_BBTN01000049.1
NZ_BBTN01000048.1	GCF_000931755.1	470	NZ_BBTN01000048.1
NZ_BBTN01000047.1	GCF_000931755.1	470	NZ_BBTN01000047.1
NZ_BBTN01000046.1	GCF_000931755.1	470	NZ_BBTN01000046.1
NZ_BBTN01000045.1	GCF_000931755.1	470	NZ_BBTN01000045.1
NZ_BBTN01000044.1	GCF_000931755.1	470	NZ_BBTN01000044.1
NZ_BBTN01000043.1	GCF_000931755.1	470	NZ_BBTN01000043.1
NZ_BBTN01000042.1	GCF_000931755.1	470	NZ_BBTN01000042.1
NZ_BBTN01000041.1	GCF_000931755.1	470	NZ_BBTN01000041.1
NZ_BBTN01000040.1	GCF_000931755.1	470	NZ_BBTN01000040.1
NZ_BBTN01000039.1	GCF_000931755.1	470	NZ_BBTN01000039.1
NZ_BBTN01000038.1	GCF_000931755.1	470	NZ_BBTN01000038.1
NZ_BBTN01000037.1	GCF_000931755.1	470	NZ_BBTN01000037.1
NZ_BBTN01000036.1	GCF_000931755.1	470	NZ_BBTN01000036.1
NZ_BBTN01000035.1	GCF_000931755.1	470	NZ_BBTN01000035.1
NZ_BBTN01000034.1	GCF_000931755.1	470	NZ_BBTN01000034.1
NZ_BBTN01000033.1	GCF_000931755.1	470	NZ_BBTN01000033.1
NZ_BBTN01000032.1	GCF_000931755.1	470	NZ_BBTN01000032.1
NZ_BBTN01000031.1	GCF_000931755.1	470	NZ_BBTN01000031.1
NZ_BBTN01000030.1	GCF_000931755.1	470	NZ_BBTN01000030.1
NZ_BBTN01000029.1	GCF_000931755.1	470	NZ_BBTN01000029.1
NZ_BBTN01000028.1	GCF_000931755.1	470	NZ_BBTN01000028.1
NZ_BBTN01000027.1	GCF_000931755.1	470	NZ_BBTN01000027.1
NZ_BBTN01000026.1	GCF_000931755.1	470	NZ_BBTN01000026.1
NZ_BBTN01000025.1	GCF_000931755.1	470	NZ_BBTN01000025.1
NZ_BBTN01000024.1	GCF_000931755.1	470	NZ_BBTN01000024.1
NZ_BBTN01000023.1	GCF_000931755.1	470	NZ_BBTN01000023.1
NZ_BBTN01000022.1	GCF_000931755.1	470	NZ_BBTN01000022.1
NZ_BBTN01000021.1	GCF_000931755.1	470	NZ_BBTN01000021.1
NZ_BBTN01000020.1	GCF_000931755.1	470	NZ_BBTN01000020.1
NZ_BBTN01000019.1	GCF_000931755.1	470	NZ_BBTN01000019.1
NZ_BBTN01000001.1	GCF_000931755.1	470	NZ_BBTN01000001.1
NZ_BBTN01000018.1	GCF_000931755.1	470	NZ_BBTN01000018.1
NZ_BBTN01000017.1	GCF_000931755.1	470	NZ_BBTN01000017.1
NZ_BBTN01000011.1	GCF_000931755.1	470	NZ_BBTN01000011.1
NZ_BBTN01000016.1	GCF_000931755.1	470	NZ_BBTN01000016.1
NZ_BBTN01000015.1	GCF_000931755.1	470	NZ_BBTN01000015.1
NZ_BBTN01000012.1	GCF_000931755.1	470	NZ_BBTN01000012.1
NZ_BBTN01000013.1	GCF_000931755.1	470	NZ_BBTN01000013.1
NZ_BBTN01000014.1	GCF_000931755.1	470	NZ_BBTN01000014.1
NZ_BBTN01000010.1	GCF_000931755.1	470	NZ_BBTN01000010.1
NZ_BBTN01000008.1	GCF_000931755.1	470	NZ_BBTN01000008.1
NZ_BBTN01000009.1	GCF_000931755.1	470	NZ_BBTN01000009.1
NZ_BBTN01000002.1	GCF_000931755.1	470	NZ_BBTN01000002.1
NZ_BBTN01000007.1	GCF_000931755.1	470	NZ_BBTN01000007.1
NZ_BBTN01000006.1	GCF_000931755.1	470	NZ_BBTN01000006.1
NZ_BBTN01000003.1	GCF_000931755.1	470	NZ_BBTN01000003.1
NZ_BBTN01000005.1	GCF_000931755.1	470	NZ_BBTN01000005.1
NZ_BBTN01000004.1	GCF_000931755.1	470	NZ_BBTN01000004.1
NZ_CP086003.1	GCF_020736665.1	1504	NZ_CP086003.1
NZ_DAILOR010000001.1	GCF_024618585.1	470	NZ_DAILOR010000001.1
NZ_DAILOR010000002.1	GCF_024618585.1	470	NZ_DAILOR010000002.1
NZ_DAILOR010000003.1	GCF_024618585.1	470	NZ_DAILOR010000003.1
NZ_DAILOR010000004.1	GCF_024618585.1	470	NZ_DAILOR010000004.1
NZ_DAILOR010000005.1	GCF_024618585.1	470	NZ_DAILOR010000005.1
NZ_DAILOR010000006.1	GCF_024618585.1	470	NZ_DAILOR010000006.1
NZ_DAILOR010000007.1	GCF_024618585.1	470	NZ_DAILOR010000007.1
NZ_DAILOR010000008.1	GCF_024618585.1	470	NZ_DAILOR010000008.1
NZ_DAILOR010000009.1	GCF_024618585.1	470	NZ_DAILOR010000009.1
NZ_DAILOR010000010.1	GCF_024618585.1	470	NZ_DAILOR010000010.1
NZ_DAILOR010000011.1	GCF_024618585.1	470	NZ_DAILOR010000011.1
NZ_DAILOR010000012.1	GCF_024618585.1	470	NZ_DAILOR010000012.1
NZ_DAILOR010000013.1	GCF_024618585.1	470	NZ_DAILOR010000013.1
NZ_DAILOR010000091.1	GCF_024618585.1	470	NZ_DAILOR010000091.1
NZ_DAILOR010000092.1	GCF_024618585.1	470	NZ_DAILOR010000092.1
NZ_DAILOR010000093.1	GCF_024618585.1	470	NZ_DAILOR010000093.1
NZ_DAILOR010000014.1	GCF_024618585.1	470	NZ_DAILOR010000014.1
NZ_DAILOR010000085.1	GCF_024618585.1	470	NZ_DAILOR010000085.1
NZ_DAILOR010000086.1	GCF_024618585.1	470	NZ_DAILOR010000086.1
NZ_DAILOR010000087.1	GCF_024618585.1	470	NZ_DAILOR010000087.1
NZ_DAILOR010000088.1	GCF_024618585.1	470	NZ_DAILOR010000088.1
NZ_DAILOR010000089.1	GCF_024618585.1	470	NZ_DAILOR010000089.1
NZ_DAILOR010000090.1	GCF_024618585.1	470	NZ_DAILOR010000090.1
NZ_DAILOR010000079.1	GCF_024618585.1	470	NZ_DAILOR010000079.1
NZ_DAILOR010000080.1	GCF_024618585.1	470	NZ_DAILOR010000080.1
NZ_DAILOR010000081.1	GCF_024618585.1	470	NZ_DAILOR010000081.1
NZ_DAILOR010000082.1	GCF_024618585.1	470	NZ_DAILOR010000082.1
NZ_DAILOR010000083.1	GCF_024618585.1	470	NZ_DAILOR010000083.1
NZ_DAILOR010000084.1	GCF_024618585.1	470	NZ_DAILOR010000084.1
NZ_DAILOR010000015.1	GCF_024618585.1	470	NZ_DAILOR010000015.1
NZ_DAILOR010000016.1	GCF_024618585.1	470	NZ_DAILOR010000016.1
NZ_DAILOR010000078.1	GCF_024618585.1	470	NZ_DAILOR010000078.1
NZ_DAILOR010000075.1	GCF_024618585.1	470	NZ_DAILOR010000075.1
NZ_DAILOR010000076.1	GCF_024618585.1	470	NZ_DAILOR010000076.1
NZ_DAILOR010000077.1	GCF_024618585.1	470	NZ_DAILOR010000077.1
NZ_DAILOR010000017.1	GCF_024618585.1	470	NZ_DAILOR010000017.1
NZ_DAILOR010000071.1	GCF_024618585.1	470	NZ_DAILOR010000071.1
NZ_DAILOR010000072.1	GCF_024618585.1	470	NZ_DAILOR010000072.1
NZ_DAILOR010000073.1	GCF_024618585.1	470	NZ_DAILOR010000073.1
NZ_DAILOR010000074.1	GCF_024618585.1	470	NZ_DAILOR010000074.1
NZ_DAILOR010000065.1	GCF_024618585.1	470	NZ_DAILOR010000065.1
NZ_DAILOR010000066.1	GCF_024618585.1	470	NZ_DAILOR010000066.1
NZ_DAILOR010000067.1	GCF_024618585.1	470	NZ_DAILOR010000067.1
NZ_DAILOR010000068.1	GCF_024618585.1	470	NZ_DAILOR010000068.1
NZ_DAILOR010000069.1	GCF_024618585.1	470	NZ_DAILOR010000069.1
NZ_DAILOR010000070.1	GCF_024618585.1	470	NZ_DAILOR010000070.1
NZ_DAILOR010000062.1	GCF_024618585.1	470	NZ_DAILOR010000062.1
NZ_DAILOR010000063.1	GCF_024618585.1	470	NZ_DAILOR010000063.1
NZ_DAILOR010000064.1	GCF_024618585.1	470	NZ_DAILOR010000064.1
NZ_DAILOR010000018.1	GCF_024618585.1	470	NZ_DAILOR010000018.1
NZ_DAILOR010000058.1	GCF_024618585.1	470	NZ_DAILOR010000058.1
NZ_DAILOR010000059.1	GCF_024618585.1	470	NZ_DAILOR010000059.1
NZ_DAILOR010000060.1	GCF_024618585.1	470	NZ_DAILOR010000060.1
NZ_DAILOR010000061.1	GCF_024618585.1	470	NZ_DAILOR010000061.1
NZ_DAILOR010000053.1	GCF_024618585.1	470	NZ_DAILOR010000053.1
NZ_DAILOR010000054.1	GCF_024618585.1	470	NZ_DAILOR010000054.1
NZ_DAILOR010000055.1	GCF_024618585.1	470	NZ_DAILOR010000055.1
NZ_DAILOR010000056.1	GCF_024618585.1	470	NZ_DAILOR010000056.1
NZ_DAILOR010000057.1	GCF_024618585.1	470	NZ_DAILOR010000057.1
NZ_DAILOR010000019.1	GCF_024618585.1	470	NZ_DAILOR010000019.1
NZ_DAILOR010000020.1	GCF_024618585.1	470	NZ_DAILOR010000020.1
NZ_DAILOR010000021.1	GCF_024618585.1	470	NZ_DAILOR010000021.1
NZ_DAILOR010000028.1	GCF_024618585.1	470	NZ_DAILOR010000028.1
NZ_DAILOR010000029.1	GCF_024618585.1	470	NZ_DAILOR010000029.1
NZ_DAILOR010000051.1	GCF_024618585.1	470	NZ_DAILOR010000051.1
NZ_DAILOR010000052.1	GCF_024618585.1	470	NZ_DAILOR010000052.1
NZ_DAILOR010000026.1	GCF_024618585.1	470	NZ_DAILOR010000026.1
NZ_DAILOR010000027.1	GCF_024618585.1	470	NZ_DAILOR010000027.1
NZ_DAILOR010000022.1	GCF_024618585.1	470	NZ_DAILOR010000022.1
NZ_DAILOR010000024.1	GCF_024618585.1	470	NZ_DAILOR010000024.1
NZ_DAILOR010000025.1	GCF_024618585.1	470	NZ_DAILOR010000025.1
NZ_DAILOR010000023.1	GCF_024618585.1	470	NZ_DAILOR010000023.1
NZ_DAILOR010000032.1	GCF_024618585.1	470	NZ_DAILOR010000032.1
NZ_DAILOR010000033.1	GCF_024618585.1	470	NZ_DAILOR010000033.1
NZ_DAILOR010000034.1	GCF_024618585.1	470	NZ_DAILOR010000034.1
NZ_DAILOR010000035.1	GCF_024618585.1	470	NZ_DAILOR010000035.1
NZ_DAILOR010000030.1	GCF_024618585.1	470	NZ_DAILOR010000030.1
NZ_DAILOR010000031.1	GCF_024618585.1	470	NZ_DAILOR010000031.1
NZ_DAILOR010000047.1	GCF_024618585.1	470	NZ_DAILOR010000047.1
NZ_DAILOR010000048.1	GCF_024618585.1	470	NZ_DAILOR010000048.1
NZ_DAILOR010000049.1	GCF_024618585.1	470	NZ_DAILOR010000049.1
NZ_DAILOR010000050.1	GCF_024618585.1	470	NZ_DAILOR010000050.1
NZ_DAILOR010000036.1	GCF_024618585.1	470	NZ_DAILOR010000036.1
NZ_DAILOR010000037.1	GCF_024618585.1	470	NZ_DAILOR010000037.1
NZ_DAILOR010000038.1	GCF_024618585.1	470	NZ_DAILOR010000038.1
NZ_DAILOR010000046.1	GCF_024618585.1	470	NZ_DAILOR010000046.1
NZ_DAILOR010000039.1	GCF_024618585.1	470	NZ_DAILOR010000039.1
NZ_DAILOR010000044.1	GCF_024618585.1	470	NZ_DAILOR010000044.1
NZ_DAILOR010000045.1	GCF_024618585.1	470	NZ_DAILOR010000045.1
NZ_DAILOR010000040.1	GCF_024618585.1	470	NZ_DAILOR010000040.1
NZ_DAILOR010000041.1	GCF_024618585.1	470	NZ_DAILOR010000041.1
NZ_DAILOR010000042.1	GCF_024618585.1	470	NZ_DAILOR010000042.1
NZ_DAILOR010000043.1	GCF_024618585.1	470	NZ_DAILOR010000043.1
NZ_DAILOR010000094.1	GCF_024618585.1	470	NZ_DAILOR010000094.1
NZ_DAILOR010000095.1	GCF_024618585.1	470	NZ_DAILOR010000095.1
NZ_DAILOR010000096.1	GCF_024618585.1	470	NZ_DAILOR010000096.1
NZ_DAILOR010000097.1	GCF_024618585.1	470	NZ_DAILOR010000097.1
NZ_DAILOR010000222.1	GCF_024618585.1	470	NZ_DAILOR010000222.1
NZ_DAILOR010000223.1	GCF_024618585.1	470	NZ_DAILOR010000223.1
NZ_DAILOR010000224.1	GCF_024618585.1	470	NZ_DAILOR010000224.1
NZ_DAILOR010000225.1	GCF_024618585.1	470	NZ_DAILOR010000225.1
NZ_DAILOR010000226.1	GCF_024618585.1	470	NZ_DAILOR010000226.1
NZ_DAILOR010000227.1	GCF_024618585.1	470	NZ_DAILOR010000227.1
NZ_DAILOR010000228.1	GCF_024618585.1	470	NZ_DAILOR010000228.1
NZ_DAILOR010000229.1	GCF_024618585.1	470	NZ_DAILOR010000229.1
NZ_DAILOR010000230.1	GCF_024618585.1	470	NZ_DAILOR010000230.1
NZ_DAILOR010000231.1	GCF_024618585.1	470	NZ_DAILOR010000231.1
NZ_DAILOR010000232.1	GCF_024618585.1	470	NZ_DAILOR010000232.1
NZ_DAILOR010000233.1	GCF_024618585.1	470	NZ_DAILOR010000233.1
NZ_DAILOR010000234.1	GCF_024618585.1	470	NZ_DAILOR010000234.1
NZ_DAILOR010000235.1	GCF_024618585.1	470	NZ_DAILOR010000235.1
NZ_DAILOR010000098.1	GCF_024618585.1	470	NZ_DAILOR010000098.1
NZ_DAILOR010000099.1	GCF_024618585.1	470	NZ_DAILOR010000099.1
NZ_DAILOR010000205.1	GCF_024618585.1	470	NZ_DAILOR010000205.1
NZ_DAILOR010000206.1	GCF_024618585.1	470	NZ_DAILOR010000206.1
NZ_DAILOR010000207.1	GCF_024618585.1	470	NZ_DAILOR010000207.1
NZ_DAILOR010000208.1	GCF_024618585.1	470	NZ_DAILOR010000208.1
NZ_DAILOR010000209.1	GCF_024618585.1	470	NZ_DAILOR010000209.1
NZ_DAILOR010000210.1	GCF_024618585.1	470	NZ_DAILOR010000210.1
NZ_DAILOR010000211.1	GCF_024618585.1	470	NZ_DAILOR010000211.1
NZ_DAILOR010000212.1	GCF_024618585.1	470	NZ_DAILOR010000212.1
NZ_DAILOR010000213.1	GCF_024618585.1	470	NZ_DAILOR010000213.1
NZ_DAILOR010000214.1	GCF_024618585.1	470	NZ_DAILOR010000214.1
NZ_DAILOR010000215.1	GCF_024618585.1	470	NZ_DAILOR010000215.1
NZ_DAILOR010000216.1	GCF_024618585.1	470	NZ_DAILOR010000216.1
NZ_DAILOR010000217.1	GCF_024618585.1	470	NZ_DAILOR010000217.1
NZ_DAILOR010000218.1	GCF_024618585.1	470	NZ_DAILOR010000218.1
NZ_DAILOR010000219.1	GCF_024618585.1	470	NZ_DAILOR010000219.1
NZ_DAILOR010000220.1	GCF_024618585.1	470	NZ_DAILOR010000220.1
NZ_DAILOR010000221.1	GCF_024618585.1	470	NZ_DAILOR010000221.1
NZ_DAILOR010000187.1	GCF_024618585.1	470	NZ_DAILOR010000187.1
NZ_DAILOR010000188.1	GCF_024618585.1	470	NZ_DAILOR010000188.1
NZ_DAILOR010000189.1	GCF_024618585.1	470	NZ_DAILOR010000189.1
NZ_DAILOR010000190.1	GCF_024618585.1	470	NZ_DAILOR010000190.1
NZ_DAILOR010000191.1	GCF_024618585.1	470	NZ_DAILOR010000191.1
NZ_DAILOR010000192.1	GCF_024618585.1	470	NZ_DAILOR010000192.1
NZ_DAILOR010000193.1	GCF_024618585.1	470	NZ_DAILOR010000193.1
NZ_DAILOR010000194.1	GCF_024618585.1	470	NZ_DAILOR010000194.1
NZ_DAILOR010000195.1	GCF_024618585.1	470	NZ_DAILOR010000195.1
NZ_DAILOR010000196.1	GCF_024618585.1	470	NZ_DAILOR010000196.1
NZ_DAILOR010000197.1	GCF_024618585.1	470	NZ_DAILOR010000197.1
NZ_DAILOR010000198.1	GCF_024618585.1	470	NZ_DAILOR010000198.1
NZ_DAILOR010000199.1	GCF_024618585.1	470	NZ_DAILOR010000199.1
NZ_DAILOR010000200.1	GCF_024618585.1	470	NZ_DAILOR010000200.1
NZ_DAILOR010000201.1	GCF_024618585.1	470	NZ_DAILOR010000201.1
NZ_DAILOR010000202.1	GCF_024618585.1	470	NZ_DAILOR010000202.1
NZ_DAILOR010000203.1	GCF_024618585.1	470	NZ_DAILOR010000203.1
NZ_DAILOR010000204.1	GCF_024618585.1	470	NZ_DAILOR010000204.1
NZ_DAILOR010000100.1	GCF_024618585.1	470	NZ_DAILOR010000100.1
NZ_DAILOR010000168.1	GCF_024618585.1	470	NZ_DAILOR010000168.1
NZ_DAILOR010000169.1	GCF_024618585.1	470	NZ_DAILOR010000169.1
NZ_DAILOR010000170.1	GCF_024618585.1	470	NZ_DAILOR010000170.1
NZ_DAILOR010000171.1	GCF_024618585.1	470	NZ_DAILOR010000171.1
NZ_DAILOR010000172.1	GCF_024618585.1	470	NZ_DAILOR010000172.1
NZ_DAILOR010000173.1	GCF_024618585.1	470	NZ_DAILOR010000173.1
NZ_DAILOR010000174.1	GCF_024618585.1	470	NZ_DAILOR010000174.1
NZ_DAILOR010000175.1	GCF_024618585.1	470	NZ_DAILOR010000175.1
NZ_DAILOR010000176.1	GCF_024618585.1	470	NZ_DAILOR010000176.1
NZ_DAILOR010000177.1	GCF_024618585.1	470	NZ_DAILOR010000177.1
NZ_DAILOR010000178.1	GCF_024618585.1	470	NZ_DAILOR010000178.1
NZ_DAILOR010000179.1	GCF_024618585.1	470	NZ_DAILOR010000179.1
NZ_DAILOR010000180.1	GCF_024618585.1	470	NZ_DAILOR010000180.1
NZ_DAILOR010000181.1	GCF_024618585.1	470	NZ_DAILOR010000181.1
NZ_DAILOR010000182.1	GCF_024618585.1	470	NZ_DAILOR010000182.1
NZ_DAILOR010000183.1	GCF_024618585.1	470	NZ_DAILOR010000183.1
NZ_DAILOR010000184.1	GCF_024618585.1	470	NZ_DAILOR010000184.1
NZ_DAILOR010000185.1	GCF_024618585.1	470	NZ_DAILOR010000185.1
NZ_DAILOR010000186.1	GCF_024618585.1	470	NZ_DAILOR010000186.1
NZ_DAILOR010000149.1	GCF_024618585.1	470	NZ_DAILOR010000149.1
NZ_DAILOR010000150.1	GCF_024618585.1	470	NZ_DAILOR010000150.1
NZ_DAILOR010000151.1	GCF_024618585.1	470	NZ_DAILOR010000151.1
NZ_DAILOR010000152.1	GCF_024618585.1	470	NZ_DAILOR010000152.1
NZ_DAILOR010000153.1	GCF_024618585.1	470	NZ_DAILOR010000153.1
NZ_DAILOR010000154.1	GCF_024618585.1	470	NZ_DAILOR010000154.1
NZ_DAILOR010000155.1	GCF_024618585.1	470	NZ_DAILOR010000155.1
NZ_DAILOR010000156.1	GCF_024618585.1	470	NZ_DAILOR010000156.1
NZ_DAILOR010000157.1	GCF_024618585.1	470	NZ_DAILOR010000157.1
NZ_DAILOR010000158.1	GCF_024618585.1	470	NZ_DAILOR010000158.1
NZ_DAILOR010000159.1	GCF_024618585.1	470	NZ_DAILOR010000159.1
NZ_DAILOR010000160.1	GCF_024618585.1	470	NZ_DAILOR010000160.1
NZ_DAILOR010000161.1	GCF_024618585.1	470	NZ_DAILOR010000161.1
NZ_DAILOR010000162.1	GCF_024618585.1	470	NZ_DAILOR010000162.1
NZ_DAILOR010000163.1	GCF_024618585.1	470	NZ_DAILOR010000163.1
NZ_DAILOR010000164.1	GCF_024618585.1	470	NZ_DAILOR010000164.1
NZ_DAILOR010000165.1	GCF_024618585.1	470	NZ_DAILOR010000165.1
NZ_DAILOR010000166.1	GCF_024618585.1	470	NZ_DAILOR010000166.1
NZ_DAILOR010000167.1	GCF_024618585.1	470	NZ_DAILOR010000167.1
NZ_DAILOR010000101.1	GCF_024618585.1	470	NZ_DAILOR010000101.1
NZ_DAILOR010000102.1	GCF_024618585.1	470	NZ_DAILOR010000102.1
NZ_DAILOR010000130.1	GCF_024618585.1	470	NZ_DAILOR010000130.1
NZ_DAILOR010000131.1	GCF_024618585.1	470	NZ_DAILOR010000131.1
NZ_DAILOR010000132.1	GCF_024618585.1	470	NZ_DAILOR010000132.1
NZ_DAILOR010000133.1	GCF_024618585.1	470	NZ_DAILOR010000133.1
NZ_DAILOR010000134.1	GCF_024618585.1	470	NZ_DAILOR010000134.1
NZ_DAILOR010000135.1	GCF_024618585.1	470	NZ_DAILOR010000135.1
NZ_DAILOR010000136.1	GCF_024618585.1	470	NZ_DAILOR010000136.1
NZ_DAILOR010000137.1	GCF_024618585.1	470	NZ_DAILOR010000137.1
NZ_DAILOR010000138.1	GCF_024618585.1	470	NZ_DAILOR010000138.1
NZ_DAILOR010000139.1	GCF_024618585.1	470	NZ_DAILOR010000139.1
NZ_DAILOR010000140.1	GCF_024618585.1	470	NZ_DAILOR010000140.1
NZ_DAILOR010000141.1	GCF_024618585.1	470	NZ_DAILOR010000141.1
NZ_DAILOR010000142.1	GCF_024618585.1	470	NZ_DAILOR010000142.1
NZ_DAILOR010000143.1	GCF_024618585.1	470	NZ_DAILOR010000143.1
NZ_DAILOR010000144.1	GCF_024618585.1	470	NZ_DAILOR010000144.1
NZ_DAILOR010000145.1	GCF_024618585.1	470	NZ_DAILOR010000145.1
NZ_DAILOR010000146.1	GCF_024618585.1	470	NZ_DAILOR010000146.1
NZ_DAILOR010000147.1	GCF_024618585.1	470	NZ_DAILOR010000147.1
NZ_DAILOR010000148.1	GCF_024618585.1	470	NZ_DAILOR010000148.1
NZ_DAILOR010000113.1	GCF_024618585.1	470	NZ_DAILOR010000113.1
NZ_DAILOR010000114.1	GCF_024618585.1	470	NZ_DAILOR010000114.1
NZ_DAILOR010000115.1	GCF_024618585.1	470	NZ_DAILOR010000115.1
NZ_DAILOR010000116.1	GCF_024618585.1	470	NZ_DAILOR010000116.1
NZ_DAILOR010000117.1	GCF_024618585.1	470	NZ_DAILOR010000117.1
NZ_DAILOR010000118.1	GCF_024618585.1	470	NZ_DAILOR010000118.1
NZ_DAILOR010000119.1	GCF_024618585.1	470	NZ_DAILOR010000119.1
NZ_DAILOR010000120.1	GCF_024618585.1	470	NZ_DAILOR010000120.1
NZ_DAILOR010000121.1	GCF_024618585.1	470	NZ_DAILOR010000121.1
NZ_DAILOR010000122.1	GCF_024618585.1	470	NZ_DAILOR010000122.1
NZ_DAILOR010000123.1	GCF_024618585.1	470	NZ_DAILOR010000123.1
NZ_DAILOR010000124.1	GCF_024618585.1	470	NZ_DAILOR010000124.1
NZ_DAILOR010000125.1	GCF_024618585.1	470	NZ_DAILOR010000125.1
NZ_DAILOR010000126.1	GCF_024618585.1	470	NZ_DAILOR010000126.1
NZ_DAILOR010000127.1	GCF_024618585.1	470	NZ_DAILOR010000127.1
NZ_DAILOR010000128.1	GCF_024618585.1	470	NZ_DAILOR010000128.1
NZ_DAILOR010000129.1	GCF_024618585.1	470	NZ_DAILOR010000129.1
NZ_DAILOR010000103.1	GCF_024618585.1	470	NZ_DAILOR010000103.1
NZ_DAILOR010000104.1	GCF_024618585.1	470	NZ_DAILOR010000104.1
NZ_DAILOR010000105.1	GCF_024618585.1	470	NZ_DAILOR010000105.1
NZ_DAILOR010000106.1	GCF_024618585.1	470	NZ_DAILOR010000106.1
NZ_DAILOR010000107.1	GCF_024618585.1	470	NZ_DAILOR010000107.1
NZ_DAILOR010000108.1	GCF_024618585.1	470	NZ_DAILOR010000108.1
NZ_DAILOR010000109.1	GCF_024618585.1	470	NZ_DAILOR010000109.1
NZ_DAILOR010000110.1	GCF_024618585.1	470	NZ_DAILOR010000110.1
NZ_DAILOR010000111.1	GCF_024618585.1	470	NZ_DAILOR010000111.1
NZ_DAILOR010000112.1	GCF_024618585.1	470	NZ_DAILOR010000112.1
NZ_CP083633.1	GCF_020099175.1	1463165	NZ_CP083633.1
NZ_CP083634.1	GCF_020099175.1	1463165	NZ_CP083634.1
NZ_CP083635.1	GCF_020099175.1	1463165	NZ_CP083635.1
NC_003317.1	GCF_000007125.1	224914	NC_003317.1
NC_003318.1	GCF_000007125.1	224914	NC_003318.1
NZ_LQXF01000001.1	GCF_001679535.1	1313	NZ_LQXF01000001.1
NZ_LQXF01000002.1	GCF_001679535.1	1313	NZ_LQXF01000002.1
NZ_LQXF01000003.1	GCF_001679535.1	1313	NZ_LQXF01000003.1
NZ_LQXF01000004.1	GCF_001679535.1	1313	NZ_LQXF01000004.1
NZ_LQXF01000091.1	GCF_001679535.1	1313	NZ_LQXF01000091.1
NZ_LQXF01000092.1	GCF_001679535.1	1313	NZ_LQXF01000092.1
NZ_LQXF01000093.1	GCF_001679535.1	1313	NZ_LQXF01000093.1
NZ_LQXF01000094.1	GCF_001679535.1	1313	NZ_LQXF01000094.1
NZ_LQXF01000095.1	GCF_001679535.1	1313	NZ_LQXF01000095.1
NZ_LQXF01000096.1	GCF_001679535.1	1313	NZ_LQXF01000096.1
NZ_LQXF01000097.1	GCF_001679535.1	1313	NZ_LQXF01000097.1
NZ_LQXF01000098.1	GCF_001679535.1	1313	NZ_LQXF01000098.1
NZ_LQXF01000083.1	GCF_001679535.1	1313	NZ_LQXF01000083.1
NZ_LQXF01000084.1	GCF_001679535.1	1313	NZ_LQXF01000084.1
NZ_LQXF01000085.1	GCF_001679535.1	1313	NZ_LQXF01000085.1
NZ_LQXF01000086.1	GCF_001679535.1	1313	NZ_LQXF01000086.1
NZ_LQXF01000087.1	GCF_001679535.1	1313	NZ_LQXF01000087.1
NZ_LQXF01000088.1	GCF_001679535.1	1313	NZ_LQXF01000088.1
NZ_LQXF01000089.1	GCF_001679535.1	1313	NZ_LQXF01000089.1
NZ_LQXF01000090.1	GCF_001679535.1	1313	NZ_LQXF01000090.1
NZ_LQXF01000005.1	GCF_001679535.1	1313	NZ_LQXF01000005.1
NZ_LQXF01000006.1	GCF_001679535.1	1313	NZ_LQXF01000006.1
NZ_LQXF01000082.1	GCF_001679535.1	1313	NZ_LQXF01000082.1
NZ_LQXF01000075.1	GCF_001679535.1	1313	NZ_LQXF01000075.1
NZ_LQXF01000076.1	GCF_001679535.1	1313	NZ_LQXF01000076.1
NZ_LQXF01000077.1	GCF_001679535.1	1313	NZ_LQXF01000077.1
NZ_LQXF01000078.1	GCF_001679535.1	1313	NZ_LQXF01000078.1
NZ_LQXF01000079.1	GCF_001679535.1	1313	NZ_LQXF01000079.1
NZ_LQXF01000080.1	GCF_001679535.1	1313	NZ_LQXF01000080.1
NZ_LQXF01000081.1	GCF_001679535.1	1313	NZ_LQXF01000081.1
NZ_LQXF01000007.1	GCF_001679535.1	1313	NZ_LQXF01000007.1
NZ_LQXF01000064.1	GCF_001679535.1	1313	NZ_LQXF01000064.1
NZ_LQXF01000065.1	GCF_001679535.1	1313	NZ_LQXF01000065.1
NZ_LQXF01000066.1	GCF_001679535.1	1313	NZ_LQXF01000066.1
NZ_LQXF01000067.1	GCF_001679535.1	1313	NZ_LQXF01000067.1
NZ_LQXF01000068.1	GCF_001679535.1	1313	NZ_LQXF01000068.1
NZ_LQXF01000069.1	GCF_001679535.1	1313	NZ_LQXF01000069.1
NZ_LQXF01000070.1	GCF_001679535.1	1313	NZ_LQXF01000070.1
NZ_LQXF01000071.1	GCF_001679535.1	1313	NZ_LQXF01000071.1
NZ_LQXF01000072.1	GCF_001679535.1	1313	NZ_LQXF01000072.1
NZ_LQXF01000073.1	GCF_001679535.1	1313	NZ_LQXF01000073.1
NZ_LQXF01000074.1	GCF_001679535.1	1313	NZ_LQXF01000074.1
NZ_LQXF01000054.1	GCF_001679535.1	1313	NZ_LQXF01000054.1
NZ_LQXF01000055.1	GCF_001679535.1	1313	NZ_LQXF01000055.1
NZ_LQXF01000056.1	GCF_001679535.1	1313	NZ_LQXF01000056.1
NZ_LQXF01000057.1	GCF_001679535.1	1313	NZ_LQXF01000057.1
NZ_LQXF01000058.1	GCF_001679535.1	1313	NZ_LQXF01000058.1
NZ_LQXF01000059.1	GCF_001679535.1	1313	NZ_LQXF01000059.1
NZ_LQXF01000060.1	GCF_001679535.1	1313	NZ_LQXF01000060.1
NZ_LQXF01000061.1	GCF_001679535.1	1313	NZ_LQXF01000061.1
NZ_LQXF01000062.1	GCF_001679535.1	1313	NZ_LQXF01000062.1
NZ_LQXF01000063.1	GCF_001679535.1	1313	NZ_LQXF01000063.1
NZ_LQXF01000008.1	GCF_001679535.1	1313	NZ_LQXF01000008.1
NZ_LQXF01000049.1	GCF_001679535.1	1313	NZ_LQXF01000049.1
NZ_LQXF01000050.1	GCF_001679535.1	1313	NZ_LQXF01000050.1
NZ_LQXF01000051.1	GCF_001679535.1	1313	NZ_LQXF01000051.1
NZ_LQXF01000052.1	GCF_001679535.1	1313	NZ_LQXF01000052.1
NZ_LQXF01000053.1	GCF_001679535.1	1313	NZ_LQXF01000053.1
NZ_LQXF01000046.1	GCF_001679535.1	1313	NZ_LQXF01000046.1
NZ_LQXF01000047.1	GCF_001679535.1	1313	NZ_LQXF01000047.1
NZ_LQXF01000048.1	GCF_001679535.1	1313	NZ_LQXF01000048.1
NZ_LQXF01000038.1	GCF_001679535.1	1313	NZ_LQXF01000038.1
NZ_LQXF01000039.1	GCF_001679535.1	1313	NZ_LQXF01000039.1
NZ_LQXF01000040.1	GCF_001679535.1	1313	NZ_LQXF01000040.1
NZ_LQXF01000041.1	GCF_001679535.1	1313	NZ_LQXF01000041.1
NZ_LQXF01000042.1	GCF_001679535.1	1313	NZ_LQXF01000042.1
NZ_LQXF01000043.1	GCF_001679535.1	1313	NZ_LQXF01000043.1
NZ_LQXF01000044.1	GCF_001679535.1	1313	NZ_LQXF01000044.1
NZ_LQXF01000045.1	GCF_001679535.1	1313	NZ_LQXF01000045.1
NZ_LQXF01000009.1	GCF_001679535.1	1313	NZ_LQXF01000009.1
NZ_LQXF01000010.1	GCF_001679535.1	1313	NZ_LQXF01000010.1
NZ_LQXF01000011.1	GCF_001679535.1	1313	NZ_LQXF01000011.1
NZ_LQXF01000015.1	GCF_001679535.1	1313	NZ_LQXF01000015.1
NZ_LQXF01000016.1	GCF_001679535.1	1313	NZ_LQXF01000016.1
NZ_LQXF01000037.1	GCF_001679535.1	1313	NZ_LQXF01000037.1
NZ_LQXF01000012.1	GCF_001679535.1	1313	NZ_LQXF01000012.1
NZ_LQXF01000014.1	GCF_001679535.1	1313	NZ_LQXF01000014.1
NZ_LQXF01000013.1	GCF_001679535.1	1313	NZ_LQXF01000013.1
NZ_LQXF01000018.1	GCF_001679535.1	1313	NZ_LQXF01000018.1
NZ_LQXF01000019.1	GCF_001679535.1	1313	NZ_LQXF01000019.1
NZ_LQXF01000020.1	GCF_001679535.1	1313	NZ_LQXF01000020.1
NZ_LQXF01000021.1	GCF_001679535.1	1313	NZ_LQXF01000021.1
NZ_LQXF01000017.1	GCF_001679535.1	1313	NZ_LQXF01000017.1
NZ_LQXF01000031.1	GCF_001679535.1	1313	NZ_LQXF01000031.1
NZ_LQXF01000032.1	GCF_001679535.1	1313	NZ_LQXF01000032.1
NZ_LQXF01000033.1	GCF_001679535.1	1313	NZ_LQXF01000033.1
NZ_LQXF01000034.1	GCF_001679535.1	1313	NZ_LQXF01000034.1
NZ_LQXF01000035.1	GCF_001679535.1	1313	NZ_LQXF01000035.1
NZ_LQXF01000036.1	GCF_001679535.1	1313	NZ_LQXF01000036.1
NZ_LQXF01000022.1	GCF_001679535.1	1313	NZ_LQXF01000022.1
NZ_LQXF01000023.1	GCF_001679535.1	1313	NZ_LQXF01000023.1
NZ_LQXF01000028.1	GCF_001679535.1	1313	NZ_LQXF01000028.1
NZ_LQXF01000029.1	GCF_001679535.1	1313	NZ_LQXF01000029.1
NZ_LQXF01000030.1	GCF_001679535.1	1313	NZ_LQXF01000030.1
NZ_LQXF01000024.1	GCF_001679535.1	1313	NZ_LQXF01000024.1
NZ_LQXF01000025.1	GCF_001679535.1	1313	NZ_LQXF01000025.1
NZ_LQXF01000026.1	GCF_001679535.1	1313	NZ_LQXF01000026.1
NZ_LQXF01000027.1	GCF_001679535.1	1313	NZ_LQXF01000027.1
NC_004668.1	GCF_000007785.1	226185	NC_004668.1
NC_004669.1	GCF_000007785.1	226185	NC_004669.1
NC_004671.1	GCF_000007785.1	226185	NC_004671.1
NC_004670.1	GCF_000007785.1	226185	NC_004670.1
NZ_CP023671.1	GCF_003606265.1	1504	NZ_CP023671.1
NZ_CP023672.1	GCF_003606265.1	1504	NZ_CP023672.1
NC_007530.2	GCF_000008445.1	261594	NC_007530.2
NC_003028.3	GCF_000006885.1	170187	NC_003028.3
NZ_JAEDZY010000007.1	GCF_016103195.1	818	NZ_JAEDZY010000007.1
NZ_JAEDZY010000001.1	GCF_016103195.1	818	NZ_JAEDZY010000001.1
NZ_JAEDZY010000002.1	GCF_016103195.1	818	NZ_JAEDZY010000002.1
NZ_JAEDZY010000003.1	GCF_016103195.1	818	NZ_JAEDZY010000003.1
NZ_JAEDZY010000004.1	GCF_016103195.1	818	NZ_JAEDZY010000004.1
NZ_JAEDZY010000005.1	GCF_016103195.1	818	NZ_JAEDZY010000005.1
NZ_JAEDZY010000006.1	GCF_016103195.1	818	NZ_JAEDZY010000006.1
NZ_JAEDZY010000008.1	GCF_016103195.1	818	NZ_JAEDZY010000008.1
NZ_JAEDZY010000009.1	GCF_016103195.1	818	NZ_JAEDZY010000009.1
NZ_JAEDZY010000010.1	GCF_016103195.1	818	NZ_JAEDZY010000010.1
NZ_JAEDZY010000011.1	GCF_016103195.1	818	NZ_JAEDZY010000011.1
NZ_JAEDZY010000012.1	GCF_016103195.1	818	NZ_JAEDZY010000012.1
NZ_CP040626.1	GCF_014131795.1	1492	NZ_CP040626.1
NZ_CP040627.1	GCF_014131795.1	1492	NZ_CP040627.1
NZ_CP040628.1	GCF_014131795.1	1492	NZ_CP040628.1
NZ_CP040629.1	GCF_014131795.1	1492	NZ_CP040629.1
NC_003997.3	GCF_000007845.1	198094	NC_003997.3
NZ_VNWH01000001.1	GCF_020115535.1	571	NZ_VNWH01000001.1
NZ_VNWH01000010.1	GCF_020115535.1	571	NZ_VNWH01000010.1
NZ_VNWH01000011.1	GCF_020115535.1	571	NZ_VNWH01000011.1
NZ_VNWH01000012.1	GCF_020115535.1	571	NZ_VNWH01000012.1
NZ_VNWH01000013.1	GCF_020115535.1	571	NZ_VNWH01000013.1
NZ_VNWH01000014.1	GCF_020115535.1	571	NZ_VNWH01000014.1
NZ_VNWH01000015.1	GCF_020115535.1	571	NZ_VNWH01000015.1
NZ_VNWH01000016.1	GCF_020115535.1	571	NZ_VNWH01000016.1
NZ_VNWH01000017.1	GCF_020115535.1	571	NZ_VNWH01000017.1
NZ_VNWH01000009.1	GCF_020115535.1	571	NZ_VNWH01000009.1
NZ_VNWH01000070.1	GCF_020115535.1	571	NZ_VNWH01000070.1
NZ_VNWH01000071.1	GCF_020115535.1	571	NZ_VNWH01000071.1
NZ_VNWH01000072.1	GCF_020115535.1	571	NZ_VNWH01000072.1
NZ_VNWH01000008.1	GCF_020115535.1	571	NZ_VNWH01000008.1
NZ_VNWH01000018.1	GCF_020115535.1	571	NZ_VNWH01000018.1
NZ_VNWH01000019.1	GCF_020115535.1	571	NZ_VNWH01000019.1
NZ_VNWH01000002.1	GCF_020115535.1	571	NZ_VNWH01000002.1
NZ_VNWH01000062.1	GCF_020115535.1	571	NZ_VNWH01000062.1
NZ_VNWH01000063.1	GCF_020115535.1	571	NZ_VNWH01000063.1
NZ_VNWH01000064.1	GCF_020115535.1	571	NZ_VNWH01000064.1
NZ_VNWH01000065.1	GCF_020115535.1	571	NZ_VNWH01000065.1
NZ_VNWH01000066.1	GCF_020115535.1	571	NZ_VNWH01000066.1
NZ_VNWH01000067.1	GCF_020115535.1	571	NZ_VNWH01000067.1
NZ_VNWH01000068.1	GCF_020115535.1	571	NZ_VNWH01000068.1
NZ_VNWH01000069.1	GCF_020115535.1	571	NZ_VNWH01000069.1
NZ_VNWH01000007.1	GCF_020115535.1	571	NZ_VNWH01000007.1
NZ_VNWH01000060.1	GCF_020115535.1	571	NZ_VNWH01000060.1
NZ_VNWH01000061.1	GCF_020115535.1	571	NZ_VNWH01000061.1
NZ_VNWH01000056.1	GCF_020115535.1	571	NZ_VNWH01000056.1
NZ_VNWH01000057.1	GCF_020115535.1	571	NZ_VNWH01000057.1
NZ_VNWH01000058.1	GCF_020115535.1	571	NZ_VNWH01000058.1
NZ_VNWH01000059.1	GCF_020115535.1	571	NZ_VNWH01000059.1
NZ_VNWH01000006.1	GCF_020115535.1	571	NZ_VNWH01000006.1
NZ_VNWH01000050.1	GCF_020115535.1	571	NZ_VNWH01000050.1
NZ_VNWH01000051.1	GCF_020115535.1	571	NZ_VNWH01000051.1
NZ_VNWH01000052.1	GCF_020115535.1	571	NZ_VNWH01000052.1
NZ_VNWH01000053.1	GCF_020115535.1	571	NZ_VNWH01000053.1
NZ_VNWH01000054.1	GCF_020115535.1	571	NZ_VNWH01000054.1
NZ_VNWH01000055.1	GCF_020115535.1	571	NZ_VNWH01000055.1
NZ_VNWH01000022.1	GCF_020115535.1	571	NZ_VNWH01000022.1
NZ_VNWH01000020.1	GCF_020115535.1	571	NZ_VNWH01000020.1
NZ_VNWH01000021.1	GCF_020115535.1	571	NZ_VNWH01000021.1
NZ_VNWH01000003.1	GCF_020115535.1	571	NZ_VNWH01000003.1
NZ_VNWH01000005.1	GCF_020115535.1	571	NZ_VNWH01000005.1
NZ_VNWH01000023.1	GCF_020115535.1	571	NZ_VNWH01000023.1
NZ_VNWH01000028.1	GCF_020115535.1	571	NZ_VNWH01000028.1
NZ_VNWH01000029.1	GCF_020115535.1	571	NZ_VNWH01000029.1
NZ_VNWH01000025.1	GCF_020115535.1	571	NZ_VNWH01000025.1
NZ_VNWH01000026.1	GCF_020115535.1	571	NZ_VNWH01000026.1
NZ_VNWH01000027.1	GCF_020115535.1	571	NZ_VNWH01000027.1
NZ_VNWH01000024.1	GCF_020115535.1	571	NZ_VNWH01000024.1
NZ_VNWH01000030.1	GCF_020115535.1	571	NZ_VNWH01000030.1
NZ_VNWH01000031.1	GCF_020115535.1	571	NZ_VNWH01000031.1
NZ_VNWH01000032.1	GCF_020115535.1	571	NZ_VNWH01000032.1
NZ_VNWH01000033.1	GCF_020115535.1	571	NZ_VNWH01000033.1
NZ_VNWH01000046.1	GCF_020115535.1	571	NZ_VNWH01000046.1
NZ_VNWH01000047.1	GCF_020115535.1	571	NZ_VNWH01000047.1
NZ_VNWH01000048.1	GCF_020115535.1	571	NZ_VNWH01000048.1
NZ_VNWH01000049.1	GCF_020115535.1	571	NZ_VNWH01000049.1
NZ_VNWH01000034.1	GCF_020115535.1	571	NZ_VNWH01000034.1
NZ_VNWH01000035.1	GCF_020115535.1	571	NZ_VNWH01000035.1
NZ_VNWH01000036.1	GCF_020115535.1	571	NZ_VNWH01000036.1
NZ_VNWH01000043.1	GCF_020115535.1	571	NZ_VNWH01000043.1
NZ_VNWH01000044.1	GCF_020115535.1	571	NZ_VNWH01000044.1
NZ_VNWH01000045.1	GCF_020115535.1	571	NZ_VNWH01000045.1
NZ_VNWH01000037.1	GCF_020115535.1	571	NZ_VNWH01000037.1
NZ_VNWH01000040.1	GCF_020115535.1	571	NZ_VNWH01000040.1
NZ_VNWH01000041.1	GCF_020115535.1	571	NZ_VNWH01000041.1
NZ_VNWH01000042.1	GCF_020115535.1	571	NZ_VNWH01000042.1
NZ_VNWH01000038.1	GCF_020115535.1	571	NZ_VNWH01000038.1
NZ_VNWH01000039.1	GCF_020115535.1	571	NZ_VNWH01000039.1
NZ_VNWH01000004.1	GCF_020115535.1	571	NZ_VNWH01000004.1
NZ_ALPY01000070.1	GCF_000387565.1	1217420	NZ_ALPY01000070.1
NZ_ALPY01000071.1	GCF_000387565.1	1217420	NZ_ALPY01000071.1
NZ_ALPY01000072.1	GCF_000387565.1	1217420	NZ_ALPY01000072.1
NZ_ALPY01000073.1	GCF_000387565.1	1217420	NZ_ALPY01000073.1
NZ_ALPY01000074.1	GCF_000387565.1	1217420	NZ_ALPY01000074.1
NZ_ALPY01000075.1	GCF_000387565.1	1217420	NZ_ALPY01000075.1
NZ_ALPY01000067.1	GCF_000387565.1	1217420	NZ_ALPY01000067.1
NZ_ALPY01000068.1	GCF_000387565.1	1217420	NZ_ALPY01000068.1
NZ_ALPY01000069.1	GCF_000387565.1	1217420	NZ_ALPY01000069.1
NZ_ALPY01000060.1	GCF_000387565.1	1217420	NZ_ALPY01000060.1
NZ_ALPY01000061.1	GCF_000387565.1	1217420	NZ_ALPY01000061.1
NZ_ALPY01000062.1	GCF_000387565.1	1217420	NZ_ALPY01000062.1
NZ_ALPY01000063.1	GCF_000387565.1	1217420	NZ_ALPY01000063.1
NZ_ALPY01000064.1	GCF_000387565.1	1217420	NZ_ALPY01000064.1
NZ_ALPY01000065.1	GCF_000387565.1	1217420	NZ_ALPY01000065.1
NZ_ALPY01000066.1	GCF_000387565.1	1217420	NZ_ALPY01000066.1
NZ_ALPY01000053.1	GCF_000387565.1	1217420	NZ_ALPY01000053.1
NZ_ALPY01000054.1	GCF_000387565.1	1217420	NZ_ALPY01000054.1
NZ_ALPY01000055.1	GCF_000387565.1	1217420	NZ_ALPY01000055.1
NZ_ALPY01000056.1	GCF_000387565.1	1217420	NZ_ALPY01000056.1
NZ_ALPY01000057.1	GCF_000387565.1	1217420	NZ_ALPY01000057.1
NZ_ALPY01000058.1	GCF_000387565.1	1217420	NZ_ALPY01000058.1
NZ_ALPY01000059.1	GCF_000387565.1	1217420	NZ_ALPY01000059.1
NZ_ALPY01000049.1	GCF_000387565.1	1217420	NZ_ALPY01000049.1
NZ_ALPY01000050.1	GCF_000387565.1	1217420	NZ_ALPY01000050.1
NZ_ALPY01000051.1	GCF_000387565.1	1217420	NZ_ALPY01000051.1
NZ_ALPY01000052.1	GCF_000387565.1	1217420	NZ_ALPY01000052.1
NZ_ALPY01000046.1	GCF_000387565.1	1217420	NZ_ALPY01000046.1
NZ_ALPY01000047.1	GCF_000387565.1	1217420	NZ_ALPY01000047.1
NZ_ALPY01000048.1	GCF_000387565.1	1217420	NZ_ALPY01000048.1
NZ_ALPY01000045.1	GCF_000387565.1	1217420	NZ_ALPY01000045.1
NZ_ALPY01000042.1	GCF_000387565.1	1217420	NZ_ALPY01000042.1
NZ_ALPY01000043.1	GCF_000387565.1	1217420	NZ_ALPY01000043.1
NZ_ALPY01000044.1	GCF_000387565.1	1217420	NZ_ALPY01000044.1
NZ_ALPY01000009.1	GCF_000387565.1	1217420	NZ_ALPY01000009.1
NZ_ALPY01000010.1	GCF_000387565.1	1217420	NZ_ALPY01000010.1
NZ_ALPY01000011.1	GCF_000387565.1	1217420	NZ_ALPY01000011.1
NZ_ALPY01000037.1	GCF_000387565.1	1217420	NZ_ALPY01000037.1
NZ_ALPY01000038.1	GCF_000387565.1	1217420	NZ_ALPY01000038.1
NZ_ALPY01000039.1	GCF_000387565.1	1217420	NZ_ALPY01000039.1
NZ_ALPY01000040.1	GCF_000387565.1	1217420	NZ_ALPY01000040.1
NZ_ALPY01000041.1	GCF_000387565.1	1217420	NZ_ALPY01000041.1
NZ_ALPY01000006.1	GCF_000387565.1	1217420	NZ_ALPY01000006.1
NZ_ALPY01000007.1	GCF_000387565.1	1217420	NZ_ALPY01000007.1
NZ_ALPY01000008.1	GCF_000387565.1	1217420	NZ_ALPY01000008.1
NZ_ALPY01000002.1	GCF_000387565.1	1217420	NZ_ALPY01000002.1
NZ_ALPY01000003.1	GCF_000387565.1	1217420	NZ_ALPY01000003.1
NZ_ALPY01000004.1	GCF_000387565.1	1217420	NZ_ALPY01000004.1
NZ_ALPY01000005.1	GCF_000387565.1	1217420	NZ_ALPY01000005.1
NZ_ALPY01000001.1	GCF_000387565.1	1217420	NZ_ALPY01000001.1
NZ_ALPY01000018.1	GCF_000387565.1	1217420	NZ_ALPY01000018.1
NZ_ALPY01000012.1	GCF_000387565.1	1217420	NZ_ALPY01000012.1
NZ_ALPY01000013.1	GCF_000387565.1	1217420	NZ_ALPY01000013.1
NZ_ALPY01000014.1	GCF_000387565.1	1217420	NZ_ALPY01000014.1
NZ_ALPY01000015.1	GCF_000387565.1	1217420	NZ_ALPY01000015.1
NZ_ALPY01000016.1	GCF_000387565.1	1217420	NZ_ALPY01000016.1
NZ_ALPY01000017.1	GCF_000387565.1	1217420	NZ_ALPY01000017.1
NZ_ALPY01000019.1	GCF_000387565.1	1217420	NZ_ALPY01000019.1
NZ_ALPY01000033.1	GCF_000387565.1	1217420	NZ_ALPY01000033.1
NZ_ALPY01000034.1	GCF_000387565.1	1217420	NZ_ALPY01000034.1
NZ_ALPY01000035.1	GCF_000387565.1	1217420	NZ_ALPY01000035.1
NZ_ALPY01000036.1	GCF_000387565.1	1217420	NZ_ALPY01000036.1
NZ_ALPY01000020.1	GCF_000387565.1	1217420	NZ_ALPY01000020.1
NZ_ALPY01000021.1	GCF_000387565.1	1217420	NZ_ALPY01000021.1
NZ_ALPY01000022.1	GCF_000387565.1	1217420	NZ_ALPY01000022.1
NZ_ALPY01000032.1	GCF_000387565.1	1217420	NZ_ALPY01000032.1
NZ_ALPY01000023.1	GCF_000387565.1	1217420	NZ_ALPY01000023.1
NZ_ALPY01000028.1	GCF_000387565.1	1217420	NZ_ALPY01000028.1
NZ_ALPY01000029.1	GCF_000387565.1	1217420	NZ_ALPY01000029.1
NZ_ALPY01000030.1	GCF_000387565.1	1217420	NZ_ALPY01000030.1
NZ_ALPY01000031.1	GCF_000387565.1	1217420	NZ_ALPY01000031.1
NZ_ALPY01000024.1	GCF_000387565.1	1217420	NZ_ALPY01000024.1
NZ_ALPY01000025.1	GCF_000387565.1	1217420	NZ_ALPY01000025.1
NZ_ALPY01000026.1	GCF_000387565.1	1217420	NZ_ALPY01000026.1
NZ_ALPY01000027.1	GCF_000387565.1	1217420	NZ_ALPY01000027.1
NZ_LT906480.1	GCF_900186865.1	40324	NZ_LT906480.1
NC_002695.2	GCF_000008865.2	386585	NC_002695.2
NZ_MRAC01000001.1	GCF_002008145.1	1509	NZ_MRAC01000001.1
NZ_MRAC01000002.1	GCF_002008145.1	1509	NZ_MRAC01000002.1
NZ_MRAC01000011.1	GCF_002008145.1	1509	NZ_MRAC01000011.1
NZ_MRAC01000012.1	GCF_002008145.1	1509	NZ_MRAC01000012.1
NZ_MRAC01000013.1	GCF_002008145.1	1509	NZ_MRAC01000013.1
NZ_MRAC01000014.1	GCF_002008145.1	1509	NZ_MRAC01000014.1
NZ_MRAC01000015.1	GCF_002008145.1	1509	NZ_MRAC01000015.1
NZ_MRAC01000016.1	GCF_002008145.1	1509	NZ_MRAC01000016.1
NZ_MRAC01000017.1	GCF_002008145.1	1509	NZ_MRAC01000017.1
NZ_MRAC01000018.1	GCF_002008145.1	1509	NZ_MRAC01000018.1
NZ_MRAC01000019.1	GCF_002008145.1	1509	NZ_MRAC01000019.1
NZ_MRAC01000020.1	GCF_002008145.1	1509	NZ_MRAC01000020.1
NZ_MRAC01000003.1	GCF_002008145.1	1509	NZ_MRAC01000003.1
NZ_MRAC01000021.1	GCF_002008145.1	1509	NZ_MRAC01000021.1
NZ_MRAC01000022.1	GCF_002008145.1	1509	NZ_MRAC01000022.1
NZ_MRAC01000023.1	GCF_002008145.1	1509	NZ_MRAC01000023.1
NZ_MRAC01000024.1	GCF_002008145.1	1509	NZ_MRAC01000024.1
NZ_MRAC01000027.1	GCF_002008145.1	1509	NZ_MRAC01000027.1
NZ_MRAC01000028.1	GCF_002008145.1	1509	NZ_MRAC01000028.1
NZ_MRAC01000029.1	GCF_002008145.1	1509	NZ_MRAC01000029.1
NZ_MRAC01000030.1	GCF_002008145.1	1509	NZ_MRAC01000030.1
NZ_MRAC01000004.1	GCF_002008145.1	1509	NZ_MRAC01000004.1
NZ_MRAC01000025.1	GCF_002008145.1	1509	NZ_MRAC01000025.1
NZ_MRAC01000026.1	GCF_002008145.1	1509	NZ_MRAC01000026.1
NZ_MRAC01000031.1	GCF_002008145.1	1509	NZ_MRAC01000031.1
NZ_MRAC01000032.1	GCF_002008145.1	1509	NZ_MRAC01000032.1
NZ_MRAC01000033.1	GCF_002008145.1	1509	NZ_MRAC01000033.1
NZ_MRAC01000034.1	GCF_002008145.1	1509	NZ_MRAC01000034.1
NZ_MRAC01000035.1	GCF_002008145.1	1509	NZ_MRAC01000035.1
NZ_MRAC01000036.1	GCF_002008145.1	1509	NZ_MRAC01000036.1
NZ_MRAC01000037.1	GCF_002008145.1	1509	NZ_MRAC01000037.1
NZ_MRAC01000038.1	GCF_002008145.1	1509	NZ_MRAC01000038.1
NZ_MRAC01000039.1	GCF_002008145.1	1509	NZ_MRAC01000039.1
NZ_MRAC01000040.1	GCF_002008145.1	1509	NZ_MRAC01000040.1
NZ_MRAC01000005.1	GCF_002008145.1	1509	NZ_MRAC01000005.1
NZ_MRAC01000010.1	GCF_002008145.1	1509	NZ_MRAC01000010.1
NZ_MRAC01000041.1	GCF_002008145.1	1509	NZ_MRAC01000041.1
NZ_MRAC01000042.1	GCF_002008145.1	1509	NZ_MRAC01000042.1
NZ_MRAC01000006.1	GCF_002008145.1	1509	NZ_MRAC01000006.1
NZ_MRAC01000009.1	GCF_002008145.1	1509	NZ_MRAC01000009.1
NZ_MRAC01000007.1	GCF_002008145.1	1509	NZ_MRAC01000007.1
NZ_MRAC01000008.1	GCF_002008145.1	1509	NZ_MRAC01000008.1
NZ_CP035094.1	GCF_006094495.1	1348623	NZ_CP035094.1
NZ_CP035095.1	GCF_006094495.1	1348623	NZ_CP035095.1
NZ_CP035096.1	GCF_006094495.1	1348623	NZ_CP035096.1
NZ_CP035097.1	GCF_006094495.1	1348623	NZ_CP035097.1
NZ_CP035098.1	GCF_006094495.1	1348623	NZ_CP035098.1
NZ_CP035099.1	GCF_006094495.1	1348623	NZ_CP035099.1
NZ_CP035100.1	GCF_006094495.1	1348623	NZ_CP035100.1
NZ_UHDF01000005.1	GCF_900458605.1	1282	NZ_UHDF01000005.1
NZ_UHDF01000004.1	GCF_900458605.1	1282	NZ_UHDF01000004.1
NZ_UHDF01000003.1	GCF_900458605.1	1282	NZ_UHDF01000003.1
NZ_UHDF01000002.1	GCF_900458605.1	1282	NZ_UHDF01000002.1
NZ_UHDF01000001.1	GCF_900458605.1	1282	NZ_UHDF01000001.1
NC_008261.1	GCF_000013285.1	195103	NC_008261.1
NZ_JAKMWN010000001.1	GCF_040560265.1	180434	NZ_JAKMWN010000001.1
NZ_JAKMWN010000010.1	GCF_040560265.1	180434	NZ_JAKMWN010000010.1
NZ_JAKMWN010000011.1	GCF_040560265.1	180434	NZ_JAKMWN010000011.1
NZ_JAKMWN010000012.1	GCF_040560265.1	180434	NZ_JAKMWN010000012.1
NZ_JAKMWN010000002.1	GCF_040560265.1	180434	NZ_JAKMWN010000002.1
NZ_JAKMWN010000003.1	GCF_040560265.1	180434	NZ_JAKMWN010000003.1
NZ_JAKMWN010000004.1	GCF_040560265.1	180434	NZ_JAKMWN010000004.1
NZ_JAKMWN010000005.1	GCF_040560265.1	180434	NZ_JAKMWN010000005.1
NZ_JAKMWN010000006.1	GCF_040560265.1	180434	NZ_JAKMWN010000006.1
NZ_JAKMWN010000007.1	GCF_040560265.1	180434	NZ_JAKMWN010000007.1
NZ_JAKMWN010000008.1	GCF_040560265.1	180434	NZ_JAKMWN010000008.1
NZ_JAKMWN010000009.1	GCF_040560265.1	180434	NZ_JAKMWN010000009.1
NZ_VNWF01000001.1	GCF_020115515.1	1463165	NZ_VNWF01000001.1
NZ_VNWF01000010.1	GCF_020115515.1	1463165	NZ_VNWF01000010.1
NZ_VNWF01000011.1	GCF_020115515.1	1463165	NZ_VNWF01000011.1
NZ_VNWF01000012.1	GCF_020115515.1	1463165	NZ_VNWF01000012.1
NZ_VNWF01000013.1	GCF_020115515.1	1463165	NZ_VNWF01000013.1
NZ_VNWF01000014.1	GCF_020115515.1	1463165	NZ_VNWF01000014.1
NZ_VNWF01000015.1	GCF_020115515.1	1463165	NZ_VNWF01000015.1
NZ_VNWF01000007.1	GCF_020115515.1	1463165	NZ_VNWF01000007.1
NZ_VNWF01000016.1	GCF_020115515.1	1463165	NZ_VNWF01000016.1
NZ_VNWF01000006.1	GCF_020115515.1	1463165	NZ_VNWF01000006.1
NZ_VNWF01000017.1	GCF_020115515.1	1463165	NZ_VNWF01000017.1
NZ_VNWF01000018.1	GCF_020115515.1	1463165	NZ_VNWF01000018.1
NZ_VNWF01000057.1	GCF_020115515.1	1463165	NZ_VNWF01000057.1
NZ_VNWF01000058.1	GCF_020115515.1	1463165	NZ_VNWF01000058.1
NZ_VNWF01000050.1	GCF_020115515.1	1463165	NZ_VNWF01000050.1
NZ_VNWF01000051.1	GCF_020115515.1	1463165	NZ_VNWF01000051.1
NZ_VNWF01000052.1	GCF_020115515.1	1463165	NZ_VNWF01000052.1
NZ_VNWF01000053.1	GCF_020115515.1	1463165	NZ_VNWF01000053.1
NZ_VNWF01000054.1	GCF_020115515.1	1463165	NZ_VNWF01000054.1
NZ_VNWF01000055.1	GCF_020115515.1	1463165	NZ_VNWF01000055.1
NZ_VNWF01000056.1	GCF_020115515.1	1463165	NZ_VNWF01000056.1
NZ_VNWF01000019.1	GCF_020115515.1	1463165	NZ_VNWF01000019.1
NZ_VNWF01000048.1	GCF_020115515.1	1463165	NZ_VNWF01000048.1
NZ_VNWF01000049.1	GCF_020115515.1	1463165	NZ_VNWF01000049.1
NZ_VNWF01000005.1	GCF_020115515.1	1463165	NZ_VNWF01000005.1
NZ_VNWF01000042.1	GCF_020115515.1	1463165	NZ_VNWF01000042.1
NZ_VNWF01000043.1	GCF_020115515.1	1463165	NZ_VNWF01000043.1
NZ_VNWF01000044.1	GCF_020115515.1	1463165	NZ_VNWF01000044.1
NZ_VNWF01000045.1	GCF_020115515.1	1463165	NZ_VNWF01000045.1
NZ_VNWF01000046.1	GCF_020115515.1	1463165	NZ_VNWF01000046.1
NZ_VNWF01000047.1	GCF_020115515.1	1463165	NZ_VNWF01000047.1
NZ_VNWF01000002.1	GCF_020115515.1	1463165	NZ_VNWF01000002.1
NZ_VNWF01000040.1	GCF_020115515.1	1463165	NZ_VNWF01000040.1
NZ_VNWF01000041.1	GCF_020115515.1	1463165	NZ_VNWF01000041.1
NZ_VNWF01000024.1	GCF_020115515.1	1463165	NZ_VNWF01000024.1
NZ_VNWF01000025.1	GCF_020115515.1	1463165	NZ_VNWF01000025.1
NZ_VNWF01000020.1	GCF_020115515.1	1463165	NZ_VNWF01000020.1
NZ_VNWF01000023.1	GCF_020115515.1	1463165	NZ_VNWF01000023.1
NZ_VNWF01000022.1	GCF_020115515.1	1463165	NZ_VNWF01000022.1
NZ_VNWF01000021.1	GCF_020115515.1	1463165	NZ_VNWF01000021.1
NZ_VNWF01000028.1	GCF_020115515.1	1463165	NZ_VNWF01000028.1
NZ_VNWF01000029.1	GCF_020115515.1	1463165	NZ_VNWF01000029.1
NZ_VNWF01000003.1	GCF_020115515.1	1463165	NZ_VNWF01000003.1
NZ_VNWF01000026.1	GCF_020115515.1	1463165	NZ_VNWF01000026.1
NZ_VNWF01000027.1	GCF_020115515.1	1463165	NZ_VNWF01000027.1
NZ_VNWF01000004.1	GCF_020115515.1	1463165	NZ_VNWF01000004.1
NZ_VNWF01000039.1	GCF_020115515.1	1463165	NZ_VNWF01000039.1
NZ_VNWF01000035.1	GCF_020115515.1	1463165	NZ_VNWF01000035.1
NZ_VNWF01000036.1	GCF_020115515.1	1463165	NZ_VNWF01000036.1
NZ_VNWF01000037.1	GCF_020115515.1	1463165	NZ_VNWF01000037.1
NZ_VNWF01000038.1	GCF_020115515.1	1463165	NZ_VNWF01000038.1
NZ_VNWF01000030.1	GCF_020115515.1	1463165	NZ_VNWF01000030.1
NZ_VNWF01000031.1	GCF_020115515.1	1463165	NZ_VNWF01000031.1
NZ_VNWF01000032.1	GCF_020115515.1	1463165	NZ_VNWF01000032.1
NZ_VNWF01000033.1	GCF_020115515.1	1463165	NZ_VNWF01000033.1
NZ_VNWF01000034.1	GCF_020115515.1	1463165	NZ_VNWF01000034.1
NZ_VNWF01000008.1	GCF_020115515.1	1463165	NZ_VNWF01000008.1
NZ_VNWF01000009.1	GCF_020115515.1	1463165	NZ_VNWF01000009.1
NZ_LS483349.1	GCF_900475095.1	1309	NZ_LS483349.1
NZ_CWJA01000001.1	GCF_001182285.1	28450	NZ_CWJA01000001.1
NZ_CWJA01000002.1	GCF_001182285.1	28450	NZ_CWJA01000002.1
NZ_CWJA01000003.1	GCF_001182285.1	28450	NZ_CWJA01000003.1
NZ_CWJA01000004.1	GCF_001182285.1	28450	NZ_CWJA01000004.1
NZ_CWJA01000005.1	GCF_001182285.1	28450	NZ_CWJA01000005.1
NZ_CWJA01000006.1	GCF_001182285.1	28450	NZ_CWJA01000006.1
NZ_CWJA01000007.1	GCF_001182285.1	28450	NZ_CWJA01000007.1
NZ_CWJA01000008.1	GCF_001182285.1	28450	NZ_CWJA01000008.1
NZ_CWJA01000009.1	GCF_001182285.1	28450	NZ_CWJA01000009.1
NZ_CWJA01000044.1	GCF_001182285.1	28450	NZ_CWJA01000044.1
NZ_CWJA01000045.1	GCF_001182285.1	28450	NZ_CWJA01000045.1
NZ_CWJA01000046.1	GCF_001182285.1	28450	NZ_CWJA01000046.1
NZ_CWJA01000047.1	GCF_001182285.1	28450	NZ_CWJA01000047.1
NZ_CWJA01000048.1	GCF_001182285.1	28450	NZ_CWJA01000048.1
NZ_CWJA01000049.1	GCF_001182285.1	28450	NZ_CWJA01000049.1
NZ_CWJA01000050.1	GCF_001182285.1	28450	NZ_CWJA01000050.1
NZ_CWJA01000051.1	GCF_001182285.1	28450	NZ_CWJA01000051.1
NZ_CWJA01000052.1	GCF_001182285.1	28450	NZ_CWJA01000052.1
NZ_CWJA01000053.1	GCF_001182285.1	28450	NZ_CWJA01000053.1
NZ_CWJA01000037.1	GCF_001182285.1	28450	NZ_CWJA01000037.1
NZ_CWJA01000038.1	GCF_001182285.1	28450	NZ_CWJA01000038.1
NZ_CWJA01000039.1	GCF_001182285.1	28450	NZ_CWJA01000039.1
NZ_CWJA01000040.1	GCF_001182285.1	28450	NZ_CWJA01000040.1
NZ_CWJA01000041.1	GCF_001182285.1	28450	NZ_CWJA01000041.1
NZ_CWJA01000042.1	GCF_001182285.1	28450	NZ_CWJA01000042.1
NZ_CWJA01000043.1	GCF_001182285.1	28450	NZ_CWJA01000043.1
NZ_CWJA01000036.1	GCF_001182285.1	28450	NZ_CWJA01000036.1
NZ_CWJA01000031.1	GCF_001182285.1	28450	NZ_CWJA01000031.1
NZ_CWJA01000032.1	GCF_001182285.1	28450	NZ_CWJA01000032.1
NZ_CWJA01000033.1	GCF_001182285.1	28450	NZ_CWJA01000033.1
NZ_CWJA01000034.1	GCF_001182285.1	28450	NZ_CWJA01000034.1
NZ_CWJA01000035.1	GCF_001182285.1	28450	NZ_CWJA01000035.1
NZ_CWJA01000010.1	GCF_001182285.1	28450	NZ_CWJA01000010.1
NZ_CWJA01000011.1	GCF_001182285.1	28450	NZ_CWJA01000011.1
NZ_CWJA01000014.1	GCF_001182285.1	28450	NZ_CWJA01000014.1
NZ_CWJA01000029.1	GCF_001182285.1	28450	NZ_CWJA01000029.1
NZ_CWJA01000030.1	GCF_001182285.1	28450	NZ_CWJA01000030.1
NZ_CWJA01000012.1	GCF_001182285.1	28450	NZ_CWJA01000012.1
NZ_CWJA01000013.1	GCF_001182285.1	28450	NZ_CWJA01000013.1
NZ_CWJA01000016.1	GCF_001182285.1	28450	NZ_CWJA01000016.1
NZ_CWJA01000017.1	GCF_001182285.1	28450	NZ_CWJA01000017.1
NZ_CWJA01000015.1	GCF_001182285.1	28450	NZ_CWJA01000015.1
NZ_CWJA01000025.1	GCF_001182285.1	28450	NZ_CWJA01000025.1
NZ_CWJA01000026.1	GCF_001182285.1	28450	NZ_CWJA01000026.1
NZ_CWJA01000027.1	GCF_001182285.1	28450	NZ_CWJA01000027.1
NZ_CWJA01000028.1	GCF_001182285.1	28450	NZ_CWJA01000028.1
NZ_CWJA01000018.1	GCF_001182285.1	28450	NZ_CWJA01000018.1
NZ_CWJA01000019.1	GCF_001182285.1	28450	NZ_CWJA01000019.1
NZ_CWJA01000022.1	GCF_001182285.1	28450	NZ_CWJA01000022.1
NZ_CWJA01000023.1	GCF_001182285.1	28450	NZ_CWJA01000023.1
NZ_CWJA01000024.1	GCF_001182285.1	28450	NZ_CWJA01000024.1
NZ_CWJA01000020.1	GCF_001182285.1	28450	NZ_CWJA01000020.1
NZ_CWJA01000021.1	GCF_001182285.1	28450	NZ_CWJA01000021.1
NZ_AP019716.1	GCF_006742065.1	1492	NZ_AP019716.1
NZ_AP019717.1	GCF_006742065.1	1492	NZ_AP019717.1
NZ_AP019718.1	GCF_006742065.1	1492	NZ_AP019718.1
NZ_AP019719.1	GCF_006742065.1	1492	NZ_AP019719.1
NZ_CP077404.1	GCF_019048645.1	1309	NZ_CP077404.1
NZ_BCZK01000017.1	GCF_001598695.1	1218097	NZ_BCZK01000017.1
NZ_BCZK01000016.1	GCF_001598695.1	1218097	NZ_BCZK01000016.1
NZ_BCZK01000015.1	GCF_001598695.1	1218097	NZ_BCZK01000015.1
NZ_BCZK01000021.1	GCF_001598695.1	1218097	NZ_BCZK01000021.1
NZ_BCZK01000019.1	GCF_001598695.1	1218097	NZ_BCZK01000019.1
NZ_BCZK01000020.1	GCF_001598695.1	1218097	NZ_BCZK01000020.1
NZ_BCZK01000014.1	GCF_001598695.1	1218097	NZ_BCZK01000014.1
NZ_BCZK01000018.1	GCF_001598695.1	1218097	NZ_BCZK01000018.1
NZ_BCZK01000012.1	GCF_001598695.1	1218097	NZ_BCZK01000012.1
NZ_BCZK01000013.1	GCF_001598695.1	1218097	NZ_BCZK01000013.1
NZ_BCZK01000011.1	GCF_001598695.1	1218097	NZ_BCZK01000011.1
NZ_BCZK01000010.1	GCF_001598695.1	1218097	NZ_BCZK01000010.1
NZ_BCZK01000001.1	GCF_001598695.1	1218097	NZ_BCZK01000001.1
NZ_BCZK01000002.1	GCF_001598695.1	1218097	NZ_BCZK01000002.1
NZ_BCZK01000003.1	GCF_001598695.1	1218097	NZ_BCZK01000003.1
NZ_BCZK01000004.1	GCF_001598695.1	1218097	NZ_BCZK01000004.1
NZ_BCZK01000009.1	GCF_001598695.1	1218097	NZ_BCZK01000009.1
NZ_BCZK01000005.1	GCF_001598695.1	1218097	NZ_BCZK01000005.1
NZ_BCZK01000008.1	GCF_001598695.1	1218097	NZ_BCZK01000008.1
NZ_BCZK01000006.1	GCF_001598695.1	1218097	NZ_BCZK01000006.1
NZ_BCZK01000007.1	GCF_001598695.1	1218097	NZ_BCZK01000007.1
NZ_BCZK01000022.1	GCF_001598695.1	1218097	NZ_BCZK01000022.1
NZ_BCZK01000023.1	GCF_001598695.1	1218097	NZ_BCZK01000023.1
NZ_BCZK01000024.1	GCF_001598695.1	1218097	NZ_BCZK01000024.1
NZ_BCZK01000025.1	GCF_001598695.1	1218097	NZ_BCZK01000025.1
NZ_BCZK01000026.1	GCF_001598695.1	1218097	NZ_BCZK01000026.1
NZ_BCZK01000036.1	GCF_001598695.1	1218097	NZ_BCZK01000036.1
NZ_BCZK01000037.1	GCF_001598695.1	1218097	NZ_BCZK01000037.1
NZ_BCZK01000038.1	GCF_001598695.1	1218097	NZ_BCZK01000038.1
NZ_BCZK01000039.1	GCF_001598695.1	1218097	NZ_BCZK01000039.1
NZ_BCZK01000040.1	GCF_001598695.1	1218097	NZ_BCZK01000040.1
NZ_BCZK01000041.1	GCF_001598695.1	1218097	NZ_BCZK01000041.1
NZ_BCZK01000042.1	GCF_001598695.1	1218097	NZ_BCZK01000042.1
NZ_BCZK01000043.1	GCF_001598695.1	1218097	NZ_BCZK01000043.1
NZ_BCZK01000027.1	GCF_001598695.1	1218097	NZ_BCZK01000027.1
NZ_BCZK01000028.1	GCF_001598695.1	1218097	NZ_BCZK01000028.1
NZ_BCZK01000029.1	GCF_001598695.1	1218097	NZ_BCZK01000029.1
NZ_BCZK01000030.1	GCF_001598695.1	1218097	NZ_BCZK01000030.1
NZ_BCZK01000031.1	GCF_001598695.1	1218097	NZ_BCZK01000031.1
NZ_BCZK01000032.1	GCF_001598695.1	1218097	NZ_BCZK01000032.1
NZ_BCZK01000033.1	GCF_001598695.1	1218097	NZ_BCZK01000033.1
NZ_BCZK01000034.1	GCF_001598695.1	1218097	NZ_BCZK01000034.1
NZ_BCZK01000035.1	GCF_001598695.1	1218097	NZ_BCZK01000035.1
NZ_CP064367.1	GCF_022869645.1	487	NZ_CP064367.1
NZ_CP093290.1	GCF_022630555.1	1402	NZ_CP093290.1
NC_002937.3	GCF_000195755.1	882	NC_002937.3
NC_005863.1	GCF_000195755.1	882	NC_005863.1
NZ_CBCRTF010000001.1	GCF_965135875.1	1309	NZ_CBCRTF010000001.1
NZ_CBCRTF010000002.1	GCF_965135875.1	1309	NZ_CBCRTF010000002.1
NZ_CBCRTF010000003.1	GCF_965135875.1	1309	NZ_CBCRTF010000003.1
NZ_CBCRTF010000004.1	GCF_965135875.1	1309	NZ_CBCRTF010000004.1
NZ_CBCRTF010000005.1	GCF_965135875.1	1309	NZ_CBCRTF010000005.1
NZ_CBCRTF010000006.1	GCF_965135875.1	1309	NZ_CBCRTF010000006.1
NZ_CBCRTF010000007.1	GCF_965135875.1	1309	NZ_CBCRTF010000007.1
NZ_CBCRTF010000008.1	GCF_965135875.1	1309	NZ_CBCRTF010000008.1
NZ_CBCRTF010000009.1	GCF_965135875.1	1309	NZ_CBCRTF010000009.1
NZ_CBCRTF010000010.1	GCF_965135875.1	1309	NZ_CBCRTF010000010.1
NZ_CBCRTF010000011.1	GCF_965135875.1	1309	NZ_CBCRTF010000011.1
NZ_CBCRTF010000012.1	GCF_965135875.1	1309	NZ_CBCRTF010000012.1
NZ_CBCRTF010000013.1	GCF_965135875.1	1309	NZ_CBCRTF010000013.1
NZ_CBCRTF010000014.1	GCF_965135875.1	1309	NZ_CBCRTF010000014.1
NZ_CBCRTF010000015.1	GCF_965135875.1	1309	NZ_CBCRTF010000015.1
NZ_CBCRTF010000016.1	GCF_965135875.1	1309	NZ_CBCRTF010000016.1
NZ_CP147720.1	GCF_037213995.1	40324	NZ_CP147720.1
CP019944.1	GCF_002058765.1	562	CP019944.1
NZ_FNMB01000026.1	GCF_900106225.1	287	NZ_FNMB01000026.1
NZ_FNMB01000027.1	GCF_900106225.1	287	NZ_FNMB01000027.1
NZ_FNMB01000025.1	GCF_900106225.1	287	NZ_FNMB01000025.1
NZ_FNMB01000024.1	GCF_900106225.1	287	NZ_FNMB01000024.1
NZ_FNMB01000023.1	GCF_900106225.1	287	NZ_FNMB01000023.1
NZ_FNMB01000021.1	GCF_900106225.1	287	NZ_FNMB01000021.1
NZ_FNMB01000022.1	GCF_900106225.1	287	NZ_FNMB01000022.1
NZ_FNMB01000020.1	GCF_900106225.1	287	NZ_FNMB01000020.1
NZ_FNMB01000019.1	GCF_900106225.1	287	NZ_FNMB01000019.1
NZ_FNMB01000018.1	GCF_900106225.1	287	NZ_FNMB01000018.1
NZ_FNMB01000005.1	GCF_900106225.1	287	NZ_FNMB01000005.1
NZ_FNMB01000006.1	GCF_900106225.1	287	NZ_FNMB01000006.1
NZ_FNMB01000001.1	GCF_900106225.1	287	NZ_FNMB01000001.1
NZ_FNMB01000002.1	GCF_900106225.1	287	NZ_FNMB01000002.1
NZ_FNMB01000003.1	GCF_900106225.1	287	NZ_FNMB01000003.1
NZ_FNMB01000004.1	GCF_900106225.1	287	NZ_FNMB01000004.1
NZ_FNMB01000008.1	GCF_900106225.1	287	NZ_FNMB01000008.1
NZ_FNMB01000007.1	GCF_900106225.1	287	NZ_FNMB01000007.1
NZ_FNMB01000017.1	GCF_900106225.1	287	NZ_FNMB01000017.1
NZ_FNMB01000009.1	GCF_900106225.1	287	NZ_FNMB01000009.1
NZ_FNMB01000010.1	GCF_900106225.1	287	NZ_FNMB01000010.1
NZ_FNMB01000014.1	GCF_900106225.1	287	NZ_FNMB01000014.1
NZ_FNMB01000015.1	GCF_900106225.1	287	NZ_FNMB01000015.1
NZ_FNMB01000016.1	GCF_900106225.1	287	NZ_FNMB01000016.1
NZ_FNMB01000011.1	GCF_900106225.1	287	NZ_FNMB01000011.1
NZ_FNMB01000012.1	GCF_900106225.1	287	NZ_FNMB01000012.1
NZ_FNMB01000013.1	GCF_900106225.1	287	NZ_FNMB01000013.1
NZ_FNMB01000028.1	GCF_900106225.1	287	NZ_FNMB01000028.1
NZ_FNMB01000029.1	GCF_900106225.1	287	NZ_FNMB01000029.1
NZ_FNMB01000030.1	GCF_900106225.1	287	NZ_FNMB01000030.1
NZ_FNMB01000069.1	GCF_900106225.1	287	NZ_FNMB01000069.1
NZ_FNMB01000070.1	GCF_900106225.1	287	NZ_FNMB01000070.1
NZ_FNMB01000071.1	GCF_900106225.1	287	NZ_FNMB01000071.1
NZ_FNMB01000072.1	GCF_900106225.1	287	NZ_FNMB01000072.1
NZ_FNMB01000073.1	GCF_900106225.1	287	NZ_FNMB01000073.1
NZ_FNMB01000074.1	GCF_900106225.1	287	NZ_FNMB01000074.1
NZ_FNMB01000075.1	GCF_900106225.1	287	NZ_FNMB01000075.1
NZ_FNMB01000076.1	GCF_900106225.1	287	NZ_FNMB01000076.1
NZ_FNMB01000077.1	GCF_900106225.1	287	NZ_FNMB01000077.1
NZ_FNMB01000078.1	GCF_900106225.1	287	NZ_FNMB01000078.1
NZ_FNMB01000079.1	GCF_900106225.1	287	NZ_FNMB01000079.1
NZ_FNMB01000080.1	GCF_900106225.1	287	NZ_FNMB01000080.1
NZ_FNMB01000081.1	GCF_900106225.1	287	NZ_FNMB01000081.1
NZ_FNMB01000082.1	GCF_900106225.1	287	NZ_FNMB01000082.1
NZ_FNMB01000083.1	GCF_900106225.1	287	NZ_FNMB01000083.1
NZ_FNMB01000084.1	GCF_900106225.1	287	NZ_FNMB01000084.1
NZ_FNMB01000085.1	GCF_900106225.1	287	NZ_FNMB01000085.1
NZ_FNMB01000086.1	GCF_900106225.1	287	NZ_FNMB01000086.1
NZ_FNMB01000087.1	GCF_900106225.1	287	NZ_FNMB01000087.1
NZ_FNMB01000088.1	GCF_900106225.1	287	NZ_FNMB01000088.1
NZ_FNMB01000089.1	GCF_900106225.1	287	NZ_FNMB01000089.1
NZ_FNMB01000090.1	GCF_900106225.1	287	NZ_FNMB01000090.1
NZ_FNMB01000091.1	GCF_900106225.1	287	NZ_FNMB01000091.1
NZ_FNMB01000044.1	GCF_900106225.1	287	NZ_FNMB01000044.1
NZ_FNMB01000045.1	GCF_900106225.1	287	NZ_FNMB01000045.1
NZ_FNMB01000046.1	GCF_900106225.1	287	NZ_FNMB01000046.1
NZ_FNMB01000047.1	GCF_900106225.1	287	NZ_FNMB01000047.1
NZ_FNMB01000048.1	GCF_900106225.1	287	NZ_FNMB01000048.1
NZ_FNMB01000049.1	GCF_900106225.1	287	NZ_FNMB01000049.1
NZ_FNMB01000050.1	GCF_900106225.1	287	NZ_FNMB01000050.1
NZ_FNMB01000051.1	GCF_900106225.1	287	NZ_FNMB01000051.1
NZ_FNMB01000052.1	GCF_900106225.1	287	NZ_FNMB01000052.1
NZ_FNMB01000053.1	GCF_900106225.1	287	NZ_FNMB01000053.1
NZ_FNMB01000054.1	GCF_900106225.1	287	NZ_FNMB01000054.1
NZ_FNMB01000055.1	GCF_900106225.1	287	NZ_FNMB01000055.1
NZ_FNMB01000056.1	GCF_900106225.1	287	NZ_FNMB01000056.1
NZ_FNMB01000057.1	GCF_900106225.1	287	NZ_FNMB01000057.1
NZ_FNMB01000058.1	GCF_900106225.1	287	NZ_FNMB01000058.1
NZ_FNMB01000059.1	GCF_900106225.1	287	NZ_FNMB01000059.1
NZ_FNMB01000060.1	GCF_900106225.1	287	NZ_FNMB01000060.1
NZ_FNMB01000061.1	GCF_900106225.1	287	NZ_FNMB01000061.1
NZ_FNMB01000062.1	GCF_900106225.1	287	NZ_FNMB01000062.1
NZ_FNMB01000063.1	GCF_900106225.1	287	NZ_FNMB01000063.1
NZ_FNMB01000064.1	GCF_900106225.1	287	NZ_FNMB01000064.1
NZ_FNMB01000065.1	GCF_900106225.1	287	NZ_FNMB01000065.1
NZ_FNMB01000066.1	GCF_900106225.1	287	NZ_FNMB01000066.1
NZ_FNMB01000067.1	GCF_900106225.1	287	NZ_FNMB01000067.1
NZ_FNMB01000068.1	GCF_900106225.1	287	NZ_FNMB01000068.1
NZ_FNMB01000031.1	GCF_900106225.1	287	NZ_FNMB01000031.1
NZ_FNMB01000042.1	GCF_900106225.1	287	NZ_FNMB01000042.1
NZ_FNMB01000043.1	GCF_900106225.1	287	NZ_FNMB01000043.1
NZ_FNMB01000039.1	GCF_900106225.1	287	NZ_FNMB01000039.1
NZ_FNMB01000040.1	GCF_900106225.1	287	NZ_FNMB01000040.1
NZ_FNMB01000041.1	GCF_900106225.1	287	NZ_FNMB01000041.1
NZ_FNMB01000032.1	GCF_900106225.1	287	NZ_FNMB01000032.1
NZ_FNMB01000037.1	GCF_900106225.1	287	NZ_FNMB01000037.1
NZ_FNMB01000038.1	GCF_900106225.1	287	NZ_FNMB01000038.1
NZ_FNMB01000033.1	GCF_900106225.1	287	NZ_FNMB01000033.1
NZ_FNMB01000034.1	GCF_900106225.1	287	NZ_FNMB01000034.1
NZ_FNMB01000035.1	GCF_900106225.1	287	NZ_FNMB01000035.1
NZ_FNMB01000036.1	GCF_900106225.1	287	NZ_FNMB01000036.1
NZ_CP084876.1	GCF_020525925.1	1667327	NZ_CP084876.1
NZ_CP084877.1	GCF_020525925.1	1667327	NZ_CP084877.1
NZ_UAWJ01000035.1	GCF_900461305.1	1509	NZ_UAWJ01000035.1
NZ_UAWJ01000031.1	GCF_900461305.1	1509	NZ_UAWJ01000031.1
NZ_UAWJ01000030.1	GCF_900461305.1	1509	NZ_UAWJ01000030.1
NZ_UAWJ01000029.1	GCF_900461305.1	1509	NZ_UAWJ01000029.1
NZ_UAWJ01000028.1	GCF_900461305.1	1509	NZ_UAWJ01000028.1
NZ_UAWJ01000032.1	GCF_900461305.1	1509	NZ_UAWJ01000032.1
NZ_UAWJ01000027.1	GCF_900461305.1	1509	NZ_UAWJ01000027.1
NZ_UAWJ01000034.1	GCF_900461305.1	1509	NZ_UAWJ01000034.1
NZ_UAWJ01000026.1	GCF_900461305.1	1509	NZ_UAWJ01000026.1
NZ_UAWJ01000010.1	GCF_900461305.1	1509	NZ_UAWJ01000010.1
NZ_UAWJ01000001.1	GCF_900461305.1	1509	NZ_UAWJ01000001.1
NZ_UAWJ01000009.1	GCF_900461305.1	1509	NZ_UAWJ01000009.1
NZ_UAWJ01000012.1	GCF_900461305.1	1509	NZ_UAWJ01000012.1
NZ_UAWJ01000008.1	GCF_900461305.1	1509	NZ_UAWJ01000008.1
NZ_UAWJ01000011.1	GCF_900461305.1	1509	NZ_UAWJ01000011.1
NZ_UAWJ01000004.1	GCF_900461305.1	1509	NZ_UAWJ01000004.1
NZ_UAWJ01000021.1	GCF_900461305.1	1509	NZ_UAWJ01000021.1
NZ_UAWJ01000003.1	GCF_900461305.1	1509	NZ_UAWJ01000003.1
NZ_UAWJ01000007.1	GCF_900461305.1	1509	NZ_UAWJ01000007.1
NZ_UAWJ01000006.1	GCF_900461305.1	1509	NZ_UAWJ01000006.1
NZ_UAWJ01000033.1	GCF_900461305.1	1509	NZ_UAWJ01000033.1
NZ_UAWJ01000002.1	GCF_900461305.1	1509	NZ_UAWJ01000002.1
NZ_UAWJ01000013.1	GCF_900461305.1	1509	NZ_UAWJ01000013.1
NZ_UAWJ01000018.1	GCF_900461305.1	1509	NZ_UAWJ01000018.1
NZ_UAWJ01000025.1	GCF_900461305.1	1509	NZ_UAWJ01000025.1
NZ_UAWJ01000014.1	GCF_900461305.1	1509	NZ_UAWJ01000014.1
NZ_UAWJ01000024.1	GCF_900461305.1	1509	NZ_UAWJ01000024.1
NZ_UAWJ01000015.1	GCF_900461305.1	1509	NZ_UAWJ01000015.1
NZ_UAWJ01000016.1	GCF_900461305.1	1509	NZ_UAWJ01000016.1
NZ_UAWJ01000017.1	GCF_900461305.1	1509	NZ_UAWJ01000017.1
NZ_UAWJ01000019.1	GCF_900461305.1	1509	NZ_UAWJ01000019.1
NZ_UAWJ01000023.1	GCF_900461305.1	1509	NZ_UAWJ01000023.1
NZ_UAWJ01000020.1	GCF_900461305.1	1509	NZ_UAWJ01000020.1
NZ_UAWJ01000005.1	GCF_900461305.1	1509	NZ_UAWJ01000005.1
NZ_UAWJ01000022.1	GCF_900461305.1	1509	NZ_UAWJ01000022.1
NZ_CP140161.1	GCF_034478925.1	1402	NZ_CP140161.1
NZ_AP028077.1	GCF_030297255.1	28450	NZ_AP028077.1
NZ_AP028078.1	GCF_030297255.1	28450	NZ_AP028078.1
NZ_CP028325.1	GCF_003050665.1	210	NZ_CP028325.1
NZ_BCVB01000010.1	GCF_001591525.1	1348623	NZ_BCVB01000010.1
NZ_BCVB01000009.1	GCF_001591525.1	1348623	NZ_BCVB01000009.1
NZ_BCVB01000008.1	GCF_001591525.1	1348623	NZ_BCVB01000008.1
NZ_BCVB01000001.1	GCF_001591525.1	1348623	NZ_BCVB01000001.1
NZ_BCVB01000003.1	GCF_001591525.1	1348623	NZ_BCVB01000003.1
NZ_BCVB01000002.1	GCF_001591525.1	1348623	NZ_BCVB01000002.1
NZ_BCVB01000007.1	GCF_001591525.1	1348623	NZ_BCVB01000007.1
NZ_BCVB01000004.1	GCF_001591525.1	1348623	NZ_BCVB01000004.1
NZ_BCVB01000006.1	GCF_001591525.1	1348623	NZ_BCVB01000006.1
NZ_BCVB01000005.1	GCF_001591525.1	1348623	NZ_BCVB01000005.1
NZ_BCVB01000011.1	GCF_001591525.1	1348623	NZ_BCVB01000011.1
NZ_BCVB01000044.1	GCF_001591525.1	1348623	NZ_BCVB01000044.1
NZ_BCVB01000045.1	GCF_001591525.1	1348623	NZ_BCVB01000045.1
NZ_BCVB01000046.1	GCF_001591525.1	1348623	NZ_BCVB01000046.1
NZ_BCVB01000047.1	GCF_001591525.1	1348623	NZ_BCVB01000047.1
NZ_BCVB01000048.1	GCF_001591525.1	1348623	NZ_BCVB01000048.1
NZ_BCVB01000049.1	GCF_001591525.1	1348623	NZ_BCVB01000049.1
NZ_BCVB01000050.1	GCF_001591525.1	1348623	NZ_BCVB01000050.1
NZ_BCVB01000032.1	GCF_001591525.1	1348623	NZ_BCVB01000032.1
NZ_BCVB01000033.1	GCF_001591525.1	1348623	NZ_BCVB01000033.1
NZ_BCVB01000034.1	GCF_001591525.1	1348623	NZ_BCVB01000034.1
NZ_BCVB01000035.1	GCF_001591525.1	1348623	NZ_BCVB01000035.1
NZ_BCVB01000036.1	GCF_001591525.1	1348623	NZ_BCVB01000036.1
NZ_BCVB01000037.1	GCF_001591525.1	1348623	NZ_BCVB01000037.1
NZ_BCVB01000038.1	GCF_001591525.1	1348623	NZ_BCVB01000038.1
NZ_BCVB01000039.1	GCF_001591525.1	1348623	NZ_BCVB01000039.1
NZ_BCVB01000040.1	GCF_001591525.1	1348623	NZ_BCVB01000040.1
NZ_BCVB01000041.1	GCF_001591525.1	1348623	NZ_BCVB01000041.1
NZ_BCVB01000042.1	GCF_001591525.1	1348623	NZ_BCVB01000042.1
NZ_BCVB01000043.1	GCF_001591525.1	1348623	NZ_BCVB01000043.1
NZ_BCVB01000026.1	GCF_001591525.1	1348623	NZ_BCVB01000026.1
NZ_BCVB01000027.1	GCF_001591525.1	1348623	NZ_BCVB01000027.1
NZ_BCVB01000028.1	GCF_001591525.1	1348623	NZ_BCVB01000028.1
NZ_BCVB01000029.1	GCF_001591525.1	1348623	NZ_BCVB01000029.1
NZ_BCVB01000030.1	GCF_001591525.1	1348623	NZ_BCVB01000030.1
NZ_BCVB01000031.1	GCF_001591525.1	1348623	NZ_BCVB01000031.1
NZ_BCVB01000021.1	GCF_001591525.1	1348623	NZ_BCVB01000021.1
NZ_BCVB01000022.1	GCF_001591525.1	1348623	NZ_BCVB01000022.1
NZ_BCVB01000023.1	GCF_001591525.1	1348623	NZ_BCVB01000023.1
NZ_BCVB01000024.1	GCF_001591525.1	1348623	NZ_BCVB01000024.1
NZ_BCVB01000025.1	GCF_001591525.1	1348623	NZ_BCVB01000025.1
NZ_BCVB01000018.1	GCF_001591525.1	1348623	NZ_BCVB01000018.1
NZ_BCVB01000019.1	GCF_001591525.1	1348623	NZ_BCVB01000019.1
NZ_BCVB01000020.1	GCF_001591525.1	1348623	NZ_BCVB01000020.1
NZ_BCVB01000014.1	GCF_001591525.1	1348623	NZ_BCVB01000014.1
NZ_BCVB01000015.1	GCF_001591525.1	1348623	NZ_BCVB01000015.1
NZ_BCVB01000016.1	GCF_001591525.1	1348623	NZ_BCVB01000016.1
NZ_BCVB01000017.1	GCF_001591525.1	1348623	NZ_BCVB01000017.1
NZ_BCVB01000012.1	GCF_001591525.1	1348623	NZ_BCVB01000012.1
NZ_BCVB01000013.1	GCF_001591525.1	1348623	NZ_BCVB01000013.1
NC_002516.2	GCF_000006765.1	208964	NC_002516.2
NZ_JACYYI010000010.1	GCF_017090145.1	470	NZ_JACYYI010000010.1
NZ_JACYYI010000011.1	GCF_017090145.1	470	NZ_JACYYI010000011.1
NZ_JACYYI010000012.1	GCF_017090145.1	470	NZ_JACYYI010000012.1
NZ_JACYYI010000013.1	GCF_017090145.1	470	NZ_JACYYI010000013.1
NZ_JACYYI010000014.1	GCF_017090145.1	470	NZ_JACYYI010000014.1
NZ_JACYYI010000015.1	GCF_017090145.1	470	NZ_JACYYI010000015.1
NZ_JACYYI010000016.1	GCF_017090145.1	470	NZ_JACYYI010000016.1
NZ_JACYYI010000017.1	GCF_017090145.1	470	NZ_JACYYI010000017.1
NZ_JACYYI010000018.1	GCF_017090145.1	470	NZ_JACYYI010000018.1
NZ_JACYYI010000019.1	GCF_017090145.1	470	NZ_JACYYI010000019.1
NZ_JACYYI010000001.1	GCF_017090145.1	470	NZ_JACYYI010000001.1
NZ_JACYYI010000020.1	GCF_017090145.1	470	NZ_JACYYI010000020.1
NZ_JACYYI010000021.1	GCF_017090145.1	470	NZ_JACYYI010000021.1
NZ_JACYYI010000022.1	GCF_017090145.1	470	NZ_JACYYI010000022.1
NZ_JACYYI010000023.1	GCF_017090145.1	470	NZ_JACYYI010000023.1
NZ_JACYYI010000024.1	GCF_017090145.1	470	NZ_JACYYI010000024.1
NZ_JACYYI010000025.1	GCF_017090145.1	470	NZ_JACYYI010000025.1
NZ_JACYYI010000026.1	GCF_017090145.1	470	NZ_JACYYI010000026.1
NZ_JACYYI010000027.1	GCF_017090145.1	470	NZ_JACYYI010000027.1
NZ_JACYYI010000028.1	GCF_017090145.1	470	NZ_JACYYI010000028.1
NZ_JACYYI010000002.1	GCF_017090145.1	470	NZ_JACYYI010000002.1
NZ_JACYYI010000029.1	GCF_017090145.1	470	NZ_JACYYI010000029.1
NZ_JACYYI010000030.1	GCF_017090145.1	470	NZ_JACYYI010000030.1
NZ_JACYYI010000031.1	GCF_017090145.1	470	NZ_JACYYI010000031.1
NZ_JACYYI010000032.1	GCF_017090145.1	470	NZ_JACYYI010000032.1
NZ_JACYYI010000003.1	GCF_017090145.1	470	NZ_JACYYI010000003.1
NZ_JACYYI010000004.1	GCF_017090145.1	470	NZ_JACYYI010000004.1
NZ_JACYYI010000033.1	GCF_017090145.1	470	NZ_JACYYI010000033.1
NZ_JACYYI010000034.1	GCF_017090145.1	470	NZ_JACYYI010000034.1
NZ_JACYYI010000035.1	GCF_017090145.1	470	NZ_JACYYI010000035.1
NZ_JACYYI010000005.1	GCF_017090145.1	470	NZ_JACYYI010000005.1
NZ_JACYYI010000036.1	GCF_017090145.1	470	NZ_JACYYI010000036.1
NZ_JACYYI010000006.1	GCF_017090145.1	470	NZ_JACYYI010000006.1
NZ_JACYYI010000007.1	GCF_017090145.1	470	NZ_JACYYI010000007.1
NZ_JACYYI010000008.1	GCF_017090145.1	470	NZ_JACYYI010000008.1
NZ_JACYYI010000009.1	GCF_017090145.1	470	NZ_JACYYI010000009.1
NC_002505.1	GCF_000006745.1	243277	NC_002505.1
NC_002506.1	GCF_000006745.1	243277	NC_002506.1
NZ_CP077308.1	GCF_019048245.1	158836	NZ_CP077308.1
NZ_CP077309.1	GCF_019048245.1	158836	NZ_CP077309.1
NZ_CP077310.1	GCF_019048245.1	158836	NZ_CP077310.1
NZ_LR134525.1	GCF_900638555.1	487	NZ_LR134525.1
NZ_CP017183.1	GCF_001729785.1	1296536	NZ_CP017183.1
NZ_AP026446.1	GCF_025998455.1	210	NZ_AP026446.1
NZ_CBCSAK010000001.1	GCF_965138055.1	1282	NZ_CBCSAK010000001.1
NZ_CBCSAK010000002.1	GCF_965138055.1	1282	NZ_CBCSAK010000002.1
NZ_CBCSAK010000003.1	GCF_965138055.1	1282	NZ_CBCSAK010000003.1
NZ_CBCSAK010000004.1	GCF_965138055.1	1282	NZ_CBCSAK010000004.1
NZ_CBCSAK010000005.1	GCF_965138055.1	1282	NZ_CBCSAK010000005.1
NZ_CBCSAK010000006.1	GCF_965138055.1	1282	NZ_CBCSAK010000006.1
NZ_CBCSAK010000007.1	GCF_965138055.1	1282	NZ_CBCSAK010000007.1
NZ_CBCSAK010000008.1	GCF_965138055.1	1282	NZ_CBCSAK010000008.1
NZ_CBCSAK010000009.1	GCF_965138055.1	1282	NZ_CBCSAK010000009.1
NZ_CBCSAK010000010.1	GCF_965138055.1	1282	NZ_CBCSAK010000010.1
NZ_CBCSAK010000011.1	GCF_965138055.1	1282	NZ_CBCSAK010000011.1
NZ_CBCSAK010000012.1	GCF_965138055.1	1282	NZ_CBCSAK010000012.1
NZ_CBCSAK010000013.1	GCF_965138055.1	1282	NZ_CBCSAK010000013.1
NZ_CBCSAK010000014.1	GCF_965138055.1	1282	NZ_CBCSAK010000014.1
NZ_CBCSAK010000015.1	GCF_965138055.1	1282	NZ_CBCSAK010000015.1
NZ_CBCSAK010000016.1	GCF_965138055.1	1282	NZ_CBCSAK010000016.1
NZ_CBCSAK010000017.1	GCF_965138055.1	1282	NZ_CBCSAK010000017.1
NZ_CBCSAK010000018.1	GCF_965138055.1	1282	NZ_CBCSAK010000018.1
NZ_CBCSAK010000019.1	GCF_965138055.1	1282	NZ_CBCSAK010000019.1
NZ_CBCSAK010000020.1	GCF_965138055.1	1282	NZ_CBCSAK010000020.1
NZ_CBCSAK010000021.1	GCF_965138055.1	1282	NZ_CBCSAK010000021.1
NZ_CBCSAK010000022.1	GCF_965138055.1	1282	NZ_CBCSAK010000022.1
NZ_CBCSAK010000023.1	GCF_965138055.1	1282	NZ_CBCSAK010000023.1
NZ_CBCSAK010000024.1	GCF_965138055.1	1282	NZ_CBCSAK010000024.1
NZ_CBCSAK010000025.1	GCF_965138055.1	1282	NZ_CBCSAK010000025.1
NZ_CBCSAK010000026.1	GCF_965138055.1	1282	NZ_CBCSAK010000026.1
NZ_CBCSAK010000027.1	GCF_965138055.1	1282	NZ_CBCSAK010000027.1
NZ_CBCSAK010000028.1	GCF_965138055.1	1282	NZ_CBCSAK010000028.1
NZ_CBCSAK010000029.1	GCF_965138055.1	1282	NZ_CBCSAK010000029.1
NZ_CBCSAK010000030.1	GCF_965138055.1	1282	NZ_CBCSAK010000030.1
NZ_CBCSAK010000031.1	GCF_965138055.1	1282	NZ_CBCSAK010000031.1
NZ_CBCSAK010000032.1	GCF_965138055.1	1282	NZ_CBCSAK010000032.1
NZ_CBCSAK010000033.1	GCF_965138055.1	1282	NZ_CBCSAK010000033.1
NZ_CBCSAK010000034.1	GCF_965138055.1	1282	NZ_CBCSAK010000034.1
NZ_CBCSAK010000035.1	GCF_965138055.1	1282	NZ_CBCSAK010000035.1
NZ_CBCSAK010000036.1	GCF_965138055.1	1282	NZ_CBCSAK010000036.1
NZ_CBCSAK010000037.1	GCF_965138055.1	1282	NZ_CBCSAK010000037.1
NZ_CBCSAK010000038.1	GCF_965138055.1	1282	NZ_CBCSAK010000038.1
NZ_CBCSAK010000039.1	GCF_965138055.1	1282	NZ_CBCSAK010000039.1
NZ_CBCSAK010000040.1	GCF_965138055.1	1282	NZ_CBCSAK010000040.1
NZ_LLXW01000001.1	GCF_001431675.1	40324	NZ_LLXW01000001.1
NZ_LLXW01000002.1	GCF_001431675.1	40324	NZ_LLXW01000002.1
NZ_LLXW01000003.1	GCF_001431675.1	40324	NZ_LLXW01000003.1
NZ_LLXW01000004.1	GCF_001431675.1	40324	NZ_LLXW01000004.1
NZ_LLXW01000005.1	GCF_001431675.1	40324	NZ_LLXW01000005.1
NZ_LLXW01000006.1	GCF_001431675.1	40324	NZ_LLXW01000006.1
NZ_LLXW01000007.1	GCF_001431675.1	40324	NZ_LLXW01000007.1
NZ_LLXW01000008.1	GCF_001431675.1	40324	NZ_LLXW01000008.1
NZ_LLXW01000009.1	GCF_001431675.1	40324	NZ_LLXW01000009.1
NZ_LLXW01000010.1	GCF_001431675.1	40324	NZ_LLXW01000010.1
NZ_LLXW01000011.1	GCF_001431675.1	40324	NZ_LLXW01000011.1
NZ_LLXW01000012.1	GCF_001431675.1	40324	NZ_LLXW01000012.1
NZ_LLXW01000013.1	GCF_001431675.1	40324	NZ_LLXW01000013.1
NZ_LLXW01000014.1	GCF_001431675.1	40324	NZ_LLXW01000014.1
NZ_LLXW01000015.1	GCF_001431675.1	40324	NZ_LLXW01000015.1
NZ_LLXW01000016.1	GCF_001431675.1	40324	NZ_LLXW01000016.1
NZ_LLXW01000017.1	GCF_001431675.1	40324	NZ_LLXW01000017.1
NZ_LLXW01000018.1	GCF_001431675.1	40324	NZ_LLXW01000018.1
NZ_LLXW01000019.1	GCF_001431675.1	40324	NZ_LLXW01000019.1
NZ_LLXW01000020.1	GCF_001431675.1	40324	NZ_LLXW01000020.1
NZ_LLXW01000021.1	GCF_001431675.1	40324	NZ_LLXW01000021.1
NZ_LLXW01000022.1	GCF_001431675.1	40324	NZ_LLXW01000022.1
NZ_LLXW01000023.1	GCF_001431675.1	40324	NZ_LLXW01000023.1
NZ_LLXW01000024.1	GCF_001431675.1	40324	NZ_LLXW01000024.1
NZ_LLXW01000025.1	GCF_001431675.1	40324	NZ_LLXW01000025.1
NZ_LLXW01000026.1	GCF_001431675.1	40324	NZ_LLXW01000026.1
NZ_LLXW01000027.1	GCF_001431675.1	40324	NZ_LLXW01000027.1
NZ_LLXW01000028.1	GCF_001431675.1	40324	NZ_LLXW01000028.1
NZ_LLXW01000029.1	GCF_001431675.1	40324	NZ_LLXW01000029.1
NZ_LLXW01000030.1	GCF_001431675.1	40324	NZ_LLXW01000030.1
NZ_LLXW01000031.1	GCF_001431675.1	40324	NZ_LLXW01000031.1
NZ_LLXW01000032.1	GCF_001431675.1	40324	NZ_LLXW01000032.1
NZ_LLXW01000033.1	GCF_001431675.1	40324	NZ_LLXW01000033.1
NZ_LLXW01000034.1	GCF_001431675.1	40324	NZ_LLXW01000034.1
NZ_LLXW01000035.1	GCF_001431675.1	40324	NZ_LLXW01000035.1
NZ_LLXW01000036.1	GCF_001431675.1	40324	NZ_LLXW01000036.1
NZ_LLXW01000037.1	GCF_001431675.1	40324	NZ_LLXW01000037.1
NZ_LLXW01000043.1	GCF_001431675.1	40324	NZ_LLXW01000043.1
NZ_LLXW01000038.1	GCF_001431675.1	40324	NZ_LLXW01000038.1
NZ_LLXW01000041.1	GCF_001431675.1	40324	NZ_LLXW01000041.1
NZ_LLXW01000042.1	GCF_001431675.1	40324	NZ_LLXW01000042.1
NZ_LLXW01000039.1	GCF_001431675.1	40324	NZ_LLXW01000039.1
NZ_LLXW01000040.1	GCF_001431675.1	40324	NZ_LLXW01000040.1
NZ_LLXW01000044.1	GCF_001431675.1	40324	NZ_LLXW01000044.1
NZ_LLXW01000045.1	GCF_001431675.1	40324	NZ_LLXW01000045.1
NZ_LLXW01000046.1	GCF_001431675.1	40324	NZ_LLXW01000046.1
NZ_LLXW01000047.1	GCF_001431675.1	40324	NZ_LLXW01000047.1
NZ_LLXW01000048.1	GCF_001431675.1	40324	NZ_LLXW01000048.1
NZ_LLXW01000049.1	GCF_001431675.1	40324	NZ_LLXW01000049.1
NZ_LLXW01000050.1	GCF_001431675.1	40324	NZ_LLXW01000050.1
NZ_LLXW01000051.1	GCF_001431675.1	40324	NZ_LLXW01000051.1
NZ_LLXW01000052.1	GCF_001431675.1	40324	NZ_LLXW01000052.1
NZ_LLXW01000053.1	GCF_001431675.1	40324	NZ_LLXW01000053.1
NZ_LLXW01000054.1	GCF_001431675.1	40324	NZ_LLXW01000054.1
NZ_LLXW01000055.1	GCF_001431675.1	40324	NZ_LLXW01000055.1
NZ_LLXW01000056.1	GCF_001431675.1	40324	NZ_LLXW01000056.1
NZ_LLXW01000057.1	GCF_001431675.1	40324	NZ_LLXW01000057.1
NZ_LLXW01000058.1	GCF_001431675.1	40324	NZ_LLXW01000058.1
NZ_LLXW01000059.1	GCF_001431675.1	40324	NZ_LLXW01000059.1
NZ_LLXW01000060.1	GCF_001431675.1	40324	NZ_LLXW01000060.1
NZ_LLXW01000061.1	GCF_001431675.1	40324	NZ_LLXW01000061.1
NZ_LLXW01000062.1	GCF_001431675.1	40324	NZ_LLXW01000062.1
NZ_LLXW01000063.1	GCF_001431675.1	40324	NZ_LLXW01000063.1
NZ_LLXW01000064.1	GCF_001431675.1	40324	NZ_LLXW01000064.1
NZ_LLXW01000065.1	GCF_001431675.1	40324	NZ_LLXW01000065.1
NZ_LLXW01000066.1	GCF_001431675.1	40324	NZ_LLXW01000066.1
NZ_LLXW01000067.1	GCF_001431675.1	40324	NZ_LLXW01000067.1
NZ_LLXW01000068.1	GCF_001431675.1	40324	NZ_LLXW01000068.1
NZ_LLXW01000069.1	GCF_001431675.1	40324	NZ_LLXW01000069.1
NZ_LLXW01000070.1	GCF_001431675.1	40324	NZ_LLXW01000070.1
NZ_LLXW01000071.1	GCF_001431675.1	40324	NZ_LLXW01000071.1
NZ_LLXW01000072.1	GCF_001431675.1	40324	NZ_LLXW01000072.1
NZ_LLXW01000073.1	GCF_001431675.1	40324	NZ_LLXW01000073.1
NZ_LLXW01000074.1	GCF_001431675.1	40324	NZ_LLXW01000074.1
NZ_LLXW01000075.1	GCF_001431675.1	40324	NZ_LLXW01000075.1
NZ_LLXW01000076.1	GCF_001431675.1	40324	NZ_LLXW01000076.1
NZ_LLXW01000077.1	GCF_001431675.1	40324	NZ_LLXW01000077.1
NZ_LLXW01000078.1	GCF_001431675.1	40324	NZ_LLXW01000078.1
NZ_LLXW01000079.1	GCF_001431675.1	40324	NZ_LLXW01000079.1
NZ_LLXW01000080.1	GCF_001431675.1	40324	NZ_LLXW01000080.1
NZ_LLXW01000081.1	GCF_001431675.1	40324	NZ_LLXW01000081.1
NZ_LLXW01000082.1	GCF_001431675.1	40324	NZ_LLXW01000082.1
NZ_LLXW01000083.1	GCF_001431675.1	40324	NZ_LLXW01000083.1
NZ_LLXW01000084.1	GCF_001431675.1	40324	NZ_LLXW01000084.1
NZ_LLXW01000085.1	GCF_001431675.1	40324	NZ_LLXW01000085.1
NZ_LLXW01000086.1	GCF_001431675.1	40324	NZ_LLXW01000086.1
NZ_LLXW01000087.1	GCF_001431675.1	40324	NZ_LLXW01000087.1
NZ_LLXW01000088.1	GCF_001431675.1	40324	NZ_LLXW01000088.1
NZ_LLXW01000089.1	GCF_001431675.1	40324	NZ_LLXW01000089.1
NZ_LLXW01000090.1	GCF_001431675.1	40324	NZ_LLXW01000090.1
NZ_LLXW01000091.1	GCF_001431675.1	40324	NZ_LLXW01000091.1
NZ_LLXW01000092.1	GCF_001431675.1	40324	NZ_LLXW01000092.1
NZ_LLXW01000093.1	GCF_001431675.1	40324	NZ_LLXW01000093.1
NZ_LLXW01000094.1	GCF_001431675.1	40324	NZ_LLXW01000094.1
NZ_LLXW01000095.1	GCF_001431675.1	40324	NZ_LLXW01000095.1
NZ_LLXW01000096.1	GCF_001431675.1	40324	NZ_LLXW01000096.1
NZ_LLXW01000097.1	GCF_001431675.1	40324	NZ_LLXW01000097.1
NZ_LLXW01000098.1	GCF_001431675.1	40324	NZ_LLXW01000098.1
NZ_LLXW01000099.1	GCF_001431675.1	40324	NZ_LLXW01000099.1
NZ_LLXW01000100.1	GCF_001431675.1	40324	NZ_LLXW01000100.1
NZ_LLXW01000101.1	GCF_001431675.1	40324	NZ_LLXW01000101.1
NZ_LLXW01000102.1	GCF_001431675.1	40324	NZ_LLXW01000102.1
NZ_LLXW01000103.1	GCF_001431675.1	40324	NZ_LLXW01000103.1
NZ_LLXW01000104.1	GCF_001431675.1	40324	NZ_LLXW01000104.1
NZ_LLXW01000105.1	GCF_001431675.1	40324	NZ_LLXW01000105.1
NZ_LLXW01000106.1	GCF_001431675.1	40324	NZ_LLXW01000106.1
NZ_LLXW01000107.1	GCF_001431675.1	40324	NZ_LLXW01000107.1
NZ_LLXW01000108.1	GCF_001431675.1	40324	NZ_LLXW01000108.1
NZ_LLXW01000109.1	GCF_001431675.1	40324	NZ_LLXW01000109.1
NZ_LLXW01000171.1	GCF_001431675.1	40324	NZ_LLXW01000171.1
NZ_LLXW01000172.1	GCF_001431675.1	40324	NZ_LLXW01000172.1
NZ_LLXW01000173.1	GCF_001431675.1	40324	NZ_LLXW01000173.1
NZ_LLXW01000110.1	GCF_001431675.1	40324	NZ_LLXW01000110.1
NZ_LLXW01000167.1	GCF_001431675.1	40324	NZ_LLXW01000167.1
NZ_LLXW01000168.1	GCF_001431675.1	40324	NZ_LLXW01000168.1
NZ_LLXW01000169.1	GCF_001431675.1	40324	NZ_LLXW01000169.1
NZ_LLXW01000170.1	GCF_001431675.1	40324	NZ_LLXW01000170.1
NZ_LLXW01000162.1	GCF_001431675.1	40324	NZ_LLXW01000162.1
NZ_LLXW01000163.1	GCF_001431675.1	40324	NZ_LLXW01000163.1
NZ_LLXW01000164.1	GCF_001431675.1	40324	NZ_LLXW01000164.1
NZ_LLXW01000165.1	GCF_001431675.1	40324	NZ_LLXW01000165.1
NZ_LLXW01000166.1	GCF_001431675.1	40324	NZ_LLXW01000166.1
NZ_LLXW01000161.1	GCF_001431675.1	40324	NZ_LLXW01000161.1
NZ_LLXW01000111.1	GCF_001431675.1	40324	NZ_LLXW01000111.1
NZ_LLXW01000155.1	GCF_001431675.1	40324	NZ_LLXW01000155.1
NZ_LLXW01000156.1	GCF_001431675.1	40324	NZ_LLXW01000156.1
NZ_LLXW01000157.1	GCF_001431675.1	40324	NZ_LLXW01000157.1
NZ_LLXW01000158.1	GCF_001431675.1	40324	NZ_LLXW01000158.1
NZ_LLXW01000159.1	GCF_001431675.1	40324	NZ_LLXW01000159.1
NZ_LLXW01000160.1	GCF_001431675.1	40324	NZ_LLXW01000160.1
NZ_LLXW01000112.1	GCF_001431675.1	40324	NZ_LLXW01000112.1
NZ_LLXW01000113.1	GCF_001431675.1	40324	NZ_LLXW01000113.1
NZ_LLXW01000114.1	GCF_001431675.1	40324	NZ_LLXW01000114.1
NZ_LLXW01000125.1	GCF_001431675.1	40324	NZ_LLXW01000125.1
NZ_LLXW01000126.1	GCF_001431675.1	40324	NZ_LLXW01000126.1
NZ_LLXW01000127.1	GCF_001431675.1	40324	NZ_LLXW01000127.1
NZ_LLXW01000115.1	GCF_001431675.1	40324	NZ_LLXW01000115.1
NZ_LLXW01000116.1	GCF_001431675.1	40324	NZ_LLXW01000116.1
NZ_LLXW01000117.1	GCF_001431675.1	40324	NZ_LLXW01000117.1
NZ_LLXW01000123.1	GCF_001431675.1	40324	NZ_LLXW01000123.1
NZ_LLXW01000124.1	GCF_001431675.1	40324	NZ_LLXW01000124.1
NZ_LLXW01000120.1	GCF_001431675.1	40324	NZ_LLXW01000120.1
NZ_LLXW01000121.1	GCF_001431675.1	40324	NZ_LLXW01000121.1
NZ_LLXW01000122.1	GCF_001431675.1	40324	NZ_LLXW01000122.1
NZ_LLXW01000118.1	GCF_001431675.1	40324	NZ_LLXW01000118.1
NZ_LLXW01000119.1	GCF_001431675.1	40324	NZ_LLXW01000119.1
NZ_LLXW01000131.1	GCF_001431675.1	40324	NZ_LLXW01000131.1
NZ_LLXW01000132.1	GCF_001431675.1	40324	NZ_LLXW01000132.1
NZ_LLXW01000133.1	GCF_001431675.1	40324	NZ_LLXW01000133.1
NZ_LLXW01000134.1	GCF_001431675.1	40324	NZ_LLXW01000134.1
NZ_LLXW01000135.1	GCF_001431675.1	40324	NZ_LLXW01000135.1
NZ_LLXW01000136.1	GCF_001431675.1	40324	NZ_LLXW01000136.1
NZ_LLXW01000128.1	GCF_001431675.1	40324	NZ_LLXW01000128.1
NZ_LLXW01000129.1	GCF_001431675.1	40324	NZ_LLXW01000129.1
NZ_LLXW01000130.1	GCF_001431675.1	40324	NZ_LLXW01000130.1
NZ_LLXW01000150.1	GCF_001431675.1	40324	NZ_LLXW01000150.1
NZ_LLXW01000151.1	GCF_001431675.1	40324	NZ_LLXW01000151.1
NZ_LLXW01000152.1	GCF_001431675.1	40324	NZ_LLXW01000152.1
NZ_LLXW01000153.1	GCF_001431675.1	40324	NZ_LLXW01000153.1
NZ_LLXW01000154.1	GCF_001431675.1	40324	NZ_LLXW01000154.1
NZ_LLXW01000137.1	GCF_001431675.1	40324	NZ_LLXW01000137.1
NZ_LLXW01000138.1	GCF_001431675.1	40324	NZ_LLXW01000138.1
NZ_LLXW01000139.1	GCF_001431675.1	40324	NZ_LLXW01000139.1
NZ_LLXW01000140.1	GCF_001431675.1	40324	NZ_LLXW01000140.1
NZ_LLXW01000149.1	GCF_001431675.1	40324	NZ_LLXW01000149.1
NZ_LLXW01000141.1	GCF_001431675.1	40324	NZ_LLXW01000141.1
NZ_LLXW01000145.1	GCF_001431675.1	40324	NZ_LLXW01000145.1
NZ_LLXW01000146.1	GCF_001431675.1	40324	NZ_LLXW01000146.1
NZ_LLXW01000147.1	GCF_001431675.1	40324	NZ_LLXW01000147.1
NZ_LLXW01000148.1	GCF_001431675.1	40324	NZ_LLXW01000148.1
NZ_LLXW01000142.1	GCF_001431675.1	40324	NZ_LLXW01000142.1
NZ_LLXW01000143.1	GCF_001431675.1	40324	NZ_LLXW01000143.1
NZ_LLXW01000144.1	GCF_001431675.1	40324	NZ_LLXW01000144.1
NZ_CP045110.1	GCF_009035845.1	470	NZ_CP045110.1
NZ_CP045108.1	GCF_009035845.1	470	NZ_CP045108.1
NZ_CP045109.1	GCF_009035845.1	470	NZ_CP045109.1
NZ_LN831051.1	GCF_001457635.1	1313	NZ_LN831051.1
NZ_KB849970.1	GCF_000369385.1	575584	NZ_KB849970.1
NZ_KB849971.1	GCF_000369385.1	575584	NZ_KB849971.1
NZ_KB849972.1	GCF_000369385.1	575584	NZ_KB849972.1
NZ_KB849973.1	GCF_000369385.1	575584	NZ_KB849973.1
NZ_KB849974.1	GCF_000369385.1	575584	NZ_KB849974.1
NZ_KB849975.1	GCF_000369385.1	575584	NZ_KB849975.1
NZ_KB849976.1	GCF_000369385.1	575584	NZ_KB849976.1
NZ_KB849977.1	GCF_000369385.1	575584	NZ_KB849977.1
NZ_KB849978.1	GCF_000369385.1	575584	NZ_KB849978.1
NZ_KB849979.1	GCF_000369385.1	575584	NZ_KB849979.1
NZ_KB849980.1	GCF_000369385.1	575584	NZ_KB849980.1
NZ_KB849981.1	GCF_000369385.1	575584	NZ_KB849981.1
NZ_KB849982.1	GCF_000369385.1	575584	NZ_KB849982.1
NZ_KB849983.1	GCF_000369385.1	575584	NZ_KB849983.1
NZ_KB849984.1	GCF_000369385.1	575584	NZ_KB849984.1
NZ_KB849985.1	GCF_000369385.1	575584	NZ_KB849985.1
NZ_KB849986.1	GCF_000369385.1	575584	NZ_KB849986.1
NZ_KB849987.1	GCF_000369385.1	575584	NZ_KB849987.1
NZ_KB849988.1	GCF_000369385.1	575584	NZ_KB849988.1
NZ_KB849989.1	GCF_000369385.1	575584	NZ_KB849989.1
NZ_KB849990.1	GCF_000369385.1	575584	NZ_KB849990.1
NZ_KB849991.1	GCF_000369385.1	575584	NZ_KB849991.1
NZ_KB849992.1	GCF_000369385.1	575584	NZ_KB849992.1
NC_003450.3	GCF_000011325.1	196627	NC_003450.3
NZ_BCZA01000001.1	GCF_001598475.1	1220570	NZ_BCZA01000001.1
NZ_BCZA01000002.1	GCF_001598475.1	1220570	NZ_BCZA01000002.1
NZ_BCZA01000003.1	GCF_001598475.1	1220570	NZ_BCZA01000003.1
NZ_BCZA01000004.1	GCF_001598475.1	1220570	NZ_BCZA01000004.1
NZ_BCZA01000005.1	GCF_001598475.1	1220570	NZ_BCZA01000005.1
NZ_BCZA01000006.1	GCF_001598475.1	1220570	NZ_BCZA01000006.1
NZ_BCZA01000007.1	GCF_001598475.1	1220570	NZ_BCZA01000007.1
NZ_BCZA01000008.1	GCF_001598475.1	1220570	NZ_BCZA01000008.1
NZ_BCZA01000009.1	GCF_001598475.1	1220570	NZ_BCZA01000009.1
NZ_BCZA01000010.1	GCF_001598475.1	1220570	NZ_BCZA01000010.1
NZ_BCZA01000011.1	GCF_001598475.1	1220570	NZ_BCZA01000011.1
NZ_BCZA01000012.1	GCF_001598475.1	1220570	NZ_BCZA01000012.1
NZ_BCZA01000013.1	GCF_001598475.1	1220570	NZ_BCZA01000013.1
NZ_BCZA01000014.1	GCF_001598475.1	1220570	NZ_BCZA01000014.1
NZ_BCZA01000015.1	GCF_001598475.1	1220570	NZ_BCZA01000015.1
NZ_BCZA01000016.1	GCF_001598475.1	1220570	NZ_BCZA01000016.1
NZ_BCZA01000017.1	GCF_001598475.1	1220570	NZ_BCZA01000017.1
NZ_BCZA01000018.1	GCF_001598475.1	1220570	NZ_BCZA01000018.1
NZ_BCZA01000019.1	GCF_001598475.1	1220570	NZ_BCZA01000019.1
NZ_BCZA01000020.1	GCF_001598475.1	1220570	NZ_BCZA01000020.1
NZ_BCZA01000021.1	GCF_001598475.1	1220570	NZ_BCZA01000021.1
NZ_BCZA01000022.1	GCF_001598475.1	1220570	NZ_BCZA01000022.1
NZ_BCZA01000023.1	GCF_001598475.1	1220570	NZ_BCZA01000023.1
NZ_BCZA01000024.1	GCF_001598475.1	1220570	NZ_BCZA01000024.1
NZ_BCZA01000025.1	GCF_001598475.1	1220570	NZ_BCZA01000025.1
NC_003143.1	GCF_000009065.1	214092	NC_003143.1
NC_003131.1	GCF_000009065.1	214092	NC_003131.1
NC_003134.1	GCF_000009065.1	214092	NC_003134.1
NC_003132.1	GCF_000009065.1	214092	NC_003132.1
NZ_KI271195.1	GCF_000469365.1	649758	NZ_KI271195.1
NZ_KI271196.1	GCF_000469365.1	649758	NZ_KI271196.1
NZ_KI271197.1	GCF_000469365.1	649758	NZ_KI271197.1
NZ_KI271198.1	GCF_000469365.1	649758	NZ_KI271198.1
NZ_KI271199.1	GCF_000469365.1	649758	NZ_KI271199.1
NZ_KI271200.1	GCF_000469365.1	649758	NZ_KI271200.1
NZ_KI271201.1	GCF_000469365.1	649758	NZ_KI271201.1
NZ_KI271202.1	GCF_000469365.1	649758	NZ_KI271202.1
NZ_KI271203.1	GCF_000469365.1	649758	NZ_KI271203.1
NZ_KI271204.1	GCF_000469365.1	649758	NZ_KI271204.1
NZ_KI271205.1	GCF_000469365.1	649758	NZ_KI271205.1
NZ_KI271206.1	GCF_000469365.1	649758	NZ_KI271206.1
NZ_KI271207.1	GCF_000469365.1	649758	NZ_KI271207.1
NZ_KI271208.1	GCF_000469365.1	649758	NZ_KI271208.1
NZ_KI271209.1	GCF_000469365.1	649758	NZ_KI271209.1
NZ_KI271210.1	GCF_000469365.1	649758	NZ_KI271210.1
NZ_KI271211.1	GCF_000469365.1	649758	NZ_KI271211.1
NZ_KI271212.1	GCF_000469365.1	649758	NZ_KI271212.1
NZ_KI271213.1	GCF_000469365.1	649758	NZ_KI271213.1
NZ_KI271214.1	GCF_000469365.1	649758	NZ_KI271214.1
NZ_KI271215.1	GCF_000469365.1	649758	NZ_KI271215.1
NZ_KI271216.1	GCF_000469365.1	649758	NZ_KI271216.1
NZ_KI271217.1	GCF_000469365.1	649758	NZ_KI271217.1
NZ_KI271218.1	GCF_000469365.1	649758	NZ_KI271218.1
NZ_KI271219.1	GCF_000469365.1	649758	NZ_KI271219.1
NZ_KI271220.1	GCF_000469365.1	649758	NZ_KI271220.1
NZ_KI271221.1	GCF_000469365.1	649758	NZ_KI271221.1
NZ_KI271222.1	GCF_000469365.1	649758	NZ_KI271222.1
NZ_KI271223.1	GCF_000469365.1	649758	NZ_KI271223.1
NZ_KI271224.1	GCF_000469365.1	649758	NZ_KI271224.1
NZ_KI271225.1	GCF_000469365.1	649758	NZ_KI271225.1
NZ_KI271226.1	GCF_000469365.1	649758	NZ_KI271226.1
NZ_KI271227.1	GCF_000469365.1	649758	NZ_KI271227.1
NZ_KI271228.1	GCF_000469365.1	649758	NZ_KI271228.1
NZ_KI271229.1	GCF_000469365.1	649758	NZ_KI271229.1
NZ_KI271230.1	GCF_000469365.1	649758	NZ_KI271230.1
NZ_KI271231.1	GCF_000469365.1	649758	NZ_KI271231.1
NZ_KI271232.1	GCF_000469365.1	649758	NZ_KI271232.1
NZ_KI271233.1	GCF_000469365.1	649758	NZ_KI271233.1
NZ_KI271234.1	GCF_000469365.1	649758	NZ_KI271234.1
NZ_KI271235.1	GCF_000469365.1	649758	NZ_KI271235.1
NZ_KI271236.1	GCF_000469365.1	649758	NZ_KI271236.1
NZ_KI271237.1	GCF_000469365.1	649758	NZ_KI271237.1
NZ_KI271238.1	GCF_000469365.1	649758	NZ_KI271238.1
NZ_KI271239.1	GCF_000469365.1	649758	NZ_KI271239.1
NZ_KI271240.1	GCF_000469365.1	649758	NZ_KI271240.1
NZ_KI271241.1	GCF_000469365.1	649758	NZ_KI271241.1
NZ_KI271242.1	GCF_000469365.1	649758	NZ_KI271242.1
NZ_KI271243.1	GCF_000469365.1	649758	NZ_KI271243.1
NZ_KI271244.1	GCF_000469365.1	649758	NZ_KI271244.1
NZ_KI271245.1	GCF_000469365.1	649758	NZ_KI271245.1
NZ_KI271246.1	GCF_000469365.1	649758	NZ_KI271246.1
NZ_KI271247.1	GCF_000469365.1	649758	NZ_KI271247.1
NZ_KI271248.1	GCF_000469365.1	649758	NZ_KI271248.1
NZ_KI271249.1	GCF_000469365.1	649758	NZ_KI271249.1
NZ_KI271250.1	GCF_000469365.1	649758	NZ_KI271250.1
NZ_KI271251.1	GCF_000469365.1	649758	NZ_KI271251.1
NZ_KI271252.1	GCF_000469365.1	649758	NZ_KI271252.1
NZ_KI271253.1	GCF_000469365.1	649758	NZ_KI271253.1
NZ_KI271254.1	GCF_000469365.1	649758	NZ_KI271254.1
NZ_KI271255.1	GCF_000469365.1	649758	NZ_KI271255.1
NZ_KI271256.1	GCF_000469365.1	649758	NZ_KI271256.1
NZ_KI271257.1	GCF_000469365.1	649758	NZ_KI271257.1
NZ_KI271258.1	GCF_000469365.1	649758	NZ_KI271258.1
NZ_KI271259.1	GCF_000469365.1	649758	NZ_KI271259.1
NZ_KI271260.1	GCF_000469365.1	649758	NZ_KI271260.1
NZ_KI271261.1	GCF_000469365.1	649758	NZ_KI271261.1
NZ_KI271262.1	GCF_000469365.1	649758	NZ_KI271262.1
NZ_KI271263.1	GCF_000469365.1	649758	NZ_KI271263.1
NZ_KI271264.1	GCF_000469365.1	649758	NZ_KI271264.1
NZ_KI271266.1	GCF_000469365.1	649758	NZ_KI271266.1
NZ_KI271265.1	GCF_000469365.1	649758	NZ_KI271265.1
NZ_KI271278.1	GCF_000469365.1	649758	NZ_KI271278.1
NZ_KI271279.1	GCF_000469365.1	649758	NZ_KI271279.1
NZ_KI271267.1	GCF_000469365.1	649758	NZ_KI271267.1
NZ_KI271268.1	GCF_000469365.1	649758	NZ_KI271268.1
NZ_KI271269.1	GCF_000469365.1	649758	NZ_KI271269.1
NZ_KI271276.1	GCF_000469365.1	649758	NZ_KI271276.1
NZ_KI271277.1	GCF_000469365.1	649758	NZ_KI271277.1
NZ_KI271272.1	GCF_000469365.1	649758	NZ_KI271272.1
NZ_KI271273.1	GCF_000469365.1	649758	NZ_KI271273.1
NZ_KI271274.1	GCF_000469365.1	649758	NZ_KI271274.1
NZ_KI271275.1	GCF_000469365.1	649758	NZ_KI271275.1
NZ_KI271270.1	GCF_000469365.1	649758	NZ_KI271270.1
NZ_KI271271.1	GCF_000469365.1	649758	NZ_KI271271.1
NZ_KI271280.1	GCF_000469365.1	649758	NZ_KI271280.1
NZ_AZCP01000001.1	GCF_001433855.1	649758	NZ_AZCP01000001.1
NZ_AZCP01000010.1	GCF_001433855.1	649758	NZ_AZCP01000010.1
NZ_AZCP01000011.1	GCF_001433855.1	649758	NZ_AZCP01000011.1
NZ_AZCP01000002.1	GCF_001433855.1	649758	NZ_AZCP01000002.1
NZ_AZCP01000003.1	GCF_001433855.1	649758	NZ_AZCP01000003.1
NZ_AZCP01000004.1	GCF_001433855.1	649758	NZ_AZCP01000004.1
NZ_AZCP01000005.1	GCF_001433855.1	649758	NZ_AZCP01000005.1
NZ_AZCP01000006.1	GCF_001433855.1	649758	NZ_AZCP01000006.1
NZ_AZCP01000007.1	GCF_001433855.1	649758	NZ_AZCP01000007.1
NZ_AZCP01000008.1	GCF_001433855.1	649758	NZ_AZCP01000008.1
NZ_AZCP01000009.1	GCF_001433855.1	649758	NZ_AZCP01000009.1
NZ_AP019721.1	GCF_006742205.1	1282	NZ_AP019721.1
NZ_AP019722.1	GCF_006742205.1	1282	NZ_AP019722.1
NZ_CP018218.1	GCF_001888925.1	1217420	NZ_CP018218.1
NC_007795.1	GCF_000013425.1	93061	NC_007795.1
NZ_CP092641.1	GCF_022453665.1	818	NZ_CP092641.1
NZ_CP092642.1	GCF_022453665.1	818	NZ_CP092642.1
NZ_CP084787.1	GCF_020525685.1	1463164	NZ_CP084787.1
NZ_CP084788.1	GCF_020525685.1	1463164	NZ_CP084788.1
NZ_CP065681.1	GCF_016027375.1	1502	NZ_CP065681.1
NZ_CP065680.1	GCF_016027375.1	1502	NZ_CP065680.1
NZ_BCUB01000001.1	GCF_001591065.1	1219061	NZ_BCUB01000001.1
NZ_BCUB01000002.1	GCF_001591065.1	1219061	NZ_BCUB01000002.1
NZ_BCUB01000003.1	GCF_001591065.1	1219061	NZ_BCUB01000003.1
NZ_BCUB01000004.1	GCF_001591065.1	1219061	NZ_BCUB01000004.1
NZ_BCUB01000005.1	GCF_001591065.1	1219061	NZ_BCUB01000005.1
NZ_BCUB01000006.1	GCF_001591065.1	1219061	NZ_BCUB01000006.1
NZ_BCUB01000007.1	GCF_001591065.1	1219061	NZ_BCUB01000007.1
NZ_BCUB01000008.1	GCF_001591065.1	1219061	NZ_BCUB01000008.1
NZ_BCUB01000009.1	GCF_001591065.1	1219061	NZ_BCUB01000009.1
NZ_BCUB01000010.1	GCF_001591065.1	1219061	NZ_BCUB01000010.1
NZ_BCUB01000011.1	GCF_001591065.1	1219061	NZ_BCUB01000011.1
NZ_BCUB01000012.1	GCF_001591065.1	1219061	NZ_BCUB01000012.1
NZ_BCUB01000013.1	GCF_001591065.1	1219061	NZ_BCUB01000013.1
NZ_BCUB01000014.1	GCF_001591065.1	1219061	NZ_BCUB01000014.1
NZ_BCUB01000015.1	GCF_001591065.1	1219061	NZ_BCUB01000015.1
NZ_BCUB01000016.1	GCF_001591065.1	1219061	NZ_BCUB01000016.1
NZ_BCUB01000017.1	GCF_001591065.1	1219061	NZ_BCUB01000017.1
NZ_BCUB01000018.1	GCF_001591065.1	1219061	NZ_BCUB01000018.1
NZ_BCUB01000019.1	GCF_001591065.1	1219061	NZ_BCUB01000019.1
NZ_BCUB01000020.1	GCF_001591065.1	1219061	NZ_BCUB01000020.1
NZ_BCUB01000021.1	GCF_001591065.1	1219061	NZ_BCUB01000021.1
NZ_BCUB01000022.1	GCF_001591065.1	1219061	NZ_BCUB01000022.1
NZ_BCUB01000023.1	GCF_001591065.1	1219061	NZ_BCUB01000023.1
NZ_BCUB01000024.1	GCF_001591065.1	1219061	NZ_BCUB01000024.1
NZ_BCUB01000025.1	GCF_001591065.1	1219061	NZ_BCUB01000025.1
NZ_BCUB01000026.1	GCF_001591065.1	1219061	NZ_BCUB01000026.1
NZ_BCUB01000027.1	GCF_001591065.1	1219061	NZ_BCUB01000027.1
NZ_BCUB01000028.1	GCF_001591065.1	1219061	NZ_BCUB01000028.1
NZ_BCUB01000029.1	GCF_001591065.1	1219061	NZ_BCUB01000029.1
NZ_BCUB01000030.1	GCF_001591065.1	1219061	NZ_BCUB01000030.1
NZ_BCUB01000031.1	GCF_001591065.1	1219061	NZ_BCUB01000031.1
NZ_BCUB01000032.1	GCF_001591065.1	1219061	NZ_BCUB01000032.1
NZ_BCUB01000033.1	GCF_001591065.1	1219061	NZ_BCUB01000033.1
NZ_BCUB01000034.1	GCF_001591065.1	1219061	NZ_BCUB01000034.1
NZ_BCUB01000035.1	GCF_001591065.1	1219061	NZ_BCUB01000035.1
NZ_BCUB01000036.1	GCF_001591065.1	1219061	NZ_BCUB01000036.1
NZ_BCUB01000037.1	GCF_001591065.1	1219061	NZ_BCUB01000037.1
NZ_BCUB01000038.1	GCF_001591065.1	1219061	NZ_BCUB01000038.1
NZ_BCUB01000039.1	GCF_001591065.1	1219061	NZ_BCUB01000039.1
NZ_BCUB01000040.1	GCF_001591065.1	1219061	NZ_BCUB01000040.1
NZ_BCUB01000054.1	GCF_001591065.1	1219061	NZ_BCUB01000054.1
NZ_BCUB01000055.1	GCF_001591065.1	1219061	NZ_BCUB01000055.1
NZ_BCUB01000056.1	GCF_001591065.1	1219061	NZ_BCUB01000056.1
NZ_BCUB01000057.1	GCF_001591065.1	1219061	NZ_BCUB01000057.1
NZ_BCUB01000058.1	GCF_001591065.1	1219061	NZ_BCUB01000058.1
NZ_BCUB01000059.1	GCF_001591065.1	1219061	NZ_BCUB01000059.1
NZ_BCUB01000082.1	GCF_001591065.1	1219061	NZ_BCUB01000082.1
NZ_BCUB01000041.1	GCF_001591065.1	1219061	NZ_BCUB01000041.1
NZ_BCUB01000042.1	GCF_001591065.1	1219061	NZ_BCUB01000042.1
NZ_BCUB01000050.1	GCF_001591065.1	1219061	NZ_BCUB01000050.1
NZ_BCUB01000051.1	GCF_001591065.1	1219061	NZ_BCUB01000051.1
NZ_BCUB01000052.1	GCF_001591065.1	1219061	NZ_BCUB01000052.1
NZ_BCUB01000053.1	GCF_001591065.1	1219061	NZ_BCUB01000053.1
NZ_BCUB01000045.1	GCF_001591065.1	1219061	NZ_BCUB01000045.1
NZ_BCUB01000046.1	GCF_001591065.1	1219061	NZ_BCUB01000046.1
NZ_BCUB01000047.1	GCF_001591065.1	1219061	NZ_BCUB01000047.1
NZ_BCUB01000048.1	GCF_001591065.1	1219061	NZ_BCUB01000048.1
NZ_BCUB01000049.1	GCF_001591065.1	1219061	NZ_BCUB01000049.1
NZ_BCUB01000043.1	GCF_001591065.1	1219061	NZ_BCUB01000043.1
NZ_BCUB01000044.1	GCF_001591065.1	1219061	NZ_BCUB01000044.1
NZ_BCUB01000071.1	GCF_001591065.1	1219061	NZ_BCUB01000071.1
NZ_BCUB01000072.1	GCF_001591065.1	1219061	NZ_BCUB01000072.1
NZ_BCUB01000073.1	GCF_001591065.1	1219061	NZ_BCUB01000073.1
NZ_BCUB01000074.1	GCF_001591065.1	1219061	NZ_BCUB01000074.1
NZ_BCUB01000075.1	GCF_001591065.1	1219061	NZ_BCUB01000075.1
NZ_BCUB01000076.1	GCF_001591065.1	1219061	NZ_BCUB01000076.1
NZ_BCUB01000077.1	GCF_001591065.1	1219061	NZ_BCUB01000077.1
NZ_BCUB01000078.1	GCF_001591065.1	1219061	NZ_BCUB01000078.1
NZ_BCUB01000079.1	GCF_001591065.1	1219061	NZ_BCUB01000079.1
NZ_BCUB01000080.1	GCF_001591065.1	1219061	NZ_BCUB01000080.1
NZ_BCUB01000081.1	GCF_001591065.1	1219061	NZ_BCUB01000081.1
NZ_BCUB01000060.1	GCF_001591065.1	1219061	NZ_BCUB01000060.1
NZ_BCUB01000061.1	GCF_001591065.1	1219061	NZ_BCUB01000061.1
NZ_BCUB01000062.1	GCF_001591065.1	1219061	NZ_BCUB01000062.1
NZ_BCUB01000063.1	GCF_001591065.1	1219061	NZ_BCUB01000063.1
NZ_BCUB01000064.1	GCF_001591065.1	1219061	NZ_BCUB01000064.1
NZ_BCUB01000065.1	GCF_001591065.1	1219061	NZ_BCUB01000065.1
NZ_BCUB01000066.1	GCF_001591065.1	1219061	NZ_BCUB01000066.1
NZ_BCUB01000067.1	GCF_001591065.1	1219061	NZ_BCUB01000067.1
NZ_BCUB01000068.1	GCF_001591065.1	1219061	NZ_BCUB01000068.1
NZ_BCUB01000069.1	GCF_001591065.1	1219061	NZ_BCUB01000069.1
NZ_BCUB01000070.1	GCF_001591065.1	1219061	NZ_BCUB01000070.1
NZ_BCUB01000102.1	GCF_001591065.1	1219061	NZ_BCUB01000102.1
NZ_BCUB01000103.1	GCF_001591065.1	1219061	NZ_BCUB01000103.1
NZ_BCUB01000104.1	GCF_001591065.1	1219061	NZ_BCUB01000104.1
NZ_BCUB01000105.1	GCF_001591065.1	1219061	NZ_BCUB01000105.1
NZ_BCUB01000106.1	GCF_001591065.1	1219061	NZ_BCUB01000106.1
NZ_BCUB01000083.1	GCF_001591065.1	1219061	NZ_BCUB01000083.1
NZ_BCUB01000084.1	GCF_001591065.1	1219061	NZ_BCUB01000084.1
NZ_BCUB01000085.1	GCF_001591065.1	1219061	NZ_BCUB01000085.1
NZ_BCUB01000086.1	GCF_001591065.1	1219061	NZ_BCUB01000086.1
NZ_BCUB01000087.1	GCF_001591065.1	1219061	NZ_BCUB01000087.1
NZ_BCUB01000088.1	GCF_001591065.1	1219061	NZ_BCUB01000088.1
NZ_BCUB01000089.1	GCF_001591065.1	1219061	NZ_BCUB01000089.1
NZ_BCUB01000101.1	GCF_001591065.1	1219061	NZ_BCUB01000101.1
NZ_BCUB01000090.1	GCF_001591065.1	1219061	NZ_BCUB01000090.1
NZ_BCUB01000096.1	GCF_001591065.1	1219061	NZ_BCUB01000096.1
NZ_BCUB01000097.1	GCF_001591065.1	1219061	NZ_BCUB01000097.1
NZ_BCUB01000098.1	GCF_001591065.1	1219061	NZ_BCUB01000098.1
NZ_BCUB01000099.1	GCF_001591065.1	1219061	NZ_BCUB01000099.1
NZ_BCUB01000100.1	GCF_001591065.1	1219061	NZ_BCUB01000100.1
NZ_BCUB01000091.1	GCF_001591065.1	1219061	NZ_BCUB01000091.1
NZ_BCUB01000092.1	GCF_001591065.1	1219061	NZ_BCUB01000092.1
NZ_BCUB01000093.1	GCF_001591065.1	1219061	NZ_BCUB01000093.1
NZ_BCUB01000094.1	GCF_001591065.1	1219061	NZ_BCUB01000094.1
NZ_BCUB01000095.1	GCF_001591065.1	1219061	NZ_BCUB01000095.1
NC_002942.5	GCF_000008485.1	272624	NC_002942.5
NZ_CP012881.1	GCF_002224265.1	1219061	NZ_CP012881.1
NZ_CP012882.1	GCF_002224265.1	1219061	NZ_CP012882.1
NZ_JABEME010000001.1	GCF_013004645.1	40324	NZ_JABEME010000001.1
NZ_JABEME010000010.1	GCF_013004645.1	40324	NZ_JABEME010000010.1
NZ_JABEME010000011.1	GCF_013004645.1	40324	NZ_JABEME010000011.1
NZ_JABEME010000012.1	GCF_013004645.1	40324	NZ_JABEME010000012.1
NZ_JABEME010000013.1	GCF_013004645.1	40324	NZ_JABEME010000013.1
NZ_JABEME010000014.1	GCF_013004645.1	40324	NZ_JABEME010000014.1
NZ_JABEME010000015.1	GCF_013004645.1	40324	NZ_JABEME010000015.1
NZ_JABEME010000016.1	GCF_013004645.1	40324	NZ_JABEME010000016.1
NZ_JABEME010000017.1	GCF_013004645.1	40324	NZ_JABEME010000017.1
NZ_JABEME010000018.1	GCF_013004645.1	40324	NZ_JABEME010000018.1
NZ_JABEME010000019.1	GCF_013004645.1	40324	NZ_JABEME010000019.1
NZ_JABEME010000002.1	GCF_013004645.1	40324	NZ_JABEME010000002.1
NZ_JABEME010000020.1	GCF_013004645.1	40324	NZ_JABEME010000020.1
NZ_JABEME010000021.1	GCF_013004645.1	40324	NZ_JABEME010000021.1
NZ_JABEME010000022.1	GCF_013004645.1	40324	NZ_JABEME010000022.1
NZ_JABEME010000023.1	GCF_013004645.1	40324	NZ_JABEME010000023.1
NZ_JABEME010000024.1	GCF_013004645.1	40324	NZ_JABEME010000024.1
NZ_JABEME010000025.1	GCF_013004645.1	40324	NZ_JABEME010000025.1
NZ_JABEME010000026.1	GCF_013004645.1	40324	NZ_JABEME010000026.1
NZ_JABEME010000027.1	GCF_013004645.1	40324	NZ_JABEME010000027.1
NZ_JABEME010000028.1	GCF_013004645.1	40324	NZ_JABEME010000028.1
NZ_JABEME010000029.1	GCF_013004645.1	40324	NZ_JABEME010000029.1
NZ_JABEME010000003.1	GCF_013004645.1	40324	NZ_JABEME010000003.1
NZ_JABEME010000004.1	GCF_013004645.1	40324	NZ_JABEME010000004.1
NZ_JABEME010000005.1	GCF_013004645.1	40324	NZ_JABEME010000005.1
NZ_JABEME010000006.1	GCF_013004645.1	40324	NZ_JABEME010000006.1
NZ_JABEME010000007.1	GCF_013004645.1	40324	NZ_JABEME010000007.1
NZ_JABEME010000008.1	GCF_013004645.1	40324	NZ_JABEME010000008.1
NZ_JABEME010000009.1	GCF_013004645.1	40324	NZ_JABEME010000009.1
NZ_CP011663.1	GCF_001020205.1	1509	NZ_CP011663.1
NZ_LR134333.1	GCF_900636985.1	571	NZ_LR134333.1
NZ_CP009709.1	GCF_000832905.1	1121088	NZ_CP009709.1
NZ_CP035288.1	GCF_006094375.1	1282	NZ_CP035288.1
NZ_CP035289.1	GCF_006094375.1	1282	NZ_CP035289.1
NZ_CP035290.1	GCF_006094375.1	1282	NZ_CP035290.1
NC_003197.2	GCF_000006945.2	99287	NC_003197.2
NC_003277.2	GCF_000006945.2	99287	NC_003277.2
NC_002163.1	GCF_000009085.1	192222	NC_002163.1
NZ_HG939456.1	GCF_000689235.1	342616	NZ_HG939456.1
NZ_CP009225.1	GCF_000973705.1	1509	NZ_CP009225.1
NZ_CP040530.1	GCF_014131755.1	818	NZ_CP040530.1
NZ_CP040529.1	GCF_014131755.1	818	NZ_CP040529.1
NZ_CP017186.1	GCF_001729745.1	1812934	NZ_CP017186.1
NZ_CP017187.1	GCF_001729745.1	1812934	NZ_CP017187.1
NC_008312.1	GCF_000014265.1	203124	NC_008312.1
NZ_CP034944.1	GCF_006094455.1	180434	NZ_CP034944.1
NZ_UAQJ01000033.1	GCF_900445595.1	818	NZ_UAQJ01000033.1
NZ_UAQJ01000031.1	GCF_900445595.1	818	NZ_UAQJ01000031.1
NZ_UAQJ01000030.1	GCF_900445595.1	818	NZ_UAQJ01000030.1
NZ_UAQJ01000029.1	GCF_900445595.1	818	NZ_UAQJ01000029.1
NZ_UAQJ01000028.1	GCF_900445595.1	818	NZ_UAQJ01000028.1
NZ_UAQJ01000025.1	GCF_900445595.1	818	NZ_UAQJ01000025.1
NZ_UAQJ01000024.1	GCF_900445595.1	818	NZ_UAQJ01000024.1
NZ_UAQJ01000009.1	GCF_900445595.1	818	NZ_UAQJ01000009.1
NZ_UAQJ01000023.1	GCF_900445595.1	818	NZ_UAQJ01000023.1
NZ_UAQJ01000008.1	GCF_900445595.1	818	NZ_UAQJ01000008.1
NZ_UAQJ01000007.1	GCF_900445595.1	818	NZ_UAQJ01000007.1
NZ_UAQJ01000027.1	GCF_900445595.1	818	NZ_UAQJ01000027.1
NZ_UAQJ01000016.1	GCF_900445595.1	818	NZ_UAQJ01000016.1
NZ_UAQJ01000004.1	GCF_900445595.1	818	NZ_UAQJ01000004.1
NZ_UAQJ01000003.1	GCF_900445595.1	818	NZ_UAQJ01000003.1
NZ_UAQJ01000001.1	GCF_900445595.1	818	NZ_UAQJ01000001.1
NZ_UAQJ01000012.1	GCF_900445595.1	818	NZ_UAQJ01000012.1
NZ_UAQJ01000026.1	GCF_900445595.1	818	NZ_UAQJ01000026.1
NZ_UAQJ01000013.1	GCF_900445595.1	818	NZ_UAQJ01000013.1
NZ_UAQJ01000032.1	GCF_900445595.1	818	NZ_UAQJ01000032.1
NZ_UAQJ01000002.1	GCF_900445595.1	818	NZ_UAQJ01000002.1
NZ_UAQJ01000014.1	GCF_900445595.1	818	NZ_UAQJ01000014.1
NZ_UAQJ01000011.1	GCF_900445595.1	818	NZ_UAQJ01000011.1
NZ_UAQJ01000020.1	GCF_900445595.1	818	NZ_UAQJ01000020.1
NZ_UAQJ01000005.1	GCF_900445595.1	818	NZ_UAQJ01000005.1
NZ_UAQJ01000015.1	GCF_900445595.1	818	NZ_UAQJ01000015.1
NZ_UAQJ01000017.1	GCF_900445595.1	818	NZ_UAQJ01000017.1
NZ_UAQJ01000018.1	GCF_900445595.1	818	NZ_UAQJ01000018.1
NZ_UAQJ01000022.1	GCF_900445595.1	818	NZ_UAQJ01000022.1
NZ_UAQJ01000019.1	GCF_900445595.1	818	NZ_UAQJ01000019.1
NZ_UAQJ01000010.1	GCF_900445595.1	818	NZ_UAQJ01000010.1
NZ_UAQJ01000006.1	GCF_900445595.1	818	NZ_UAQJ01000006.1
NZ_UAQJ01000021.1	GCF_900445595.1	818	NZ_UAQJ01000021.1
NZ_AP019720.1	GCF_006739205.1	1309	NZ_AP019720.1
NC_020291.1	GCF_000340885.1	931276	NC_020291.1
NC_020292.1	GCF_000340885.1	931276	NC_020292.1
NZ_BJLG01000001.1	GCF_006538545.1	28450	NZ_BJLG01000001.1
NZ_BJLG01000002.1	GCF_006538545.1	28450	NZ_BJLG01000002.1
NZ_BJLG01000003.1	GCF_006538545.1	28450	NZ_BJLG01000003.1
NZ_BJLG01000004.1	GCF_006538545.1	28450	NZ_BJLG01000004.1
NZ_BJLG01000005.1	GCF_006538545.1	28450	NZ_BJLG01000005.1
NZ_BJLG01000006.1	GCF_006538545.1	28450	NZ_BJLG01000006.1
NZ_BJLG01000007.1	GCF_006538545.1	28450	NZ_BJLG01000007.1
NZ_BJLG01000008.1	GCF_006538545.1	28450	NZ_BJLG01000008.1
NZ_BJLG01000009.1	GCF_006538545.1	28450	NZ_BJLG01000009.1
NZ_BJLG01000010.1	GCF_006538545.1	28450	NZ_BJLG01000010.1
NZ_BJLG01000011.1	GCF_006538545.1	28450	NZ_BJLG01000011.1
NZ_BJLG01000012.1	GCF_006538545.1	28450	NZ_BJLG01000012.1
NZ_BJLG01000013.1	GCF_006538545.1	28450	NZ_BJLG01000013.1
NZ_BJLG01000014.1	GCF_006538545.1	28450	NZ_BJLG01000014.1
NZ_BJLG01000015.1	GCF_006538545.1	28450	NZ_BJLG01000015.1
NZ_BJLG01000016.1	GCF_006538545.1	28450	NZ_BJLG01000016.1
NZ_BJLG01000017.1	GCF_006538545.1	28450	NZ_BJLG01000017.1
NZ_BJLG01000018.1	GCF_006538545.1	28450	NZ_BJLG01000018.1
NZ_BJLG01000019.1	GCF_006538545.1	28450	NZ_BJLG01000019.1
NZ_BJLG01000020.1	GCF_006538545.1	28450	NZ_BJLG01000020.1
NZ_BJLG01000021.1	GCF_006538545.1	28450	NZ_BJLG01000021.1
NZ_BJLG01000022.1	GCF_006538545.1	28450	NZ_BJLG01000022.1
NZ_BJLG01000023.1	GCF_006538545.1	28450	NZ_BJLG01000023.1
NZ_BJLG01000024.1	GCF_006538545.1	28450	NZ_BJLG01000024.1
NZ_BJLG01000025.1	GCF_006538545.1	28450	NZ_BJLG01000025.1
NZ_BJLG01000026.1	GCF_006538545.1	28450	NZ_BJLG01000026.1
NZ_BJLG01000105.1	GCF_006538545.1	28450	NZ_BJLG01000105.1
NZ_BJLG01000106.1	GCF_006538545.1	28450	NZ_BJLG01000106.1
NZ_BJLG01000107.1	GCF_006538545.1	28450	NZ_BJLG01000107.1
NZ_BJLG01000096.1	GCF_006538545.1	28450	NZ_BJLG01000096.1
NZ_BJLG01000097.1	GCF_006538545.1	28450	NZ_BJLG01000097.1
NZ_BJLG01000098.1	GCF_006538545.1	28450	NZ_BJLG01000098.1
NZ_BJLG01000099.1	GCF_006538545.1	28450	NZ_BJLG01000099.1
NZ_BJLG01000100.1	GCF_006538545.1	28450	NZ_BJLG01000100.1
NZ_BJLG01000101.1	GCF_006538545.1	28450	NZ_BJLG01000101.1
NZ_BJLG01000102.1	GCF_006538545.1	28450	NZ_BJLG01000102.1
NZ_BJLG01000103.1	GCF_006538545.1	28450	NZ_BJLG01000103.1
NZ_BJLG01000104.1	GCF_006538545.1	28450	NZ_BJLG01000104.1
NZ_BJLG01000027.1	GCF_006538545.1	28450	NZ_BJLG01000027.1
NZ_BJLG01000089.1	GCF_006538545.1	28450	NZ_BJLG01000089.1
NZ_BJLG01000090.1	GCF_006538545.1	28450	NZ_BJLG01000090.1
NZ_BJLG01000091.1	GCF_006538545.1	28450	NZ_BJLG01000091.1
NZ_BJLG01000092.1	GCF_006538545.1	28450	NZ_BJLG01000092.1
NZ_BJLG01000093.1	GCF_006538545.1	28450	NZ_BJLG01000093.1
NZ_BJLG01000094.1	GCF_006538545.1	28450	NZ_BJLG01000094.1
NZ_BJLG01000095.1	GCF_006538545.1	28450	NZ_BJLG01000095.1
NZ_BJLG01000028.1	GCF_006538545.1	28450	NZ_BJLG01000028.1
NZ_BJLG01000088.1	GCF_006538545.1	28450	NZ_BJLG01000088.1
NZ_BJLG01000084.1	GCF_006538545.1	28450	NZ_BJLG01000084.1
NZ_BJLG01000085.1	GCF_006538545.1	28450	NZ_BJLG01000085.1
NZ_BJLG01000086.1	GCF_006538545.1	28450	NZ_BJLG01000086.1
NZ_BJLG01000087.1	GCF_006538545.1	28450	NZ_BJLG01000087.1
NZ_BJLG01000029.1	GCF_006538545.1	28450	NZ_BJLG01000029.1
NZ_BJLG01000079.1	GCF_006538545.1	28450	NZ_BJLG01000079.1
NZ_BJLG01000080.1	GCF_006538545.1	28450	NZ_BJLG01000080.1
NZ_BJLG01000081.1	GCF_006538545.1	28450	NZ_BJLG01000081.1
NZ_BJLG01000082.1	GCF_006538545.1	28450	NZ_BJLG01000082.1
NZ_BJLG01000083.1	GCF_006538545.1	28450	NZ_BJLG01000083.1
NZ_BJLG01000073.1	GCF_006538545.1	28450	NZ_BJLG01000073.1
NZ_BJLG01000074.1	GCF_006538545.1	28450	NZ_BJLG01000074.1
NZ_BJLG01000075.1	GCF_006538545.1	28450	NZ_BJLG01000075.1
NZ_BJLG01000076.1	GCF_006538545.1	28450	NZ_BJLG01000076.1
NZ_BJLG01000077.1	GCF_006538545.1	28450	NZ_BJLG01000077.1
NZ_BJLG01000078.1	GCF_006538545.1	28450	NZ_BJLG01000078.1
NZ_BJLG01000030.1	GCF_006538545.1	28450	NZ_BJLG01000030.1
NZ_BJLG01000070.1	GCF_006538545.1	28450	NZ_BJLG01000070.1
NZ_BJLG01000071.1	GCF_006538545.1	28450	NZ_BJLG01000071.1
NZ_BJLG01000072.1	GCF_006538545.1	28450	NZ_BJLG01000072.1
NZ_BJLG01000066.1	GCF_006538545.1	28450	NZ_BJLG01000066.1
NZ_BJLG01000067.1	GCF_006538545.1	28450	NZ_BJLG01000067.1
NZ_BJLG01000068.1	GCF_006538545.1	28450	NZ_BJLG01000068.1
NZ_BJLG01000069.1	GCF_006538545.1	28450	NZ_BJLG01000069.1
NZ_BJLG01000065.1	GCF_006538545.1	28450	NZ_BJLG01000065.1
NZ_BJLG01000061.1	GCF_006538545.1	28450	NZ_BJLG01000061.1
NZ_BJLG01000062.1	GCF_006538545.1	28450	NZ_BJLG01000062.1
NZ_BJLG01000063.1	GCF_006538545.1	28450	NZ_BJLG01000063.1
NZ_BJLG01000064.1	GCF_006538545.1	28450	NZ_BJLG01000064.1
NZ_BJLG01000031.1	GCF_006538545.1	28450	NZ_BJLG01000031.1
NZ_BJLG01000032.1	GCF_006538545.1	28450	NZ_BJLG01000032.1
NZ_BJLG01000038.1	GCF_006538545.1	28450	NZ_BJLG01000038.1
NZ_BJLG01000039.1	GCF_006538545.1	28450	NZ_BJLG01000039.1
NZ_BJLG01000060.1	GCF_006538545.1	28450	NZ_BJLG01000060.1
NZ_BJLG01000033.1	GCF_006538545.1	28450	NZ_BJLG01000033.1
NZ_BJLG01000036.1	GCF_006538545.1	28450	NZ_BJLG01000036.1
NZ_BJLG01000037.1	GCF_006538545.1	28450	NZ_BJLG01000037.1
NZ_BJLG01000034.1	GCF_006538545.1	28450	NZ_BJLG01000034.1
NZ_BJLG01000035.1	GCF_006538545.1	28450	NZ_BJLG01000035.1
NZ_BJLG01000042.1	GCF_006538545.1	28450	NZ_BJLG01000042.1
NZ_BJLG01000043.1	GCF_006538545.1	28450	NZ_BJLG01000043.1
NZ_BJLG01000044.1	GCF_006538545.1	28450	NZ_BJLG01000044.1
NZ_BJLG01000040.1	GCF_006538545.1	28450	NZ_BJLG01000040.1
NZ_BJLG01000041.1	GCF_006538545.1	28450	NZ_BJLG01000041.1
NZ_BJLG01000045.1	GCF_006538545.1	28450	NZ_BJLG01000045.1
NZ_BJLG01000056.1	GCF_006538545.1	28450	NZ_BJLG01000056.1
NZ_BJLG01000057.1	GCF_006538545.1	28450	NZ_BJLG01000057.1
NZ_BJLG01000058.1	GCF_006538545.1	28450	NZ_BJLG01000058.1
NZ_BJLG01000059.1	GCF_006538545.1	28450	NZ_BJLG01000059.1
NZ_BJLG01000046.1	GCF_006538545.1	28450	NZ_BJLG01000046.1
NZ_BJLG01000047.1	GCF_006538545.1	28450	NZ_BJLG01000047.1
NZ_BJLG01000048.1	GCF_006538545.1	28450	NZ_BJLG01000048.1
NZ_BJLG01000053.1	GCF_006538545.1	28450	NZ_BJLG01000053.1
NZ_BJLG01000054.1	GCF_006538545.1	28450	NZ_BJLG01000054.1
NZ_BJLG01000055.1	GCF_006538545.1	28450	NZ_BJLG01000055.1
NZ_BJLG01000049.1	GCF_006538545.1	28450	NZ_BJLG01000049.1
NZ_BJLG01000050.1	GCF_006538545.1	28450	NZ_BJLG01000050.1
NZ_BJLG01000051.1	GCF_006538545.1	28450	NZ_BJLG01000051.1
NZ_BJLG01000052.1	GCF_006538545.1	28450	NZ_BJLG01000052.1
NZ_BJLG01000108.1	GCF_006538545.1	28450	NZ_BJLG01000108.1
NZ_BJLG01000109.1	GCF_006538545.1	28450	NZ_BJLG01000109.1
NZ_BJLG01000110.1	GCF_006538545.1	28450	NZ_BJLG01000110.1
NZ_BJLG01000111.1	GCF_006538545.1	28450	NZ_BJLG01000111.1
NZ_BJLG01000112.1	GCF_006538545.1	28450	NZ_BJLG01000112.1
NZ_BJLG01000113.1	GCF_006538545.1	28450	NZ_BJLG01000113.1
NZ_BJLG01000114.1	GCF_006538545.1	28450	NZ_BJLG01000114.1
NZ_BJLG01000115.1	GCF_006538545.1	28450	NZ_BJLG01000115.1
NZ_BJLG01000116.1	GCF_006538545.1	28450	NZ_BJLG01000116.1
NZ_BJLG01000117.1	GCF_006538545.1	28450	NZ_BJLG01000117.1
NZ_BJLG01000118.1	GCF_006538545.1	28450	NZ_BJLG01000118.1
NZ_BJLG01000119.1	GCF_006538545.1	28450	NZ_BJLG01000119.1
NZ_BJLG01000120.1	GCF_006538545.1	28450	NZ_BJLG01000120.1
NZ_BJLG01000121.1	GCF_006538545.1	28450	NZ_BJLG01000121.1
NZ_BJLG01000122.1	GCF_006538545.1	28450	NZ_BJLG01000122.1
NZ_BJLG01000123.1	GCF_006538545.1	28450	NZ_BJLG01000123.1
NZ_BJLG01000124.1	GCF_006538545.1	28450	NZ_BJLG01000124.1
NZ_BJLG01000125.1	GCF_006538545.1	28450	NZ_BJLG01000125.1
NZ_BJLG01000140.1	GCF_006538545.1	28450	NZ_BJLG01000140.1
NZ_BJLG01000141.1	GCF_006538545.1	28450	NZ_BJLG01000141.1
NZ_BJLG01000142.1	GCF_006538545.1	28450	NZ_BJLG01000142.1
NZ_BJLG01000143.1	GCF_006538545.1	28450	NZ_BJLG01000143.1
NZ_BJLG01000126.1	GCF_006538545.1	28450	NZ_BJLG01000126.1
NZ_BJLG01000127.1	GCF_006538545.1	28450	NZ_BJLG01000127.1
NZ_BJLG01000128.1	GCF_006538545.1	28450	NZ_BJLG01000128.1
NZ_BJLG01000129.1	GCF_006538545.1	28450	NZ_BJLG01000129.1
NZ_BJLG01000130.1	GCF_006538545.1	28450	NZ_BJLG01000130.1
NZ_BJLG01000131.1	GCF_006538545.1	28450	NZ_BJLG01000131.1
NZ_BJLG01000132.1	GCF_006538545.1	28450	NZ_BJLG01000132.1
NZ_BJLG01000133.1	GCF_006538545.1	28450	NZ_BJLG01000133.1
NZ_BJLG01000134.1	GCF_006538545.1	28450	NZ_BJLG01000134.1
NZ_BJLG01000135.1	GCF_006538545.1	28450	NZ_BJLG01000135.1
NZ_BJLG01000136.1	GCF_006538545.1	28450	NZ_BJLG01000136.1
NZ_BJLG01000137.1	GCF_006538545.1	28450	NZ_BJLG01000137.1
NZ_BJLG01000138.1	GCF_006538545.1	28450	NZ_BJLG01000138.1
NZ_BJLG01000139.1	GCF_006538545.1	28450	NZ_BJLG01000139.1
NZ_CP077293.1	GCF_019048125.1	548	NZ_CP077293.1
NC_006958.1	GCF_000196335.1	196627	NC_006958.1
