path	bytes	sha256
EXTERNAL_DATA.tsv	24971	70bd9560b7e3f77f0595ce46d9e0393d60812fe091432177e5134dac387a0b27
LICENSE	35149	3972dc9744f6499f0f9b2dbf76696f2ae7ad8af9b23dde66d6af86c9dfb36986
README.md	6167	331ad7c45f267fc128a9528d9f956946f8420f8db336ba973681cb97ea4902d1
build_bundle.py	21069	6a953ac6ff7992de0bafd1d32091a6549c32554e6614f55a23e5e378650c8fb1
config/classification/30strains_legacy.yaml	15735	c5a6f6fb75da40731e23c753b16a10913ee3ba8f2a59e8fec19ab98ce84408a0
config/classification/config.example.yaml	1790	62e45317374f6c95370aec8dcab44afd30deb326797d71268e6d2bca7379a6c3
config/common.yaml	2365	7648ff523de8c01763b626219ef8239784a536d08e1b97d24b92c00a2bc2636f
config/datasets/100strains.yaml	445	22bdbfa3baf67da41b37ad9c6a241c11819faea34c0a158a828e9d7678e3b138
config/datasets/100strains_legacy.yaml	410	a0019344a1579481c0bea307a3249086dfc476816635fbc8a5244a14f4aaccfb
config/datasets/30strains.yaml	874	7cd3f79f0fd928d3fd80aceead553851961940a77ea4142dbf40ecec9b968f3c
config/datasets/30strains_legacy.yaml	854	937d165b63a1799da28d1f640c283237693209de57ca018691b62b8c42ad6265
config/datasets/arabidopsis.yaml	782	71ed3a48683fc1b8335ffd18c85189441d30bb53d463bd519793c08c57aa717c
config/datasets/arabidopsis_genome_to_id.tsv	86	ad727cd0ec61cd16cf5274b6b8f379f901a44c63e21205a97fb8b4323e856065
config/datasets/arabidopsis_sim.yaml	414	0405c6f130fae215b0430188a58f4cf3fe1ede23519ba7ce5185f3f68324d917
config/datasets/drosophila.yaml	685	50032f2d57bd586d7a706272dd2bfe2742ab3b003e6ae554b911eb3ba112976e
config/datasets/drosophila_genome_to_id.tsv	108	051723ec91838811e12f55a677a6842f6d26b38e2dd4d5e5b8d835c3faea1601
config/datasets/drosophila_genome_to_id_GCA_018904365.tsv	106	8440f3df7b1e59f644591a9a7b343d9f5d2b30fbf3396a700c3e4c941cf0bc17
config/datasets/ecoli3.yaml	356	e8bc44830ec35312bb5aaa09570d960d8f7ac96740d16ba72d8c6e2935a26f10
config/datasets/ecoli3_error.yaml	767	6f6724a0b921d5999e356949807c2b482c92599254e432ec0dd0f6a8e0eb2aa4
config/datasets/ecoli3_error_readcount.yaml	1149	73cb61f94f953998b4c9f35b43814e9af8f68b531056a3dbd708114448d23945
config/datasets/ecoli3_genome_to_id.tsv	189	94db41a84a6561ef7f238c9b5bc3eba8a23ba0379838afa84fd0a56d70536592
config/datasets/ecoli_error.yaml	658	acb9c484994e19da6b35508875ee0eddc1a0ccc608ac073ae6ef388d318f4d1a
config/datasets/ecoli_error_genome_to_id.tsv	62	307b7bb3d061d7e48bc017909cfadab38458ee3b8cf0a827aa85df3348b5d37a
config/datasets/ecoli_error_tech.yaml	645	f28b647b517d92ac22f8a246f974165ef72a2b57d645f4f48f26b477e528ac3b
config/datasets/mhc_genome_to_id.tsv	54	d23d4e4837b978cd1f8b08cf7e4886a1e7c1431a04244f1b8f5c6b62593240f1
config/datasets/mhc_ont.yaml	405	6348fc0d78df9f07bdf51c50c3b1a452d238ba9da2915cb82a233b73e22ae52d
config/datasets/mhc_pac.yaml	404	175fffa42b3c1c46121cbbbaa56699f693838b3aaa3cdc659ff4772013c4c322
config/datasets/zymo.yaml	1121	f523e8321b43a010d7247f9df3d00cda152f9eb3fb8678afe96c26f3627afce6
config/datasets/zymo_genome_to_id.tsv	1090	7eda75d5a7bd085a5baf493a1fa340fb839a8054c96d69ea544d839ded80afb3
config/legacy_single_dataset.yaml	1479	03eca761e2554ae5af64f4bb41bb825639ff6f741e95bf1960b49d0c8e6e9847
config/overlays/dadec_dev.yaml	223	a497f39ae7f551d7185a9d0c73511360f567e81fad07503792a4c55a2222fc64
config/runs/100strains/30x_colormap.yaml	132	aa02868cb0d145f2c92498f8227348241244cde7c4962788a2961787de6b2dfe
config/runs/100strains/30x_dadec.yaml	220	12a72ac69c50dfd73d4ef8ca040014f33f37ea37260dffee0e2012b0bc683e9c
config/runs/100strains/30x_f_hero.yaml	188	a700003a26fac848e1053a2c8bf248c01ffe2549803833de7913dd38e7089db9
config/runs/100strains/30x_fmlrc.yaml	152	e02de14db463c7543968c35a4bff34e60ea2d1ba8f5706483bc8c2b3aa3fde97
config/runs/100strains/30x_l_hero.yaml	191	7b8f2874c151a6c6fba6a286b3e0b1bc75133846da0f7f2240cb06fdd2648a89
config/runs/100strains/30x_lordec.yaml	157	f61f7283ca3a2d01cdd73e4d75d5de9e9eeb1ea11bf08526ea55ba20c2b462f5
config/runs/100strains/30x_proovread.yaml	134	3712b7d6fd12f9b85477f7b1365f3a7065811685e4e7a162c767083e7ebd28a6
config/runs/100strains/30x_r_hero.yaml	194	558cbfea86efdd7b4a4200e8280ba4324e1deeaaf47c52db49b241f6e70807fc
config/runs/100strains/30x_ratatosk.yaml	164	9e6d8028f225bda3d0a2410c002a1e5affd560445c52a137b2f0ee36fa1eec4a
config/runs/100strains_legacy/30x_colormap.yaml	223	9d87a72ac48c8cee1cbf7ccc4582c1fddd9a6578dad1f08042f7dade9f69854d
config/runs/100strains_legacy/30x_dadec.yaml	319	a5889b462cda81fefaf0eaaec09cffa587d596c9c80c7be278e6269b1f925181
config/runs/100strains_legacy/30x_f_hero.yaml	274	29773c137f99c43b75a8c0e966f3b3e2c8c6202cdca9a7d139ca26545ccfe6fb
config/runs/100strains_legacy/30x_fmlrc.yaml	238	7aeffbb7708331a280a32f9e9362ef8b21682b89200c8a9d377efbfe8d3420ed
config/runs/100strains_legacy/30x_l_hero.yaml	277	6309c6bd1a11cd64d0996c0ba5f2c78e84e99b84a0890057b5bd7cfe8d44c2ef
config/runs/100strains_legacy/30x_lordec.yaml	244	bf26c29eed669d9ed685e7b8c9b3c62965da543adec8a8d192733f80518f7253
config/runs/100strains_legacy/30x_proovread.yaml	223	2e1bace55779652ca0d71177dafd3edfeb0f179ed0a676b41e5bd120a38382a1
config/runs/100strains_legacy/30x_r_hero.yaml	280	02014e03032e713beef590596565d32fedd0c404844573f2a3fd8e23a9bd4f83
config/runs/100strains_legacy/30x_ratatosk.yaml	253	67cf975ff09a1c65bd78ee2542d2efbc09108f8f6324ee15a3c6acfc5a4a8930
config/runs/30strains/10x_colormap.yaml	101	f4ab406122c1bc7f92bd051be3deee03edcc317020bda2135ec08c51e8eadd2b
config/runs/30strains/10x_dadec.yaml	190	aeb72f087422e620e214b86085ee7cc9207605ada0d8fb65b7d4f430322160ff
config/runs/30strains/10x_f_hero.yaml	157	9367cf9818a5ccb1428c0b30e95b9ae573721aed4662801d9ff5cb2ce2498719
config/runs/30strains/10x_fmlrc.yaml	121	17e9756e20575f5e94f9fdabd4b01bc783968e5e065d4333796b588c346b6dd8
config/runs/30strains/10x_l_hero.yaml	160	6b6f79f183ccc5006d4bdcb3d389a8322fefaea77afe60adbd3cb751c1934787
config/runs/30strains/10x_lordec.yaml	126	8ddf65ea4fbe053ad75b8b2db05105722be85057c84c5a068cdeba5b5dc2621a
config/runs/30strains/10x_proovread.yaml	103	87b3be8da00a29e0ca3a44938b5b4306d917cac2f6a31763379dfa6bdb991f93
config/runs/30strains/10x_r_hero.yaml	163	bb516dbf70c5b6478383c39efcb25d021afd817b342b4b30b3f34e88958a4d29
config/runs/30strains/10x_ratatosk.yaml	133	7e6180972549f606cee52bc8f1d1e78a7ba1565f251d8e459e72e78cbd49727d
config/runs/30strains/20x_colormap.yaml	101	d0d2c14d3a9640ce119db3beac18dc13f90fcf2bd8bd697ea6960733dbafe0a4
config/runs/30strains/20x_dadec.yaml	190	80425cfb7f9fc79f74eb4327bfd7a80a7f4df9201baa15fbab6803e31f0acf02
config/runs/30strains/20x_f_hero.yaml	157	f8ffa0a174880ec97f3843e17a378a10b40b7f2b16da415148f4482fe622a6c9
config/runs/30strains/20x_fmlrc.yaml	121	44aed6bca18006819ba161ce9ab6613edf0dbaf70c99c43da8e9e80ed18e2a3e
config/runs/30strains/20x_l_hero.yaml	160	a5baca12bedda50472ac75f0f70320ea226da1f38d687aacc74591e07faa9e97
config/runs/30strains/20x_lordec.yaml	126	0ea9187728c9b54e1ca44259012972c40987c37302e647e269fe55e0fd92a5b9
config/runs/30strains/20x_proovread.yaml	103	c869f87904bbf40f17724023c71f35e6f3383f2be4f73d8ad536220b5d81217a
config/runs/30strains/20x_r_hero.yaml	163	173e0d40489fb30afafa0b567157b027dc446f876ea6302cb429d76f3f2f1c4d
config/runs/30strains/20x_ratatosk.yaml	133	dfe5496cb27cd73fc92604ec14da7ccbe32254bd00d97c296793028f4fabd478
config/runs/30strains/30x_colormap.yaml	101	197683370f51caf98785678b15655232337ae57a246be84f5e889718e71a194f
config/runs/30strains/30x_dadec.yaml	189	414df63551c3f2bebf7c4ab2787959c5dddd36363e08cc0526fc9c5c2f726059
config/runs/30strains/30x_f_hero.yaml	157	228068ab7c91a46ce86cf51991493874494152a23091995670ca0a42488fc833
config/runs/30strains/30x_fmlrc.yaml	121	6edf92d50ef5ffa76345ec811f5243a31cb95a56e22d35ffa93510d577086ab2
config/runs/30strains/30x_l_hero.yaml	160	09c489dc8ea5ac3c796fdbf1e46d04b6a9356005963484dac8257187b662671c
config/runs/30strains/30x_lordec.yaml	126	ac76e3ba4b19620202a8c779c1c5629b73fd884e8f2927f138c33a055ea4de31
config/runs/30strains/30x_proovread.yaml	103	8c95f3a4b5f2c9959fbe133ec41a2e7123881c8776e8f5642fef253687aa73cb
config/runs/30strains/30x_r_hero.yaml	163	07a4d393b8899f7986d13d713ddf03b2b28783bb272ffbf9f7b42fbb2b1712f5
config/runs/30strains/30x_ratatosk.yaml	133	18fb0c1b191400783097cdbb566ed6588e22701c7b1c53793e4245607ee3865e
config/runs/30strains/40x_colormap.yaml	101	5be348dfa42641436cea57e6322218e1e15e6c137809b64accb3a45e14f35d44
config/runs/30strains/40x_dadec.yaml	189	fd7f8eff7661eac8ddd113a26021d493840836ac7d7e13850341b821f07350d7
config/runs/30strains/40x_f_hero.yaml	157	43fb8b2299b7d5573c578f9ab859cab1cdf99dbefcbf8779f2b095e896e9c3cc
config/runs/30strains/40x_fmlrc.yaml	121	63391bcbb8388a466acbb0babc4e0adbffce8cc12adfc90eff938cbb2da059fc
config/runs/30strains/40x_l_hero.yaml	160	34b85a4054fed3f99ceedd8e19f31da5f86853e50bd1adb053ecea71a632e952
config/runs/30strains/40x_lordec.yaml	126	aa4e1e5cc3c9829cb7e7abb7148cc90c0dad7c28d1cde0705b31bffc3a858896
config/runs/30strains/40x_proovread.yaml	103	bca4f5b4cd10b60b1831e31e6f925a7e2a140e9ff2a25506096c82742d022a85
config/runs/30strains/40x_r_hero.yaml	163	7743d16973ba98659842d75a74907bb9d4bbbc60b9191664270b61eb9487d5c8
config/runs/30strains/40x_ratatosk.yaml	133	714fa66086cb91476ebfb8fc30d8335e232b722fe340d00618623a6e7931521a
config/runs/30strains/50x_colormap.yaml	101	7c693b1ea1b8d594b32727413544d4b3766d6d420be31e0f4df75a086dead4a2
config/runs/30strains/50x_dadec.yaml	189	c3dedeb3db2241447a619409cae8f227f43edae829fbfbedebd0ec7cd42b68c9
config/runs/30strains/50x_f_hero.yaml	156	fbf5663d6709941fc5cf3c81e68176856f6a3b3893feaf2899d16f3964368042
config/runs/30strains/50x_fmlrc.yaml	121	aa50eb97dbd9d74f91418c055bfcb2ef77853110848d8cf32b3fee0d09f34332
config/runs/30strains/50x_l_hero.yaml	159	8a866858c0724a3423edcdf54a57ea74d9058864d79f12e38460215a956a89ef
config/runs/30strains/50x_lordec.yaml	126	2da1cd4d07fd44d56f55ddc7327b460013c08ae1936160980c295a2f0d3125a6
config/runs/30strains/50x_proovread.yaml	103	ae50cce8648875e708395ccfb382e1b79f091802c0c5f1ada29822291387e2c4
config/runs/30strains/50x_r_hero.yaml	162	8f54fbfcafa978dfe339640f3c21a9767e7bf2ea4afbcc0fdc502978ee4adae6
config/runs/30strains/50x_ratatosk.yaml	133	7dda28cd8f146ea696fcbcfa32182924775ff4fd24e27164818c15750e81c317
config/runs/30strains_legacy/10x_colormap.yaml	108	7eab23d564e400889372835b293e76c4fe30e26a59f510088e283cbb3ac0e7a8
config/runs/30strains_legacy/10x_dadec.yaml	196	db022dfbb4eabdb70c5dcf6eef5545e7d0e13edfeebd696b37121e7121275614
config/runs/30strains_legacy/10x_f_hero.yaml	164	d77e44da82588f5e3eb4e4345e982297b40eccc60ddb0a7d9c9eea0084569b00
config/runs/30strains_legacy/10x_fmlrc.yaml	128	9a85eab2ddb0855af2412cfadb1d0680ed7c8c508168446147e1d6682bc5178a
config/runs/30strains_legacy/10x_l_hero.yaml	167	198f0541a5f4d83448268b97587c22ff5d42eaf7d5aef2f0488a211077e54576
config/runs/30strains_legacy/10x_lordec.yaml	133	e1c051454a6f460545850460e2c971653f2b1372cc001563c7bb016acc7c486e
config/runs/30strains_legacy/10x_proovread.yaml	110	5511fa40fa9110aa4656b93408a437c3fd2b006e0a885b03780ce34f13d99594
config/runs/30strains_legacy/10x_r_hero.yaml	170	86e6f4348820f532c4426b0e9c3ecb2b2794b13cb349b75c24d2d4b68a40967e
config/runs/30strains_legacy/10x_ratatosk.yaml	140	2986d9985f18b43847cd4390a1a7eda51c756fb0b7929a72452cfe092b28764c
config/runs/30strains_legacy/20x_colormap.yaml	108	665b7d1623762dd528a856aabd2104d70c2e04989f6000b5e8e6eaaf99e32409
config/runs/30strains_legacy/20x_dadec.yaml	196	2623b4f5c06b9e556463ccde9ba816cac816fcb4a1192989aff988c196293114
config/runs/30strains_legacy/20x_f_hero.yaml	164	f736e0033b96e71bf3a886023d93b8a111a7f6796be128cc1dba2b57431d519c
config/runs/30strains_legacy/20x_fmlrc.yaml	128	30cedb1b8455ded676d066e2c62928d57527301ec0655eabc0d34cf1b6726d43
config/runs/30strains_legacy/20x_l_hero.yaml	167	7228cc687a7c35ae2e250e7545fe350692ea515f1b798df74797ec74add0a71a
config/runs/30strains_legacy/20x_lordec.yaml	133	c4898e6f44563ac38a3586c833fb8790ba21a5c696a15b1b1023681ff093b4a0
config/runs/30strains_legacy/20x_proovread.yaml	110	16c8996641e1b32f4658f43b8d6659be177daeb61bdf1fa0d6a42a63eb8225d8
config/runs/30strains_legacy/20x_r_hero.yaml	170	bfc85365bbbf4821186a08d8a59b2e77a53500aadb677cc1113a94aa1b00f955
config/runs/30strains_legacy/20x_ratatosk.yaml	140	8958c202f53bfc242584c57740b8b309f82a604084e0b62bda30fdde6ed8303a
config/runs/30strains_legacy/30x_colormap.yaml	108	2ae78cf224178cf37edde435a8f2beb66b001bec8c31349e8cbe00f88d48d9f4
config/runs/30strains_legacy/30x_dadec.yaml	196	d3401e83070cde8a0d09e5c5e09188dcba0bf01366b167e1109898da0fba65c7
config/runs/30strains_legacy/30x_f_hero.yaml	164	feb7d0e5cfb21ba599ba198c6f18a37b35fe55d1ce75e384b6a70505eb688bad
config/runs/30strains_legacy/30x_fmlrc.yaml	128	4775dd3bf6f2ee2da58b8770620d200d61ca0cba697cb46c12341eb37fdb23d7
config/runs/30strains_legacy/30x_l_hero.yaml	167	59cb278d26075ea7c40a4b0c304a9ebb8cab60def0c481d30cf865de43252f67
config/runs/30strains_legacy/30x_lordec.yaml	133	2163e4621ff222c114d76e3657d3831e9d59716dc6271ebfbc216726ce566e4f
config/runs/30strains_legacy/30x_proovread.yaml	110	fbe485d9c3b8d403db1a914cd526b474c9cd02a41a4d618ed1b604b15d8e3569
config/runs/30strains_legacy/30x_r_hero.yaml	170	e5491be464927161693e7852f4f008bfa2405c3c68697f55d9f1f269f8aa1dcc
config/runs/30strains_legacy/30x_ratatosk.yaml	140	c89edc296724b9e520618e12223528fc2d0457794b1333392c62a110497b7b7a
config/runs/30strains_legacy/40x_colormap.yaml	108	427b2727a5733dd2b0c801b8086b2dc3016f2767c2ea47a22ebcc772fa33239d
config/runs/30strains_legacy/40x_dadec.yaml	196	e976d11a293952f8d4a4eacf5601f9e2b0e5d0c8df8209abba2f84c1caf0e0d4
config/runs/30strains_legacy/40x_f_hero.yaml	275	3ea2b6e4f9636b7f6ba57a2f135d2d95bed2e6e3fa633b79e2447fa367eba4c4
config/runs/30strains_legacy/40x_fmlrc.yaml	128	58ac9166cbca139913ae05105445922b21d0ffabd0f691297274ead89b6f21d4
config/runs/30strains_legacy/40x_l_hero.yaml	278	35d8670ec57b3114a48416981b51551936ac321250e7b6ceef7710b392f83063
config/runs/30strains_legacy/40x_lordec.yaml	133	bff3015209e0bd7aa6344aa68e089b5cc8ca281bce3a8a46666eb9e9ec3d06d1
config/runs/30strains_legacy/40x_proovread.yaml	110	73324f72d4519fb639c1da26399f2f95299a48a627d0073b1ab8883d0deca23a
config/runs/30strains_legacy/40x_r_hero.yaml	281	90ddd0e944ba11bc6e24a1fed50493e2f0d3d4fb57ec0b152a874d3e32e3572e
config/runs/30strains_legacy/40x_ratatosk.yaml	140	d5350d25272a9ba899088bb8b3ba866849ea3c61577b721a1cf2f56388682939
config/runs/30strains_legacy/50x_colormap.yaml	108	f0ec1fa10964a0f5ffe3a99f92fbbe325f065bfb0ec784aa34c434dd84826a60
config/runs/30strains_legacy/50x_dadec.yaml	196	e304484e7867a11b0232ac6dc382ddba7126debe25074bce24d3c0198cf61120
config/runs/30strains_legacy/50x_f_hero.yaml	275	71871a672f59c57657a5e45770e9822da97cd3956cf75e6944ae380a91290d35
config/runs/30strains_legacy/50x_fmlrc.yaml	128	1eb0acb9af832f0a0fe64d366be757d90384c4e865d1687b9458f424dbead474
config/runs/30strains_legacy/50x_l_hero.yaml	278	56a4ac26d05489eb830e8ed6916d979a4005b29a430e4f44d5334152cbc5a6ae
config/runs/30strains_legacy/50x_lordec.yaml	133	4a9ecfd87fcacb190e7aa9ea65e0cc0809e6f39e82bd82633773581b39cf959b
config/runs/30strains_legacy/50x_proovread.yaml	110	9c7571d81a1d3ab360a3b9970e95ab2115fed68140021e2d86546c07afb37df1
config/runs/30strains_legacy/50x_r_hero.yaml	281	827d87def17291848fd1d4494a116d04c7aef627dfd5f689d20c0e81943a6de5
config/runs/30strains_legacy/50x_ratatosk.yaml	140	dd80c415f89266b856b8c90662e1e324c95a455fd013a8031f7447f23086c620
config/runs/arabidopsis/10x_colormap.yaml	129	d8b94a9f8617e70c2929080d3998aee8e6cc96e0d0964e17d1bce404ed3875d5
config/runs/arabidopsis/10x_dadec.yaml	240	92316f3c4044471276de6d47ddda3126f1f05a8fa19b2a5be9c9b82cdeb54165
config/runs/arabidopsis/10x_f_hero.yaml	186	b0f6b2cfd5cee6edcd7d26b73cd7b4ffe336403d820bc9ae592bfa34416e3068
config/runs/arabidopsis/10x_fmlrc.yaml	149	c39e88d4be2459baccf9fd0ec95350253f6ec118c8071a4a922ebd7a64baffde
config/runs/arabidopsis/10x_l_hero.yaml	188	fa5777772fd923d23f11fefc031ed1ce128a0ef26437072f2b7eb980b2780414
config/runs/arabidopsis/10x_lordec.yaml	154	cc62451ad7c0d6e33556f3fa49023dabe2b1cac402604807aa65d0e35ab73341
config/runs/arabidopsis/10x_proovread.yaml	131	c55bbba61ef5c37af721f0f5a05d94363686d0845e12b4c300aaf8833ba4e372
config/runs/arabidopsis/10x_r_hero.yaml	191	7ca20034bfe05770dc92105060529e1d37c8f0c366ac0b52dee6e8ea4f9d4f1a
config/runs/arabidopsis/10x_ratatosk.yaml	161	cc68ea46df0c825328009d312f9b27b8a573997facf97d0725fcf51f9e42f737
config/runs/arabidopsis/15x_colormap.yaml	129	d6fdb652e88e52f1bc0b0e4bbe8cea0c41a1c3e3aba5b1519d5d0d935a3c705a
config/runs/arabidopsis/15x_dadec.yaml	242	8772af617a28c84d65390961e808060e9eb2324278abffca02cf4a7a1aeee5b5
config/runs/arabidopsis/15x_f_hero.yaml	185	725b240043e408feb8ff7ce3b6d770a13b3fd8ba81897eb34fa7ba2581711682
config/runs/arabidopsis/15x_fmlrc.yaml	149	201f50cd66eb4020aead65ffc38ce7dcc1b37a910a4a84c63fd6651e0ab5a9d7
config/runs/arabidopsis/15x_l_hero.yaml	188	5fe8bfda76b841998c61b74f4dbfca360b1edc75a34dff252bfb42474dabe5b3
config/runs/arabidopsis/15x_lordec.yaml	154	10e1ce60d1440fa6a8581069ea560880e89d8f8db99b74e97ca4a5128520abd6
config/runs/arabidopsis/15x_proovread.yaml	131	1767fad970a9f0f712ba489fd7e833e50adfa1684047442d619f2ec4c8fd399a
config/runs/arabidopsis/15x_r_hero.yaml	191	b6fd7819895e27acb7ce6398a94290a1a4a0022801e1e1c9777e4b4aab9c27db
config/runs/arabidopsis/15x_ratatosk.yaml	161	070af6e2bf1b4e75864ba24db42aba4e24b331bad06da66d7f67e49ca3877869
config/runs/arabidopsis/20x_colormap.yaml	129	4204707d82830a8c4b3f99ef2ad5e426374339ec1a6dc86bc5049bbf178624c0
config/runs/arabidopsis/20x_dadec.yaml	241	c6c02d09acf5b4419481fcaa34284d26f3be241be31f34dc6e6d57ea270fd9a9
config/runs/arabidopsis/20x_f_hero.yaml	186	badc27a088135bd9ea7c7c31fad9a3307d8e275c0d76d9706db2b926a994c872
config/runs/arabidopsis/20x_fmlrc.yaml	149	646ff1effb821da6e763f77749290d75b73239a8135bf134d4709e3c7db04371
config/runs/arabidopsis/20x_l_hero.yaml	188	2239d43831050818deeecc4bac4b91bf17b3df71cfd89bce5f06c1de45007c2c
config/runs/arabidopsis/20x_lordec.yaml	154	51ae648e42305bb589711bd8a3e45b27232855847177f8c5a710951d6d5d3cd7
config/runs/arabidopsis/20x_proovread.yaml	131	f9797dfc9a9e9f40b37a633fb4bc5cdda585079f8cd1944b900e481c1c8777d0
config/runs/arabidopsis/20x_r_hero.yaml	191	6e613398ceda6375c9e6397f4866b269d41eff394dce22f08a513ee085291456
config/runs/arabidopsis/20x_ratatosk.yaml	161	400ed28cb3306fe80ae39473210f60a65ee9776da5cb303a0214f0c32fd5a33f
config/runs/arabidopsis/25x_colormap.yaml	129	5b31128ed9a233a9cc25b413a518f663d40752a9cf6f470db79ba7ccb8df957c
config/runs/arabidopsis/25x_dadec.yaml	242	2ef7479a8bba3301d6e483259eff56a57af54c5cf122636fc97ce77a6209947c
config/runs/arabidopsis/25x_f_hero.yaml	185	f718d1f31abaa4167c20801f703bf708b10346ae1a4777d7f634615793a62f2e
config/runs/arabidopsis/25x_fmlrc.yaml	149	a667f2370c1a40a0fbecc3164858053e6732f1265cfecba484e144d07ec127de
config/runs/arabidopsis/25x_l_hero.yaml	188	3063631ff7dd5cefb6a2f329ee603f5fdc93226ba785b545e85082100b858f22
config/runs/arabidopsis/25x_lordec.yaml	154	ed023d7dbae5b22de08e1f31946f022a126878694d693ad5e0c79287fef3931c
config/runs/arabidopsis/25x_proovread.yaml	131	3a83783dccd3d1a58b8f85ff6311b5a822a40175c02ec8c7d9b7f7ec1670c957
config/runs/arabidopsis/25x_r_hero.yaml	191	d40a889fb88aaf2df5f2fcda835915553f1800b30a322e768012bb9fa4709b2b
config/runs/arabidopsis/25x_ratatosk.yaml	161	c18a71bf21fd9a36ef597642a9a3d27d9f57cea3e2d271b94126b45d816ed037
config/runs/arabidopsis/30x_colormap.yaml	129	2b577ae364b7b34ce941a33df433a4d4470a1349a300cb8fe16e054375698524
config/runs/arabidopsis/30x_dadec.yaml	242	74f1d85aabb11abc5c3a3f8301789077918bd80d3a563f356b2609ef6b3bc8a2
config/runs/arabidopsis/30x_f_hero.yaml	185	817ed4ea5173e60a49043870e191742c74157407370a5d3f8dd620b7e6929446
config/runs/arabidopsis/30x_fmlrc.yaml	149	179c040ad61b42f4b44c26ca6dc02cac8d5810f651d4970a4602bbfa2cf12515
config/runs/arabidopsis/30x_l_hero.yaml	188	267faae23796ab35147946e6b1888b34fb7440326cb6c0acc43ec194ab48b2de
config/runs/arabidopsis/30x_lordec.yaml	154	c1c89ab7a5b6053451e60e09c33ac529c085d01787b460464207c303e9134503
config/runs/arabidopsis/30x_proovread.yaml	131	525d4b762404702c96a6e4c148231d9d1b7ea28c6002ec47b414c3d4984a0b03
config/runs/arabidopsis/30x_r_hero.yaml	191	5c7545e4b0ff1cc299ce19772e968e266b66f6ccdc96b0568c209a97af8f6ffa
config/runs/arabidopsis/30x_ratatosk.yaml	161	644626c5a0f47041c6498abb248ec1bf0fe5176c0dc5a95785a8d2386e9cda43
config/runs/arabidopsis/32x_colormap.yaml	129	ca579e6ba708016fdcb163848dfc6a375b350a1e14bad0e7fdd8683dc892192d
config/runs/arabidopsis/32x_dadec.yaml	240	4077722b1ef4d4fae74614e1e587f057af4cd605ccbc435561935baee219e709
config/runs/arabidopsis/32x_f_hero.yaml	185	5a9c8f4b67ef7662b5b826ad982f4fc38d9539939c744029abfa7c42b48b8c43
config/runs/arabidopsis/32x_fmlrc.yaml	149	ba8f4d9d696717c4718b3db89428e91cd2437fc513234d223b095cc31b05d3b8
config/runs/arabidopsis/32x_l_hero.yaml	188	662d1b38f8b1f228de8b653dbf86c08172fb8291778deb1734ad0be0cc404329
config/runs/arabidopsis/32x_lordec.yaml	154	6798c56647b40b3c8601cc243e5cd1e41b051f93cf6fd0a7170ebde3e7352156
config/runs/arabidopsis/32x_proovread.yaml	131	5db004a1f0dd587f6a5b1979359a87037587baca9253c63f9117146002047af9
config/runs/arabidopsis/32x_r_hero.yaml	191	2357955fd2cdda59c65b7dd984061cb630adc69b285ef06a181fb31616ad2889
config/runs/arabidopsis/32x_ratatosk.yaml	161	bd40d43aae0e811ba08dd5251a92a792e5c79bbe6f71bf22d97d267235dc9a93
config/runs/arabidopsis/3x_colormap.yaml	127	0857ca3927e1dc1232662e2b534b1ae3c862bfedb9372cb194eee3e99e954e86
config/runs/arabidopsis/3x_dadec.yaml	240	4b7633a284742f516efa68f3562e804212340cdb5d8b9b8124e2c539b3b3479a
config/runs/arabidopsis/3x_f_hero.yaml	183	d317b44ee5e9b45bbc1c31f7ca96b6524ec7ed3199fb38a305d8273aa2366b6e
config/runs/arabidopsis/3x_fmlrc.yaml	147	6e6bcd91c5c720f300ab5b1b297d5da170be65a0483821dd4d0f8a44a4e19c2a
config/runs/arabidopsis/3x_l_hero.yaml	186	526175f076a48b12d2802921ea62e174a258769a7c962c431df0a5e577a79853
config/runs/arabidopsis/3x_lordec.yaml	152	3ca41c9d3c0898aedbd58642a3e22580356073913898b32f601d8125ba4a11ff
config/runs/arabidopsis/3x_proovread.yaml	129	5616e2ebadb65364359506cc4e5cddfef27f53483693059db548eaf20565a9ad
config/runs/arabidopsis/3x_r_hero.yaml	189	51714d1ca5e823a8d892312b501555aeeb7a47ecbfeed7fc1efea9105db05eb5
config/runs/arabidopsis/3x_ratatosk.yaml	159	12aa6f6bad0e7379fe18813823babf5f9d4bfc8ce121e6bb3fd938190578faf3
config/runs/arabidopsis/5x_colormap.yaml	127	74c4212526f748b8cccbeda7d9734bfbd33daff81322f9071097e88908af0883
config/runs/arabidopsis/5x_dadec.yaml	239	5d35e54f75bf732efca7bc8ebc668c4b514235f30abba8bbd44619a1b5e3554f
config/runs/arabidopsis/5x_f_hero.yaml	183	de3ac57cd72428901516ae5a1fffef7208bce8a8e317fa99a45785f77955f719
config/runs/arabidopsis/5x_fmlrc.yaml	147	1186f4704daccf18e7c5ba502ab9de86dc8396aca02feca045f160fc027a190e
config/runs/arabidopsis/5x_l_hero.yaml	186	e1c56cefe9ad5272a800414d66e01e58566887e67f8f719d93b57a392b882c28
config/runs/arabidopsis/5x_lordec.yaml	152	ec8bdf5a9f94a8013535437304f21187910d0f7234467cabdaae5a949ba5fedf
config/runs/arabidopsis/5x_proovread.yaml	129	185255b65b734dd7cb17111e99f95bbd83cffa35596e9ff7091861ffe5fce6c9
config/runs/arabidopsis/5x_r_hero.yaml	189	64e912dc42e48c305fa3148c8547154a2029d15fd25c95d1da88237facc62fc5
config/runs/arabidopsis/5x_ratatosk.yaml	159	29f7ea6ce0a8e9880a5af17f1ea15870b79ac5a4d6d490b31fb8fc05c77fe787
config/runs/arabidopsis/8x_colormap.yaml	127	59c4063ed55e4952bbb4871f040e2220838ff02436afb598cd026bf3d3dc38f3
config/runs/arabidopsis/8x_dadec.yaml	240	4ac910b85a2dde4ac2e188f7739e95d306bf5c152d7d47d0ce746b3cc95130c3
config/runs/arabidopsis/8x_f_hero.yaml	183	119da8f2931b2d126f50fb76163f12cfe87c4418bb15347e69767cdd243adfd9
config/runs/arabidopsis/8x_fmlrc.yaml	147	d8df2b60eab24cababd318b793759db757df37e2abd3595880936652c42f3fbe
config/runs/arabidopsis/8x_l_hero.yaml	186	af005e0b38afba472abd51defc71c534b0f6b1cc364e6f35c979ba31fafe4fa2
config/runs/arabidopsis/8x_lordec.yaml	152	6e57cfcdba1a512d17711ef31fcad50f2ae562827ef5d306c1c139afb55169a4
config/runs/arabidopsis/8x_proovread.yaml	129	63c4c36a1985a1bb35253723411b7e19a32aae103fc6a777f0647b1b73b5dea4
config/runs/arabidopsis/8x_r_hero.yaml	189	ce5fd5faf23f2acc7428c5c85b15e1a5efa9f2992677f96f6369382914325889
config/runs/arabidopsis/8x_ratatosk.yaml	159	74fe4ebc33d34e3e1764d8dde534078904c938234b23d1911a4924efed29f80f
config/runs/arabidopsis_sim/32x_colormap.yaml	223	1d911086b1adbd8116216f31b14855e90165312348d5aa2c340516828f5e1f91
config/runs/arabidopsis_sim/32x_dadec.yaml	254	209170a402b30085bfa31a1a40e07e0f0a86927f890019f583f4dc356c9b92b0
config/runs/arabidopsis_sim/32x_f_hero.yaml	273	8352e6546e18967cdfeb6c3802114dfb3a8b0a76f09abdb7861b5be0cba291c9
config/runs/arabidopsis_sim/32x_fmlrc.yaml	238	8e351de3fbfed73c83434bec1ea7cd964c5e70e924458c3c2c7287d5d9063e62
config/runs/arabidopsis_sim/32x_l_hero.yaml	276	09c6e5a3ceb2a9dc645ce7f5b15c361c089b2bada2b30640b5c02e96a776314a
config/runs/arabidopsis_sim/32x_lordec.yaml	244	5b1a9d9c4592ac86f9722ad7ab3eaee565503016af6968c03bd95d3b6df605ae
config/runs/arabidopsis_sim/32x_proovread.yaml	135	4808db05160b3ecfc128073d6e6d4bdd4ab75e4ed22e7c9b7cf17f9666260253
config/runs/arabidopsis_sim/32x_r_hero.yaml	279	8e2dd1eb6637eb4c4cc958abfcec4d52a962deb5342d88c383e013a21f881600
config/runs/arabidopsis_sim/32x_ratatosk.yaml	253	0b27162a671e81452c8eb073f704598bae60fb9c728f1d1976504a684218dd60
config/runs/arabidopsis_sim/hifieval/32x_colormap_hifieval.yaml	880	a0823e5f0dffa11cc689b122631fa137c137d5d00b0e14ce02646deb9c142f87
config/runs/arabidopsis_sim/hifieval/32x_dadec_hifieval.yaml	948	61d3a817b1f4f24a1899f20b436508cf45ef55b29eb526a6c58213040ebf8d53
config/runs/arabidopsis_sim/hifieval/32x_f_hero_hifieval.yaml	869	62ad4408ff0f30bac97e6faab84975cacb87f20350d5ef7e4e849b4c2c30fdb3
config/runs/arabidopsis_sim/hifieval/32x_fmlrc_hifieval.yaml	866	ae9e4568b228d147abc3e8805369c9b9e1fd3ee64a42cd0f986f18c723d5b66b
config/runs/arabidopsis_sim/hifieval/32x_l_hero_hifieval.yaml	869	58a5332f55348cdba9e080deecd81d793d0630be2409fc20c12bfc0ff3e4b828
config/runs/arabidopsis_sim/hifieval/32x_lordec_hifieval.yaml	870	4aea3f75fa53a3acdd642426d122a1ceef46188ecf5ffde61bd5931513424de6
config/runs/arabidopsis_sim/hifieval/32x_proovread_hifieval.yaml	926	d6e2c446d5d49da1144ee6a7ef93986e0966ecf7135c6e90ac64103922951d57
config/runs/arabidopsis_sim/hifieval/32x_r_hero_hifieval.yaml	869	e919a904a4a21db033e28e12946d6eca9a63f9d04923bf997740229fc2bdda8d
config/runs/arabidopsis_sim/hifieval/32x_ratatosk_hifieval.yaml	878	e60d675b9cb4fb3ea0cc0b677b339a44abfd3b8746adcdf825305b76d12519a7
config/runs/drosophila/43x_colormap.yaml	269	afd04174e346803149474dae961388c8907cd943f167dc8217e9f79a7a81c4d9
config/runs/drosophila/43x_dadec.yaml	216	de507bd6666ddc2db9f106a21a778e32ad7223824aec84e561eac732bd94101d
config/runs/drosophila/43x_f_hero.yaml	320	7cc8e651db6d360132e5b8e74f097c4b686e4f254fb60794c98cb7fcd8aec81d
config/runs/drosophila/43x_fmlrc.yaml	284	0e654d957cb02f65ea5f23c279fa3392bb6bafa95e125006f120a2fa864a80f0
config/runs/drosophila/43x_l_hero.yaml	323	66494f5380b5d2f0628d1a1a88730e2fab32b7871c772768ee25b10b277805dd
config/runs/drosophila/43x_lordec.yaml	290	f693d1ea238ed280bd9912c76b775553473169460d87539bf0daf31cf0f0229d
config/runs/drosophila/43x_proovread.yaml	269	e986d7a99feb726574ce4806c5cda08edbe5e44be713b38f8edd51778c5a4e90
config/runs/drosophila/43x_r_hero.yaml	326	96d1573724a70797234b9ee73168e87a0cc85aa080647bfea66ee63be0aada54
config/runs/drosophila/43x_ratatosk.yaml	299	93f8e76a66466bf7235dbd25b0d5cc125b90226b7468b5237d904e83dac3a6c4
config/runs/drosophila/assembly/config.yaml	2821	8ca3e3a093f607ba81cbfa294e5463823f9905bbdb98d864ae6de40bc6c8d3d9
config/runs/ecoli3/20x_colormap.yaml	128	805163c605fffb8e517fbb420314e9a35a6df03d8835935ad381c3cddcc3e21d
config/runs/ecoli3/20x_dadec.yaml	216	14068d6409d07ea274e4eebaaebd508e1eb4a02329e0c3e3125930625bf3c06e
config/runs/ecoli3/20x_f_hero.yaml	184	558e39d8bb0b0d8ea274efbbd88a9df91877b240c15541943c835e2c1feeec42
config/runs/ecoli3/20x_fmlrc.yaml	148	455ef507d1ee5a686497b18367186b4b732912558c02b8059b1e95dafd68e16d
config/runs/ecoli3/20x_l_hero.yaml	187	acb646da1cc26a7746cfa771e61e21688ee94bfbc5115b280664dbfca8f490fe
config/runs/ecoli3/20x_lordec.yaml	153	c416a0e406297f1c70a52623ddb05d0e37bed29de5c50bae95b06c2ed03ac7c1
config/runs/ecoli3/20x_proovread.yaml	130	b4d883e02c98d2e5681acdfbef7391f7c7295b79f03ef9c3ee511f74a58d0dc4
config/runs/ecoli3/20x_r_hero.yaml	190	721e7be5c158cb687022458ca9b1ac890ac35fe6f47122bce6830a06eaeeaa29
config/runs/ecoli3/20x_ratatosk.yaml	160	d36b45353332db285f76897cc3fac8e73e87f6547fb3620503660a8844991f2a
config/runs/ecoli3/hifieval/20x_colormap_hifieval.yaml	825	9a09ba6f5f25b4c821f1389429fcf5e79ad511fb5f789ffdbf9c53c40ad143cf
config/runs/ecoli3/hifieval/20x_dadec_hifieval.yaml	838	105dc8c3a86bab80f9daa65d9dc19176b10483d0d3ad0589729e85946567ea64
config/runs/ecoli3/hifieval/20x_f_hero_hifieval.yaml	832	111fc9f90e7b99f9b5309c7bda27f89941a57f55bbf16256ee9560652dea01ed
config/runs/ecoli3/hifieval/20x_fmlrc_hifieval.yaml	824	65e11b0e7bdd5369a93b16240e2a6f0938ea382c92b96e9ce361f88e13e91773
config/runs/ecoli3/hifieval/20x_l_hero_hifieval.yaml	832	b59b576479cc31aaf7c8d8be219215399fa8a0ef5c86b4eb993baf2be0902790
config/runs/ecoli3/hifieval/20x_lordec_hifieval.yaml	823	e8ddfee3919e1f2ad7e4c1be02176d7aa8bb1ed30991221844e7f19e931a640c
config/runs/ecoli3/hifieval/20x_proovread_hifieval.yaml	830	250fa461c0d8b945b19e4e86ffcc40a35aa198061cc7767f87f0ac698e326195
config/runs/ecoli3/hifieval/20x_r_hero_hifieval.yaml	832	e6db7a442cf61df12bfd1e0fac38dfb40edd6df591b913aa2a63ff78234d64fb
config/runs/ecoli3/hifieval/20x_ratatosk_hifieval.yaml	833	a008439d28784e2a8814b0bfddbddf382938f923ad51fb9a1dff6d43628bafa7
config/runs/ecoli3_error/hiseq_colormap.yaml	136	1e5e409e85f8432dd4a0db536a4c89c62ba8cbc8a0206f972b975aa7bc4e649d
config/runs/ecoli3_error/hiseq_dadec.yaml	233	2e19e39da236f47d6407eaed7f15ef7af8fd1ff8f4396e95c9859d5fc2f42ee0
config/runs/ecoli3_error/hiseq_f_hero.yaml	192	f64a35895d5fe930520c2aed33a0817c2e8cb004ab10f82d93ca207ff476fb40
config/runs/ecoli3_error/hiseq_fmlrc.yaml	156	2a2c595b0e16962892e4c079960465fcf040696547a8cee68692a87423b6597e
config/runs/ecoli3_error/hiseq_l_hero.yaml	195	2c669b7f68a63ba8b2ddfda7cefa37775f3b2a6c2fa4c379f44be57866fd4f94
config/runs/ecoli3_error/hiseq_lordec.yaml	161	5594c9a9bcabcbbd1279ce913df6aea0d48f2d44ac85bfac3913083240ed6111
config/runs/ecoli3_error/hiseq_proovread.yaml	138	29258f689facc439f369e4534367a502af6906afd1d39b2b32a0543d5c398fca
config/runs/ecoli3_error/hiseq_r_hero.yaml	198	2982e7d9f34b6e4873a7f9fc42c0723c724cbfeaf507d9a2c337a365de843a47
config/runs/ecoli3_error/hiseq_ratatosk.yaml	168	3119621d1f6803b391d9d7412bb6994e057061c85c260c3884487437977362ef
config/runs/ecoli3_error/miseq_colormap.yaml	136	ba86cdddb37fea6696559d8d271b29945a527aa9404b5d1ac95636c4c303ee75
config/runs/ecoli3_error/miseq_dadec.yaml	233	f8581dfe41e57a9489fd43809f350115c33c6b7c54ff07889cf42e9d3cb66fd8
config/runs/ecoli3_error/miseq_f_hero.yaml	192	53cbde3cea8136a25ed61578fa0d8af096ea760efa6038b9a4284cc3a51d1e0e
config/runs/ecoli3_error/miseq_fmlrc.yaml	156	6be2df3fcc8e46d173e7297d62d529e93c01c6c56b4f18006ae61825c32c238d
config/runs/ecoli3_error/miseq_l_hero.yaml	195	5b70b2c289074bbc6340372f5b46ee4681c7b75bc4c36616f151f8f1d609088a
config/runs/ecoli3_error/miseq_lordec.yaml	161	d99e3098edbf17554ebe327be8056b4cd17f8f813b4fd2945e85dd77b6654082
config/runs/ecoli3_error/miseq_proovread.yaml	138	eba0c176e25ccdbc7623117bee892372ac67b7ff08d20035d03abda4fec47cf2
config/runs/ecoli3_error/miseq_r_hero.yaml	198	cd9c9b7c85a0681084dd1ac3c744e9eedc838cca37a79c953498cdb49eb7602d
config/runs/ecoli3_error/miseq_ratatosk.yaml	168	fddd858db75d3f656168b1933dbee25121029d747da4ade751188b7db5a9bcce
config/runs/ecoli3_error/nextseq_colormap.yaml	138	1b94c034b4e9580e17b7e2180564599cb654d4d1486738a5230bd4c622143a1a
config/runs/ecoli3_error/nextseq_dadec.yaml	235	d2b160d1437fef8be6b0f55719cba339c87bddefad29ed35c94acfc5e50ec87a
config/runs/ecoli3_error/nextseq_f_hero.yaml	194	d692690ecbcb2d462c4c06b571bf38bd14badc40585017c38c233f4ef6caceec
config/runs/ecoli3_error/nextseq_fmlrc.yaml	158	6ff7ec90ae9dec70305c393ff2d60d7b17288a174e363d301900713ae70d1e97
config/runs/ecoli3_error/nextseq_l_hero.yaml	197	a17df3b0d385a6572fe3541150003373adcb42e09db71be71658c268cc0b94c8
config/runs/ecoli3_error/nextseq_lordec.yaml	163	04d4933274d50f65f8ffeef9cd495594bf4c614760e20a01acced601d4fb8e7d
config/runs/ecoli3_error/nextseq_proovread.yaml	140	0f47a1e77570154794bc03a6c29c0d2882ba5c3e50ce60f0673f9905aa0db338
config/runs/ecoli3_error/nextseq_r_hero.yaml	200	adad5ab4f68eba7d53de3f713f43aac881e7e358d33eb73ccca893472dcce803
config/runs/ecoli3_error/nextseq_ratatosk.yaml	170	d77c4322562d1fa6d330f50c19403da1bb7411b619cd4bcc32d6bde277c7db63
config/runs/ecoli3_error/novaseq_colormap.yaml	138	3d433d6e5853593d8d9456085bfadc7395a3e64c65cce8781182eb6d6757e432
config/runs/ecoli3_error/novaseq_dadec.yaml	235	04a48d3da2a786afd2a459ee1b8fe61982581f676aac4a89ab2236f626af5da2
config/runs/ecoli3_error/novaseq_f_hero.yaml	194	112b75f92e845bce10d25dcd95b939f45b13a2041f0d7ac0a8a6e48bdd47e294
config/runs/ecoli3_error/novaseq_fmlrc.yaml	158	e7c4b5caf3910675a8de6ee39804ea7b567ab0557ca9ad03481b875f95a2736b
config/runs/ecoli3_error/novaseq_l_hero.yaml	197	9e2084b143a545ade3ed121bae2ed7d44219093344c053e9fe855d12b6007dd6
config/runs/ecoli3_error/novaseq_lordec.yaml	163	5eea81347325a5ff4d9dc5f905893308347474cfb819ea7c5a53f427936991c9
config/runs/ecoli3_error/novaseq_proovread.yaml	140	12cd36d2634f1a5c78e5139298d6274a7b12b4cec7fb5c025cca10f8e8d9a414
config/runs/ecoli3_error/novaseq_r_hero.yaml	200	858b277ed00d748653fa44eeb66035bef3c2e92d874b4caac0d139e5899f5cd8
config/runs/ecoli3_error/novaseq_ratatosk.yaml	170	d7019e7f4756e21d51dbe62a04486756638afa74e99103c27d40ed3787ef2ff7
config/runs/ecoli3_error_readcount/hiseq_colormap.yaml	146	98a0f4f2242bb7289da56a154f38ed5d0092eb17e7be908567926b499d5e088a
config/runs/ecoli3_error_readcount/hiseq_dadec.yaml	243	28ba4da07ad3a476a0b86646e2c61ee18b219ff82a1dbd22dd9a4a0059f8cdcf
config/runs/ecoli3_error_readcount/hiseq_f_hero.yaml	202	4c7cca39a3c2708825a0101ddc5c752c42da1ec1a9523db8eb58146f51ed086f
config/runs/ecoli3_error_readcount/hiseq_fmlrc.yaml	166	4d5a5476c004d6bf43e74249faa5e3aaa3f4a59a0208db4772f72b7116eb6538
config/runs/ecoli3_error_readcount/hiseq_l_hero.yaml	205	5043f0fc0ddbf11e98fb1ecec614cb949928f923d4e93298a7f91f2e316115e2
config/runs/ecoli3_error_readcount/hiseq_lordec.yaml	171	ee15fecf4f06b3f4bc1033991cddd8c1a5ba73e21f3d63b36f9230e9fb6ab0af
config/runs/ecoli3_error_readcount/hiseq_proovread.yaml	148	9305ad8756b1576f597d9f1350185a91baa9d81f62a53313270da61083c83d4c
config/runs/ecoli3_error_readcount/hiseq_r_hero.yaml	208	b6bf16f77fc16282bc246cee929f4cc2423e5b1f246d6c2c4a102073db93c813
config/runs/ecoli3_error_readcount/hiseq_ratatosk.yaml	178	b97be1b416ba0938cb9da60caeac4ea7cf234fe337ac38f061ed11dc1a34f9f4
config/runs/ecoli3_error_readcount/miseq_colormap.yaml	146	7062b39f4327be41a584d526c6491c471b56bcfa0d92134e9c8f7a3aed29d5cd
config/runs/ecoli3_error_readcount/miseq_dadec.yaml	243	042ac4645c5dc662ed60433aed0e06fea0381a1809ca4aa06f9b079e54a8ed11
config/runs/ecoli3_error_readcount/miseq_f_hero.yaml	202	891421208488370e39d5cae1374d24233d2d8a973b877f7a9b109ad92ac4f4b8
config/runs/ecoli3_error_readcount/miseq_fmlrc.yaml	166	a2f80c3cbcc253ee0327bf3afcfaa5760900c6b760265034b8f0538f45ffe1ed
config/runs/ecoli3_error_readcount/miseq_l_hero.yaml	205	cc2c2a03ee692d41a1d5eb050a915e791af696527820fc3fe52ffe61c8bdcfe2
config/runs/ecoli3_error_readcount/miseq_lordec.yaml	171	e39d0e4e034826730b7bb0e77ed2a2e814fe63b6dd66b5140526950a3682d8ef
config/runs/ecoli3_error_readcount/miseq_proovread.yaml	148	f4136befaba86deca9d1f82385a7ec0dbd8897b2cc5372031c6f26a07eef331f
config/runs/ecoli3_error_readcount/miseq_r_hero.yaml	208	f6352436c76c87dfe28c559d8cc7b7beda38fa7e521b8cd980d081f40d9c268e
config/runs/ecoli3_error_readcount/miseq_ratatosk.yaml	178	42e38c97342db601d4d11d4806f86d4565849456fb0da373773942f4fdbe926a
config/runs/ecoli3_error_readcount/nextseq_colormap.yaml	148	cc0c1ce015d90abb429b06bbce9f54aa266ec25025d88eb4f4ac4957331611a9
config/runs/ecoli3_error_readcount/nextseq_dadec.yaml	245	4c5d59787005ed78e3639c3e5cb0b70fd304a4c3fef06872db5f24407ff73218
config/runs/ecoli3_error_readcount/nextseq_f_hero.yaml	204	778c828e6e16aaef8bcfb7e761689c84fd4a2a892207520bd80973a526d43571
config/runs/ecoli3_error_readcount/nextseq_fmlrc.yaml	168	52bba06ea31c545f1ab70fe73d8295ebfb31ee3759ddea6a5d2b23c5de2b3db7
config/runs/ecoli3_error_readcount/nextseq_l_hero.yaml	207	0dc5d8d7f5898eb7789deeb3134c6a92dcacc515da8b405865d3d013d4dc3014
config/runs/ecoli3_error_readcount/nextseq_lordec.yaml	173	b401cc9558942cef3becd335a549d5ef20452e5011f1e5b0addb1efec6c57536
config/runs/ecoli3_error_readcount/nextseq_proovread.yaml	150	f1a5e9896ace5f71f0d1530f91752e4f041c39314ef3c81a186201d579e24330
config/runs/ecoli3_error_readcount/nextseq_r_hero.yaml	210	ed957e71e336abee8c2c46f1f9612c5ca41ebe19057be5a72af7e21157ac63fa
config/runs/ecoli3_error_readcount/nextseq_ratatosk.yaml	180	f45a2df52605cd3c12c6ba38cdf5e3c69eaf4207933c30f037d94007f2e95800
config/runs/ecoli3_error_readcount/novaseq_colormap.yaml	148	0c518a185d88c76076ed5622412bdfb617e60730fee6fb2ba413aea9163dd214
config/runs/ecoli3_error_readcount/novaseq_dadec.yaml	245	6bc6d446b225b654b4cef893f983d2bea7b9878ecb001575100f3b11773cf0ed
config/runs/ecoli3_error_readcount/novaseq_f_hero.yaml	204	e71913de8c7cff3090ac3e09d596d3d1d1ba805295f0356a2387a0c714dd8024
config/runs/ecoli3_error_readcount/novaseq_fmlrc.yaml	168	903c48f4ccfd0ee1e3dc40dd40dcee1d77ee99e253d44d56f7c7ac1de7d364d0
config/runs/ecoli3_error_readcount/novaseq_l_hero.yaml	207	208adb6a51511e43b480702c957f88b7adc04b82e57d947bae6e4c35778b8064
config/runs/ecoli3_error_readcount/novaseq_lordec.yaml	173	350f16b9312a07afae88ec02eaefb504a10df8bfaca083c0bc433db13e482d06
config/runs/ecoli3_error_readcount/novaseq_proovread.yaml	150	46c6fd9afa4613e444452d05ba459d91ac8ba74a538e95534ed2066109b7c682
config/runs/ecoli3_error_readcount/novaseq_r_hero.yaml	210	4cd2282b5b903fd889e7b5ff5443acf45fdff21ea96eedb0dd2fa03ce41f2aab
config/runs/ecoli3_error_readcount/novaseq_ratatosk.yaml	180	3b0c3e469c7fc4fb9156121fad4b38e89d092dbdd37e8ac54c9a65d41411fff4
config/runs/ecoli_error/hiseq_colormap.yaml	131	aca2d348f47a5a0cfc60747dd71ae98803316711370e0fc76151a49de9ee684b
config/runs/ecoli_error/hiseq_dadec.yaml	228	b1df265a8457d09e9f83c55659db2517859444938bed73b67faabe36fe810ec7
config/runs/ecoli_error/hiseq_f_hero.yaml	187	08124778835f1268ba8efcd8f89717a6e7842603e6685ac181291b401857d503
config/runs/ecoli_error/hiseq_fmlrc.yaml	151	9de63e8f9ad71d968675a2f6568a88427e3c4ea5aeaa4439800d5009b0c56725
config/runs/ecoli_error/hiseq_l_hero.yaml	190	c41f263a40f9d251e2e0c1134a80d2680f36492663e2735565e7280323cf4e4f
config/runs/ecoli_error/hiseq_lordec.yaml	156	4385b863ce93388721e47087fc1be32ed0a7d38a34c763958045955bb4f53bb4
config/runs/ecoli_error/hiseq_proovread.yaml	133	e872fc8765ca21799f8223dd431460b05c342b06d3d5392610b8a4a06581a755
config/runs/ecoli_error/hiseq_r_hero.yaml	193	57bc7c71962b5bdd2a1900231bd8d4a94545d98675db22562e37f0878378bf09
config/runs/ecoli_error/hiseq_ratatosk.yaml	163	16d2fd4b28cf477b8c9e005edfcc67e5271e7caa5aa751c3dd68d1580121e6b4
config/runs/ecoli_error/miseq_colormap.yaml	131	1ff6d2a79cb94e53018047122097a63fcb150ee52d80078285aacfc2b4c87616
config/runs/ecoli_error/miseq_dadec.yaml	228	ca824135a83346b52e88756a990c768b190eb3dc9d4d8eaf2f3bdc0ff5fb5f71
config/runs/ecoli_error/miseq_f_hero.yaml	187	cd77b2782d44bf7120bb0ca5a567b81ff7fb2bec8bcf3fe11e21bf03d406563d
config/runs/ecoli_error/miseq_fmlrc.yaml	151	0ba496c84184738c0f603458dfa97ed8f7ddd95f2daba2bdd0a1881a4d9c6bb1
config/runs/ecoli_error/miseq_l_hero.yaml	190	7939e65d7737dca83cf2ccb879fd4777962c47cba9c4ba56ea0c75e7989207a2
config/runs/ecoli_error/miseq_lordec.yaml	156	de733e99d680654add38eb2568d48397d2a6f9725c9d2a7d8191dfc7bb946632
config/runs/ecoli_error/miseq_proovread.yaml	133	a70e1ce4f8ee370df8a8f1d1c0e919c94a9e8b9e83b87041de0886a0e8f3d0af
config/runs/ecoli_error/miseq_r_hero.yaml	193	d1e4eb6973a2719081a959a9370e248ca8eb2a62952c64afe4e993d8b73661a3
config/runs/ecoli_error/miseq_ratatosk.yaml	163	8c62528ed25b239a7141c68997451c86f0cb6c6987b077f1fb03aac680ba4509
config/runs/ecoli_error/nextseq_colormap.yaml	133	cbd40cba7c272f41bb32ff04dba80438405df950421683da5eb69ed6e0403681
config/runs/ecoli_error/nextseq_dadec.yaml	230	9caa6f23ec154e8b5d5b7935374862a213254bd1b13d5936e1e4e5283e4d1e52
config/runs/ecoli_error/nextseq_f_hero.yaml	189	96d1526928ff229e0a9c05aea67481d665633ec541f604f5941d280f84008fe5
config/runs/ecoli_error/nextseq_fmlrc.yaml	153	f666859b1b4684ec8855625d906e920df632a87c8f28e8e7a890127ef5b6a7d9
config/runs/ecoli_error/nextseq_l_hero.yaml	192	15561853198287fb458ceb73ee23305f1d44f28133977867f5d4870ccf1a0535
config/runs/ecoli_error/nextseq_lordec.yaml	158	f159b24e62a7c5faf3bf94bac4f4f7ce84fe0ab76b617bbe94be92cdb6824976
config/runs/ecoli_error/nextseq_proovread.yaml	135	f47b037b5ffd98a067ae8fbb1d89a5c266e7aa5bfa4c24ef1c22854ab59b1e5b
config/runs/ecoli_error/nextseq_r_hero.yaml	195	5b365a38df887a3a5a8600b67203f39b75a759e09c12d2306d0eb4824e45bd22
config/runs/ecoli_error/nextseq_ratatosk.yaml	165	88a4ac77c46fc4f5143a2b65e5e011ea6399fe082a853b1f8228a19a85227869
config/runs/ecoli_error/novaseq_colormap.yaml	133	ab2d0fe48237a9981561710e2f53540c552baee532007acb80aec345d982f11e
config/runs/ecoli_error/novaseq_dadec.yaml	230	f5d7a57054cb7884a40b6c28bb496d065f94fd03cd3ea710ae77d1a0e1295c44
config/runs/ecoli_error/novaseq_f_hero.yaml	189	a56caa925077c13d16fbcbd4712ccf28accf9498c95989d23c9738b0897ffa92
config/runs/ecoli_error/novaseq_fmlrc.yaml	153	a254c17fdc0182e43357b3ef5c4755893398b0db6c13089d147a942802a462af
config/runs/ecoli_error/novaseq_l_hero.yaml	192	94549a6c53988fc6a4a4c4a851b559cea28689fcfd144db4e76fdb19795315b4
config/runs/ecoli_error/novaseq_lordec.yaml	158	40e626b224a0c81e5a39884451e8a957fc66a3b3c4164085aca294bcfb0943e8
config/runs/ecoli_error/novaseq_proovread.yaml	135	b76aca9aeb6db369a96dc0d68395e094fa231790c252fb3e0626a5ca4f6b095e
config/runs/ecoli_error/novaseq_r_hero.yaml	195	2f081d79eac81e27ffd704a07347a8f3d1d7b91bfbbdf29eef55d7abec341e99
config/runs/ecoli_error/novaseq_ratatosk.yaml	165	c4d39a94f347835cd925b51fc67af6878aa94f236a4e92a445a8df58c34daf39
config/runs/mhc_ont/50x_colormap.yaml	203	c99605f610b41800c07fec397b530e0b0d478c4da642b60fb0c3387b63036d42
config/runs/mhc_ont/50x_dadec.yaml	242	464e82536e3c6ef4835ddecbd04601b7f1c8b9f2832a4f4ba237fce48c7b57f9
config/runs/mhc_ont/50x_f_hero.yaml	253	df480d9eb2588de7c5be28233e6616a519f3520daf7fe3988456e7e47684670e
config/runs/mhc_ont/50x_fmlrc.yaml	218	5290452d8a632082e39ee0483b2394d0ee113e812383dee443b335b2cd87428f
config/runs/mhc_ont/50x_l_hero.yaml	257	959211fac210af1944adf68edc9c9bd945193abdb9552b62c2e959b4666829f4
config/runs/mhc_ont/50x_lordec.yaml	224	fec01b7fc675954db7e90a06deeb22ded3aac4d69926274e849631a1a6fd9eee
config/runs/mhc_ont/50x_proovread.yaml	203	d1578a1b223cf372cdc259884c60dd82b32dbdb1ac84ed513c9c89c046f5c7c8
config/runs/mhc_ont/50x_r_hero.yaml	260	ddf2490d8e1d76a1ceea748c14a7bcb97b50d06d54104b548ee6430ef84a9ec5
config/runs/mhc_ont/50x_ratatosk.yaml	233	a6661e639ad006dae42813210f92209c267d8d7219df5304e610c0df2919da60
config/runs/mhc_pac/50x_colormap.yaml	202	aa69e99433616d73bb1bdb88d4c733bb770679608ea630830ac809663b4286b5
config/runs/mhc_pac/50x_dadec.yaml	242	d29cdc6b15c9f119b5796a753a6e6fdcf7eebc8860e2485f88098ce31b28d06b
config/runs/mhc_pac/50x_f_hero.yaml	252	a91269bae1b4ba2ac500db0215c9df4b84ada2dcf5906253e897970d445380c9
config/runs/mhc_pac/50x_fmlrc.yaml	217	5ae5e2fdbb0d83af24dbae3e231ed195038cd93f949d0923fd15f0ac140b8f09
config/runs/mhc_pac/50x_l_hero.yaml	256	7e23a5f938429fcf4415457e8e2db7d9b345453cbdf9b049b3660c235eb1ea06
config/runs/mhc_pac/50x_lordec.yaml	223	5a6fb2fbe328e195dee8a190d7b45d04baebdee84c7c519baf9d1b944a7c9d65
config/runs/mhc_pac/50x_proovread.yaml	202	5ad4882165e5de10d5713d70148f6230ddf0e3372ce6cf1233461fd313133756
config/runs/mhc_pac/50x_r_hero.yaml	259	a8e333a7f357c7d07de4ca5af1ae1296fdd70c562f30e402c7bae241c6ad3c77
config/runs/mhc_pac/50x_ratatosk.yaml	232	b6b6a910272a9c60f99f87d58100c66e30adfb2cebf48f5d12eb2a5d0691a7aa
config/runs/zymo/10pct_colormap.yaml	386	cd8d7d62401a05df5c24ed9d3177ef25ada69c2ae75733c0597ada2f0b67096f
config/runs/zymo/10pct_dadec.yaml	227	90f1b9c59e6a89cfc47f834de5102672bec3e6e748da526e9a8b5ab54d1bc2c1
config/runs/zymo/10pct_dechat.yaml	333	5f26560296e3370293ac8730b125cb62afd1d3b6d91e626280c5326230ab687c
config/runs/zymo/10pct_f_hero.yaml	431	6dab565bbf7f535a228dd92b513e735ee4e8c27a85837c6b770345dea47c9afc
config/runs/zymo/10pct_fmlrc.yaml	396	d10cbd08531088a86f2b1958392d21f3be4f31a9bb4b4feb3fc884a08a76a4eb
config/runs/zymo/10pct_l_hero.yaml	434	0fe6875ece708f243a6e7573fcf66d85ae6944b9de168b02e045131fc9d6bc4b
config/runs/zymo/10pct_lordec.yaml	403	557e5f8002125a35d0601226ec56a52f6789d93664c854fc0967d2fa39ae9424
config/runs/zymo/10pct_proovread.yaml	384	0c76316149ff64f91fb122fe72ca701ac634c6beaaf954449c195926287561cf
config/runs/zymo/10pct_r_hero.yaml	437	7d4f6bd15a268840f2c0fc7c54e90e89e532762ec10115d929a13c429774362e
config/runs/zymo/10pct_ratatosk.yaml	413	04aa28c873e3f7994205f7b3ada804dc9d5a80868e025ec41dda41f8bc456edb
config/runs/zymo/10pct_vechat.yaml	333	0dec1694c74c8ec899c62cae300cfff16affb091db0518d16a38438d2582a33e
config/runs/zymo/20pct_dadec.yaml	227	86059c448559f222c2add5c50503f668a2afd83c6d4e3db1a9184b8596594983
config/runs/zymo/20pct_dechat.yaml	333	cf0e3953570d8e96374deed9eda495c82f4bc110df0c63a8c707149bf010f551
config/runs/zymo/20pct_vechat.yaml	333	68facf582364213d34a96b3dc1ccc776adceea53a67d752c2b0130b5392639f9
config/runs/zymo/30pct_dadec.yaml	227	944199c2d0e367d79dc1e01a7d0e3b5fb3822ee633c0088a70f6fae58a1f9929
config/runs/zymo/30pct_dechat.yaml	333	73ceca3e5636b40223fbbf75b0cacb199377d7afb0ab41903d11440812634468
config/runs/zymo/30pct_vechat.yaml	333	076843fabbc0f8a7e557e1f55f77be79a7aa8c3484acf59e78a24d316113af7f
config/runs/zymo/40pct_dadec.yaml	227	218169d58a187173ae9e5fb202af8cea70b353dae5e24446abaf060ef15f0fb6
config/runs/zymo/40pct_dechat.yaml	333	f1fbeb10b0852b1655019bb1915a3174935bc0eac410b7f833399ded4c027530
config/runs/zymo/40pct_vechat.yaml	333	faa378e9ba799dae5494a71455f3710e9fb427181643a27ef20c79ddeb36013d
config/runs/zymo/5pct_dadec.yaml	225	0e0b84033a385b00082e948feb14f3302195fd05270216acf02aef304a109fb7
config/runs/zymo/5pct_dechat.yaml	330	e2059b839c143fd25f50eded8d681396c391dfdd185260d5936021ae414794a7
config/runs/zymo/5pct_vechat.yaml	330	7cfbf3b99d2551febaad077a416dc1ed6fdff3100e361f4f273cd02f5472ea68
docs/DATASETS.tsv	3514	e45278a43164e40a4223dc1d6604b91eead3bc44bbbd186e66ef4867eb533f1d
docs/ENVIRONMENT.md	3759	1e801e3e489dac00aca22e7816d987713c7c80a5961ddd71e0ec5b6a14ea8304
docs/ISSUES.md	1393	f6c8fa5b2c90891354bdf87808f9036ea8531ef62fb8527d2262d079f3ef0dfe
docs/METAGENOME_METADATA.md	900	74ed372e8c836c747d6c18f2ba48ae527e2dbfc6f784e0a1718ba5d0f33a53ba
docs/PAPER_EVALUATION_MAP.tsv	8770	de03838ff9e85344f01c0106897aa6181307443e58786a602256cbb8f778065f
docs/RESULT_INVENTORY.tsv	439434	72907c7b9d8a621927b021a8449f28e3a8503971df7e3a0322d881705f5f86fc
docs/RESULT_POLICY.md	1590	3a0dd33799fe29faa378776b97f4dcb220f3b816a2687ad744705b2ee9111816
docs/SOURCE_CODE_MAP.tsv	206558	50177e3078e9e7253d0afd6b7fb6eb62c5a8830f61160942f6fa1e76b60e1f3b
metadata/metagenome/100S-BA/ani_info.tsv	5364	8ae202b40c3959ea7ecad6e010a6e12be3b137052b28510695b71d0e3d7641dc
metadata/metagenome/100S-BA/depth.txt	1839	8b6e8aeceb5a7efa4425c5727517a0151e9543cd9735f855632a4c9e217e6e58
metadata/metagenome/100S-BA/distribution.txt	4919	dc45b5a55cf79f78d482b8db213a6f77c5b402e54f7399653840fe5e5f43cbfb
metadata/metagenome/100S-BA/genome_to_id.tsv	17630	bbfa7abdc0784575cd9b241c397ee7dbb4c296c36095d3766b7e20f2875e5075
metadata/metagenome/100S-BA/genomes.txt	14815	b2654e9874388030289ae5ad6096c2f5a8293b320c53e2db3a8aa0221fc698e2
metadata/metagenome/100S-BA/metadata.tsv	4928	31ee7de0362c4a4490639e2b34b8b09a08f9ed60d39b27819e3274089a0b42a7
metadata/metagenome/100S-BA/sim_100strains_long_10x/config.ini	1214	da9e0e7fa6645eeff74f6344229ce23518e4b31fd510a81996650a1d02337ece
metadata/metagenome/100S-BA/sim_100strains_long_10x/distributions/distribution_0.txt	4919	dc45b5a55cf79f78d482b8db213a6f77c5b402e54f7399653840fe5e5f43cbfb
metadata/metagenome/100S-BA/sim_100strains_long_10x/internal/genome_locations.tsv	14730	a4421bc6c3903a73e019863ba40d28afce1f8a70ca95673d0d2a48a11d54e3b1
metadata/metagenome/100S-BA/sim_100strains_long_10x/internal/meta_data.tsv	4928	31ee7de0362c4a4490639e2b34b8b09a08f9ed60d39b27819e3274089a0b42a7
metadata/metagenome/100S-BA/sim_100strains_long_10x/taxonomic_profile_0.txt	41363	a97afecc25dad01513357cb78152c12b98e7feeeafd6e7e24081538d759bf6dc
metadata/metagenome/100S-BA/sim_100strains_long_10x.log	42926	b5f25b107c51b2c25cecad12abaaf1776fe63fa20586d2b0ff6692dc57c017dd
metadata/metagenome/100S-BA/sim_100strains_long_10x_config.ini	3200	24078b59b024ef0ec4b64f5e36ebe06c632384eaaf57eebdefc882b6ba5bde94
metadata/metagenome/100S-BA/sim_100strains_short_30x/config.ini	1278	baabc49022cca6a2898e7501ab6de4eb7a7c286adffc84e5084597b42e0ece9c
metadata/metagenome/100S-BA/sim_100strains_short_30x/distributions/distribution_0.txt	4919	dc45b5a55cf79f78d482b8db213a6f77c5b402e54f7399653840fe5e5f43cbfb
metadata/metagenome/100S-BA/sim_100strains_short_30x/internal/genome_locations.tsv	14830	18af73561819b438ce5fcba30bc69b38b35bcdec083111b08a500dbabac3f99d
metadata/metagenome/100S-BA/sim_100strains_short_30x/internal/meta_data.tsv	4928	31ee7de0362c4a4490639e2b34b8b09a08f9ed60d39b27819e3274089a0b42a7
metadata/metagenome/100S-BA/sim_100strains_short_30x/taxonomic_profile_0.txt	41363	a97afecc25dad01513357cb78152c12b98e7feeeafd6e7e24081538d759bf6dc
metadata/metagenome/100S-BA/sim_100strains_short_30x.log	142188	fcb24de86c4dd87d4a565bc6aa123d30507b750889209ad1c0d38fca1f93b7f0
metadata/metagenome/100S-BA/sim_100strains_short_30x_config.ini	3757	0c79fbff7a0f5f862189946a5ee2e1e81216efe539c1eeca26337e88a32ac9ed
metadata/metagenome/100S-BA/sim_genomes_info.txt	21578	8cc563eae89e885b3a3cdede2a343ef11b837c56be5f2cb034be0e0df7671863
metadata/metagenome/100S-NU/100art_config.ini	3713	78b5beb2d7ab93b799426269674e96d93bb46ff1082aae7ef824c15535f2134b
metadata/metagenome/100S-NU/100pbsim_config.ini	3317	38fba76d217b290da076bb537303f7e6b25ba9799c0ee5c9eee41e097d04aaf5
metadata/metagenome/100S-NU/CAMI_paths.tsv	10645	d1caa8fba78c1ae0314be1ad83551794bf35a06441d1a1c4e2dbaf07446df7b1
metadata/metagenome/100S-NU/CAMI_paths1.tsv	10645	d1caa8fba78c1ae0314be1ad83551794bf35a06441d1a1c4e2dbaf07446df7b1
metadata/metagenome/100S-NU/assacion.txt	1600	c3f131a76b0b4b2461e43fb43433e67407f04dd5bd2af120df2f283750e0e4f1
metadata/metagenome/100S-NU/data.sh	1779	b962897b40228652c22ff5b69f8228fa2567c854f98d41b839c9bb835b476d5b
metadata/metagenome/100S-NU/file.txt	3981	612c3a57baa4753d63ddaefda7577b72b0d868d4b68f5c1a0089e89298a83245
metadata/metagenome/100S-NU/file_name.txt	3983	5744e0d6f2f32e6666e6676f275b81f69715694913d2129e5c9f169e7a667c91
metadata/metagenome/100S-NU/genomeid copy 2.txt	6219	5d2feaf7c2c9218476793fcf6003f1958bb5870bd89fe72594355e0a96c38f1a
metadata/metagenome/100S-NU/genomeid.txt	2750	0d6f1d960792feb995bb31b2621c9163735088153c5d64f29f1b7f1d474ba897
metadata/metagenome/100S-NU/long/2025.05.11_23.31.22_sample_0/contigs/gsa_mapping.tsv	41212	834ed7b1253cbe4d6387f87a19c77dc6cdbe99a1241f1e638913bebfa9d9fbdf
metadata/metagenome/100S-NU/long/2025.05.11_23.31.22_sample_0/reads/reads_mapping.tsv	122688	07b35670203f841769007aa388bccf74b387ab96c93673248b7e43a84433f047
metadata/metagenome/100S-NU/long/config.ini	1291	108a93bdbc8ae810ba7b2c4638b1eef80ff32ac55de0eba2e6a4169700e9023e
metadata/metagenome/100S-NU/long/distributions/distribution_0.txt	3678	539b3e0abf5b9ae5195d7686d56e8b87eca348383d1527567584f5845f9ae3cb
metadata/metagenome/100S-NU/long/internal/genome_locations.tsv	21290	000205a1df1790ecc7ba421d5195907ae6e6920def39b47b21e37ee3771c6faa
metadata/metagenome/100S-NU/long/internal/meta_data.tsv	3128	a4f452f84079b818d633e879b57c97face66ef3eaa5aa5098426deaa280988c5
metadata/metagenome/100S-NU/long/log.txt	43436	c971a4d317d2d1056b5d40432a2ce586228a7464984d4987a37e33fda1eb64e7
metadata/metagenome/100S-NU/long/long_reads.txt	2180	b073b898d5b40153d785975d23250bfd89963f44967fd4999a36d364e14e32f7
metadata/metagenome/100S-NU/long/taxonomic_profile_0.txt	39705	7f98f357d99188b3551bb619c74e61f44bc50d1360fdb769722a07fbc7224adc
metadata/metagenome/100S-NU/metadata.tsv	3128	a4f452f84079b818d633e879b57c97face66ef3eaa5aa5098426deaa280988c5
metadata/metagenome/100S-NU/name.txt	6891	0fbd28b42cea28e68a3c0edec0ee7751f5a634aae9c6be405710678711056d99
metadata/metagenome/100S-NU/pipei.py	8047	ea77ff7138128a40316ce3f48655f7f99c188ec1a157a9201065a636e8fb2d18
metadata/metagenome/100S-NU/ref/ani.txt	61352	cc171b7d868b0666b9cbe7a1f1da1e956a55936c449102d0924fe3ca38c8e9f0
metadata/metagenome/100S-NU/ref/file.txt	3944	7d755674710831e533641e6618a02223548a76355e257707b40bba10a6eeafdf
metadata/metagenome/100S-NU/ref/max_ani_values_original_order.csv	4724	01533618271e783831bab7984d24c1e3b84792838ce67d6b03375ce0f620dea7
metadata/metagenome/100S-NU/ref/ref/download.sh	2221	7632ec395e9fc4806b994640de90f0154ba86098d446d78e71db7e575e137bd6
metadata/metagenome/100S-NU/ref/ref/file_name.txt	3060	121135048822c96450ba2e9b49681796b79b36b99a4b0f2f7f0ca7ae9b51d630
metadata/metagenome/100S-NU/ref/ref/ftplian.txt	913	d383032d3ceced99f6a5e88f5b4b045d24062ecb4b169ca2ba925febcdab1f85
metadata/metagenome/100S-NU/ref/ref/genomeid.txt	6219	5d2feaf7c2c9218476793fcf6003f1958bb5870bd89fe72594355e0a96c38f1a
metadata/metagenome/100S-NU/ref/ref/sort_file_name.txt	3060	121135048822c96450ba2e9b49681796b79b36b99a4b0f2f7f0ca7ae9b51d630
metadata/metagenome/100S-NU/ref/ref/sort_id.txt	6219	48781a3b1052d3fa495ab7f3ea1c301341ef00f0a6bb8b6ec27d494723f2545d
metadata/metagenome/100S-NU/ref/strain_species_mapping.tsv	3781	0cdb639338d75f3e9807ca16fbfed3012c28622a2fc6e4bcc12d8ff25bb42978
metadata/metagenome/100S-NU/short/2025.05.11_23.26.10_sample_0/contigs/gsa_mapping.tsv	44266	6c09343519861f8e4c61858b406144760c893441f115e8b930bf8e767b85173d
metadata/metagenome/100S-NU/short/2025.05.11_23.26.10_sample_0/reads/reads_mapping.tsv	119302	f1702e567a1cf427509dfb512d5169e24f8bf255ceed225e628f09837a078b5d
metadata/metagenome/100S-NU/short/config.ini	1259	bd4e98003d800e9d4a351d7f545236b2f0b6bb4e7884a3b4b604d3aff73d07f4
metadata/metagenome/100S-NU/short/distributions/distribution_0.txt	3678	539b3e0abf5b9ae5195d7686d56e8b87eca348383d1527567584f5845f9ae3cb
metadata/metagenome/100S-NU/short/internal/genome_locations.tsv	12345	88146f7ae7ffe078007f4052ac3fe88151090c960af64de546c3da328ed4784d
metadata/metagenome/100S-NU/short/internal/meta_data.tsv	3128	a4f452f84079b818d633e879b57c97face66ef3eaa5aa5098426deaa280988c5
metadata/metagenome/100S-NU/short/internal/unused_ccommunity0_metadata.tsv	39	668faf1a2f700d6fe65fe5a919710a262a1a14af281541c43ea22c97a0e3ec3a
metadata/metagenome/100S-NU/short/log.txt	152184	a28b4e2696695114c0de63a44ee19bb8b4da10733339608b83db94adb0d2b0b4
metadata/metagenome/100S-NU/short/taxonomic_profile_0.txt	39705	7f98f357d99188b3551bb619c74e61f44bc50d1360fdb769722a07fbc7224adc
metadata/metagenome/100S-NU/taxid.py	743	e06effd15f1060ce621b75d6a41e50855716cf69a91c9967176022300f8bbcb8
metadata/metagenome/30S-BA/ani_info.tsv	1467	d6bb7224b998f98d7a94519ce884894d88b7056be5fdde3d0e51f5624d302ce9
metadata/metagenome/30S-BA/depth.txt	557	ef0b1fab6ae7e6fa34114c21615a57d972b57e65b74aacb4fee71fe73413b9d0
metadata/metagenome/30S-BA/distribution.txt	1457	0d1e9dfa01bab3bdf71ce1d13547baadb975936e68f2bc4ded64bdf594c4980a
metadata/metagenome/30S-BA/genome_to_id.tsv	5280	5b71af7eb415c8accc065f7c4d972ae15551a527268559587e3a5ea4691c499e
metadata/metagenome/30S-BA/genomes.txt	4440	250b563bab491a5154ec77262339d56bf96ca8b53aaa6da8e1e73200fc770c63
metadata/metagenome/30S-BA/metadata.tsv	1565	0047125d496478d1b28748e2a2cc0af4fac48dbe5f0002b74a6827f233f3ee1e
metadata/metagenome/30S-BA/sim_30strains_long_10x/config.ini	1209	6d6664f51c325e7b981b0a53be7fb9535d05dfb3e4584bb96347029a7b37ecde
metadata/metagenome/30S-BA/sim_30strains_long_10x/distributions/distribution_0.txt	1457	0d1e9dfa01bab3bdf71ce1d13547baadb975936e68f2bc4ded64bdf594c4980a
metadata/metagenome/30S-BA/sim_30strains_long_10x/internal/genome_locations.tsv	4350	8b30e7c7820e4f1145c4960dd01eca05cf58b1b8218ce58c92180bc5c24d17ee
metadata/metagenome/30S-BA/sim_30strains_long_10x/internal/meta_data.tsv	1565	0047125d496478d1b28748e2a2cc0af4fac48dbe5f0002b74a6827f233f3ee1e
metadata/metagenome/30S-BA/sim_30strains_long_10x/taxonomic_profile_0.txt	12270	e8eea04ee5d4b0dd5ad45ec45d07c61050abb7a0521cbab7ca755648319f5857
metadata/metagenome/30S-BA/sim_30strains_long_10x.log	12990	63a08928ab724d1935f5ee478a29d3971967748e0ab02c9ea01e01d393ee6657
metadata/metagenome/30S-BA/sim_30strains_long_10x_config.ini	3196	a8aa16719005e9161299486265d180ce2489e4f9b1af7fed4c5a32dcfd3fc22b
metadata/metagenome/30S-BA/sim_30strains_short_10x/config.ini	1271	378e1c8a7397c07da25e81735c62956ec54633bc014b3d0d76bff4b8ebe11451
metadata/metagenome/30S-BA/sim_30strains_short_10x/distributions/distribution_0.txt	1457	0d1e9dfa01bab3bdf71ce1d13547baadb975936e68f2bc4ded64bdf594c4980a
metadata/metagenome/30S-BA/sim_30strains_short_10x/internal/genome_locations.tsv	4380	e179bf16f8c87ba9b700468a55b9a7f355b84a5704da02323184e86a7443c1cc
metadata/metagenome/30S-BA/sim_30strains_short_10x/internal/meta_data.tsv	1565	0047125d496478d1b28748e2a2cc0af4fac48dbe5f0002b74a6827f233f3ee1e
metadata/metagenome/30S-BA/sim_30strains_short_10x/taxonomic_profile_0.txt	12270	e8eea04ee5d4b0dd5ad45ec45d07c61050abb7a0521cbab7ca755648319f5857
metadata/metagenome/30S-BA/sim_30strains_short_10x.log	42814	55e78ebe13d6adf0d3534b9bed9060d982786c447d518620f90e3c3e7072c5c8
metadata/metagenome/30S-BA/sim_30strains_short_10x_config.ini	3751	03ab4b08abf690448e7e2a4fd199412225767caf7df47dc94bbe1cba3a8ee603
metadata/metagenome/30S-BA/sim_30strains_short_20x/config.ini	1271	2228d83e1fe212a328b684ae31f04f3c5185de1bc059df9575ffbef7d0bc1468
metadata/metagenome/30S-BA/sim_30strains_short_20x/distributions/distribution_0.txt	1457	0d1e9dfa01bab3bdf71ce1d13547baadb975936e68f2bc4ded64bdf594c4980a
metadata/metagenome/30S-BA/sim_30strains_short_20x/internal/genome_locations.tsv	4380	3616533091a0340d623df6de94715979e9227d48b773b97fb7b92943d5613683
metadata/metagenome/30S-BA/sim_30strains_short_20x/internal/meta_data.tsv	1565	0047125d496478d1b28748e2a2cc0af4fac48dbe5f0002b74a6827f233f3ee1e
metadata/metagenome/30S-BA/sim_30strains_short_20x/taxonomic_profile_0.txt	12270	e8eea04ee5d4b0dd5ad45ec45d07c61050abb7a0521cbab7ca755648319f5857
metadata/metagenome/30S-BA/sim_30strains_short_20x.log	42821	b184cc203fe468a1b19bf864351e0b4f99448c5dc22b5e863dcda92488578030
metadata/metagenome/30S-BA/sim_30strains_short_20x_config.ini	3751	c83a453464e5e870655adbdf35ce220b070ab322cb0a2feae85e4fad3c2ae1b6
metadata/metagenome/30S-BA/sim_30strains_short_30x/config.ini	1271	d8b4643f4ab6e315be273c61ec6e1b370cdd68388839805f1f5770a55b4b7dae
metadata/metagenome/30S-BA/sim_30strains_short_30x/distributions/distribution_0.txt	1457	0d1e9dfa01bab3bdf71ce1d13547baadb975936e68f2bc4ded64bdf594c4980a
metadata/metagenome/30S-BA/sim_30strains_short_30x/internal/genome_locations.tsv	4380	2374a05ee906ed9971e3390ce01ce62ae6f78633e48cadf86634076c7b7554ef
metadata/metagenome/30S-BA/sim_30strains_short_30x/internal/meta_data.tsv	1565	0047125d496478d1b28748e2a2cc0af4fac48dbe5f0002b74a6827f233f3ee1e
metadata/metagenome/30S-BA/sim_30strains_short_30x/taxonomic_profile_0.txt	12270	e8eea04ee5d4b0dd5ad45ec45d07c61050abb7a0521cbab7ca755648319f5857
metadata/metagenome/30S-BA/sim_30strains_short_30x.log	42821	c728cb1e238b5c11cb7dbb17ae5ea604d89ebea84b5a99ca18c775820e584ac0
metadata/metagenome/30S-BA/sim_30strains_short_30x_config.ini	3751	b73582f3e1f71088babc9e293c14ebb26074ff90de26123066f0a54d9a80d93f
metadata/metagenome/30S-BA/sim_30strains_short_40x/config.ini	1271	a972dd22fe3303cf5c2c8576841d0a1ff5dc42a50720eeea2bb5d95cb883ed4f
metadata/metagenome/30S-BA/sim_30strains_short_40x/distributions/distribution_0.txt	1457	0d1e9dfa01bab3bdf71ce1d13547baadb975936e68f2bc4ded64bdf594c4980a
metadata/metagenome/30S-BA/sim_30strains_short_40x/internal/genome_locations.tsv	4380	cdac72f4d74c12a1ce39f9f87ed44f064f7db3b673c688b82837be0ba27330b0
metadata/metagenome/30S-BA/sim_30strains_short_40x/internal/meta_data.tsv	1565	0047125d496478d1b28748e2a2cc0af4fac48dbe5f0002b74a6827f233f3ee1e
metadata/metagenome/30S-BA/sim_30strains_short_40x/taxonomic_profile_0.txt	12270	e8eea04ee5d4b0dd5ad45ec45d07c61050abb7a0521cbab7ca755648319f5857
metadata/metagenome/30S-BA/sim_30strains_short_40x.log	42831	0ab056fd88b22c2bf3b7b5fcc95e192a53d61fd62001c567bff7b79175569aed
metadata/metagenome/30S-BA/sim_30strains_short_40x_config.ini	3751	3237b379dd6790230c89a650438bfad2331006e7a1ccb0a246303cf721ca4045
metadata/metagenome/30S-BA/sim_30strains_short_50x/config.ini	1270	93446e2ac462de77e2402f3937bf8537b39df64363a3348f8a01fd50469671e2
metadata/metagenome/30S-BA/sim_30strains_short_50x/distributions/distribution_0.txt	1457	0d1e9dfa01bab3bdf71ce1d13547baadb975936e68f2bc4ded64bdf594c4980a
metadata/metagenome/30S-BA/sim_30strains_short_50x/internal/genome_locations.tsv	4380	8e6327923e32d616cf6aad4c03c6319aa35fe9fe543f9754a4f61e45c0ca5b13
metadata/metagenome/30S-BA/sim_30strains_short_50x/internal/meta_data.tsv	1565	0047125d496478d1b28748e2a2cc0af4fac48dbe5f0002b74a6827f233f3ee1e
metadata/metagenome/30S-BA/sim_30strains_short_50x/taxonomic_profile_0.txt	12270	e8eea04ee5d4b0dd5ad45ec45d07c61050abb7a0521cbab7ca755648319f5857
metadata/metagenome/30S-BA/sim_30strains_short_50x.log	42827	fb49b53866307e161a507d208ad6e231f385d494cf7ff43f4ea5a6e23e2885fd
metadata/metagenome/30S-BA/sim_30strains_short_50x_config.ini	3750	f23a39deb69b282305e8c7e41cd7c5d2615d595130f8f47f97aba719ea0faf0f
metadata/metagenome/30S-BA/sim_genomes_info.txt	6367	677af97707f0d745cff960cc880f036a010b2acba7cee8a7a3786b14cbaa30c5
metadata/metagenome/30S-NU/30art_config.ini	3830	ab2fa23b94f5578202c4297376a68af9cb3161522a5cd0fdcf8b65af254d2489
metadata/metagenome/30S-NU/30pbsim_config.ini	3313	c1ff9413992d72ffb5496ff71ecb085e49e361ee6da12ee73d8ac25667f6793a
metadata/metagenome/30S-NU/CAMI_paths.tsv	3158	06bc425af1205adf3b17915d2222d1d79a2a3f10790443c101f2de54a30033df
metadata/metagenome/30S-NU/CAMI_paths1.tsv	3158	06bc425af1205adf3b17915d2222d1d79a2a3f10790443c101f2de54a30033df
metadata/metagenome/30S-NU/README.md	1593	4b40504b9d718336b19ce451ff7e117494105e58e2351fee9563af7886320eec
metadata/metagenome/30S-NU/data.sh	1340	8eff47d3c527008d76bd3ae1f79edaad9534d8abc8adba67ee99ba1edc28c780
metadata/metagenome/30S-NU/file_name.txt	1178	7f419ef7e3d13352ba72acd76df3648d779309558c9b4b11e976b79f10bb96a6
metadata/metagenome/30S-NU/genomeid.txt	1219	1cde97dad5797a063b517c8d7bc26b70494eb672a52652324c05a6d22df4e844
metadata/metagenome/30S-NU/long/2025.05.11_12.16.24_sample_0/contigs/gsa_mapping.tsv	6873	abd124ae533af18f2af0d283757e12bc93b8fe8fb5626370c6ba62c73fa89b8f
metadata/metagenome/30S-NU/long/2025.05.11_12.16.24_sample_0/reads/reads_mapping.tsv	11949	b9991e34df4021a5a05711ac49a00990f568d7ffeb07a3d75b16590d99838f05
metadata/metagenome/30S-NU/long/config.ini	1291	132c44399e877454d9918eae017364968ba6f936fa6ff2bb61260168f694a6f8
metadata/metagenome/30S-NU/long/distributions/distribution_0.txt	1086	6933ae29fc80d9b0ad94ad0506f62b44cac1801f861af1034221b70b718ac6b3
metadata/metagenome/30S-NU/long/internal/genome_locations.tsv	16961	303063b98f9029822fbe3633f07eb73a1ffd3f43ed9ca16490e29fd86f609bf9
metadata/metagenome/30S-NU/long/internal/meta_data.tsv	947	ba56d81371e4f72c922cb4ac249dbf34c48f3c65916108f26566c879f6d5f109
metadata/metagenome/30S-NU/long/log.txt	13112	dc21d390bd5bee7c4a496206850e7f5990396cdc4d3f8a0e5d965f2f3226cdcd
metadata/metagenome/30S-NU/long/long_reads.txt	2137	e24ff818a890d2044cb2d04205df6c3816c6da3ee1630df80bbf63894e642ba8
metadata/metagenome/30S-NU/long/taxonomic_profile_0.txt	13037	f797785bac7124d2c995e3963fbd05fbfe760632b4de465db505abb8986e6ef8
metadata/metagenome/30S-NU/md5sum.txt	257	2b97e1c02d5bcb4277a58de8fbbc06ce2ac43dc59783f13505fd112c7a266a4a
metadata/metagenome/30S-NU/metadata.tsv	947	ba56d81371e4f72c922cb4ac249dbf34c48f3c65916108f26566c879f6d5f109
metadata/metagenome/30S-NU/name.txt	6891	0fbd28b42cea28e68a3c0edec0ee7751f5a634aae9c6be405710678711056d99
metadata/metagenome/30S-NU/ref/ani.txt	11813	ea10addaa7a4acbac379b7c482ae8bce95aead521291f766f68987b8262b346b
metadata/metagenome/30S-NU/ref/download.sh	336	4cf8f7671798ca5d9ec2ecb9f408916939bbfa209f8e66bc5ca1e763a58523e8
metadata/metagenome/30S-NU/ref/file_name.txt	1178	7f419ef7e3d13352ba72acd76df3648d779309558c9b4b11e976b79f10bb96a6
metadata/metagenome/30S-NU/ref/genomeid.txt	508	2a2ee12d62ea445ac5d32d8de43106d39d9b6ff892438757771c5209108260db
metadata/metagenome/30S-NU/ref/max_ani_values.csv	1464	9cf4b3c4566a8beb31ec1382539e12cfedb3e664db776947fd6fdeff7359b2dd
metadata/metagenome/30S-NU/ref/max_ani_values_original_order.csv	1421	29e23dabac54ad44b79605854540598ef682fd13aab70ad3234c83b03ddf28c0
metadata/metagenome/30S-NU/ref/sort_genomeid.txt	509	adbb194f45477caeab0db477d8372d4a34753ceccaf36d6b13000652c488bcc1
metadata/metagenome/30S-NU/short/distributions/distribution_0.txt	1090	7fe5b6f83ebcda550513fb8af550d39bcbfcb51acf6a2896a40da500c6675460
metadata/metagenome/30S-NU/short/log1.txt	45646	e9e59ba111b037b9f18e05ebca5f0cd1ccb81c6c704786eb22ea11dba8055e02
metadata/metagenome/30S-NU/short/log2.txt	0	e3b0c44298fc1c149afbf4c8996fb92427ae41e4649b934ca495991b7852b855
metadata/metagenome/30S-NU/short/log4.txt	45798	da71d3ac67616febb51aa9c7153ae79f30d3d65aad28c8ab88400df132ea4cb9
metadata/metagenome/30S-NU/short/log5.txt	45786	eeadda2c16d6239bb013dfe99efbb2c090a65b9dc80ec2b84854a124005d208e
metadata/metagenome/30S-NU/short/size1/2025.05.11_12.11.02_sample_0/contigs/gsa_mapping.tsv	145090	9a33f42e6cd14faf18338ec624189cc230102c1615a4713eb00dec3d1ebc88fe
metadata/metagenome/30S-NU/short/size1/2025.05.11_12.11.02_sample_0/reads/reads_mapping.tsv	11664	22b79f142fe832828c93eae7fe5ac6cfe280d408b6f1b640113082636fadba01
metadata/metagenome/30S-NU/short/size1/config.ini	1253	6d147ba8c73860cdf9669929d51d28650087140ee9d015b28bc2caaa57e22f95
metadata/metagenome/30S-NU/short/size1/distributions/distribution_0.txt	1090	7fe5b6f83ebcda550513fb8af550d39bcbfcb51acf6a2896a40da500c6675460
metadata/metagenome/30S-NU/short/size1/internal/genome_locations.tsv	3668	2dea756563ca719f00b5d1373db1ba84d44432fa0b28b60f77319b57c44fdd16
metadata/metagenome/30S-NU/short/size1/internal/meta_data.tsv	947	ba56d81371e4f72c922cb4ac249dbf34c48f3c65916108f26566c879f6d5f109
metadata/metagenome/30S-NU/short/size1/internal/unused_ccommunity0_metadata.tsv	39	668faf1a2f700d6fe65fe5a919710a262a1a14af281541c43ea22c97a0e3ec3a
metadata/metagenome/30S-NU/short/size1/taxonomic_profile_0.txt	13037	f797785bac7124d2c995e3963fbd05fbfe760632b4de465db505abb8986e6ef8
metadata/metagenome/30S-NU/short/size2/2025.05.15_12.30.29_sample_0/contigs/gsa_mapping.tsv	3172	85fdef89b428d0ffaba4c63c0b2a64f63ebb6b61c7a89982b2bbef6952798c1f
metadata/metagenome/30S-NU/short/size2/2025.05.15_12.30.29_sample_0/reads/reads_mapping.tsv	11664	aaf73cdf26a98e92100aabf095907be1a663abaeab8214a548c9874d30363c44
metadata/metagenome/30S-NU/short/size2/config.ini	1353	41904226dd96ed8e4b0336d18d6272d0e05fd96f1cdf909d2983bc4ab21300fd
metadata/metagenome/30S-NU/short/size2/distributions/distribution_0.txt	1090	7fe5b6f83ebcda550513fb8af550d39bcbfcb51acf6a2896a40da500c6675460
metadata/metagenome/30S-NU/short/size2/internal/genome_locations.tsv	3158	06bc425af1205adf3b17915d2222d1d79a2a3f10790443c101f2de54a30033df
metadata/metagenome/30S-NU/short/size2/internal/meta_data.tsv	947	ba56d81371e4f72c922cb4ac249dbf34c48f3c65916108f26566c879f6d5f109
metadata/metagenome/30S-NU/short/size2/taxonomic_profile_0.txt	13037	76b648ea1f42c856aa461629e952398d55b7aaf4c37346409801fb4caf705a63
metadata/metagenome/30S-NU/short/size3/2025.05.14_11.11.07_sample_0/contigs/gsa_mapping.tsv	3135	0b4004afc6131ca53be91530ea59c375839439b93e9f29e324d4f9115bf5bdbe
metadata/metagenome/30S-NU/short/size3/2025.05.14_11.11.07_sample_0/reads/reads_mapping.tsv	11664	d5aea6fcf59e69b642edca76aa10c40f07a697f6476b4264b50fbf7f17d1cfd3
metadata/metagenome/30S-NU/short/size3/config.ini	1354	04b195d96120e1451278cf9d3b9d167bf26af0eac2d97983a773a9df33d998ea
metadata/metagenome/30S-NU/short/size3/distributions/distribution_0.txt	1090	7fe5b6f83ebcda550513fb8af550d39bcbfcb51acf6a2896a40da500c6675460
metadata/metagenome/30S-NU/short/size3/internal/genome_locations.tsv	3158	06bc425af1205adf3b17915d2222d1d79a2a3f10790443c101f2de54a30033df
metadata/metagenome/30S-NU/short/size3/internal/meta_data.tsv	947	ba56d81371e4f72c922cb4ac249dbf34c48f3c65916108f26566c879f6d5f109
metadata/metagenome/30S-NU/short/size3/taxonomic_profile_0.txt	13037	76b648ea1f42c856aa461629e952398d55b7aaf4c37346409801fb4caf705a63
metadata/metagenome/30S-NU/short/size4/2025.05.16_10.26.23_sample_0/contigs/gsa_mapping.tsv	3158	8f94f9d3ba244c9e0691092e45322160e4f811bc65d572452d408e7798308043
metadata/metagenome/30S-NU/short/size4/2025.05.16_10.26.23_sample_0/reads/reads_mapping.tsv	11664	9dd58e5f254ad64b8b772d0f65f0f5802361cd5e14db53c656104bf909c1a5ad
metadata/metagenome/30S-NU/short/size4/config.ini	1353	3243f1cdbd33c0c8c0253e40df0f97ee6d1d0d99b9ae33d8253ed92c3696a343
metadata/metagenome/30S-NU/short/size4/distributions/distribution_0.txt	1090	7fe5b6f83ebcda550513fb8af550d39bcbfcb51acf6a2896a40da500c6675460
metadata/metagenome/30S-NU/short/size4/internal/genome_locations.tsv	3158	06bc425af1205adf3b17915d2222d1d79a2a3f10790443c101f2de54a30033df
metadata/metagenome/30S-NU/short/size4/internal/meta_data.tsv	947	ba56d81371e4f72c922cb4ac249dbf34c48f3c65916108f26566c879f6d5f109
metadata/metagenome/30S-NU/short/size4/taxonomic_profile_0.txt	13037	76b648ea1f42c856aa461629e952398d55b7aaf4c37346409801fb4caf705a63
metadata/metagenome/30S-NU/short/size5/2025.05.12_09.59.37_sample_0/contigs/gsa_mapping.tsv	3147	76de39360589535247e866491e365ac5618659b22d75ce3da63d107efcaca98e
metadata/metagenome/30S-NU/short/size5/2025.05.12_09.59.37_sample_0/reads/reads_mapping.tsv	11664	94562b3dc9e67f00ce81908318d38cc87fe8e1e373a80f6fc0989f796f860628
metadata/metagenome/30S-NU/short/size5/config.ini	1347	afb715cee6cfbed2440dc9cf167000231517425be612bf40c482a12efaa1d23c
metadata/metagenome/30S-NU/short/size5/internal/genome_locations.tsv	3158	06bc425af1205adf3b17915d2222d1d79a2a3f10790443c101f2de54a30033df
metadata/metagenome/30S-NU/short/size5/internal/meta_data.tsv	947	ba56d81371e4f72c922cb4ac249dbf34c48f3c65916108f26566c879f6d5f109
metadata/metagenome/30S-NU/short/size5/taxonomic_profile_0.txt	13037	76b648ea1f42c856aa461629e952398d55b7aaf4c37346409801fb4caf705a63
metadata/metagenome/30S-NU/sylph/gtdb.tsv	4934	b28c493e61e7ec4893c5e780707aed70b990aa55cc827e2471b35c883a60fa6e
metadata/metagenome/30S-NU/sylph/result_ref.tsv	6891	1fba323df79f2901a1ad2c79e4274cbdfd0a5fa01297b8f7598aa3a546271606
metadata/metagenome/30S-NU/sylph/sylphTest.sh	1149	950e24b158439824287f1d63c1aa4e11c3f11bf46a864acd5399906996f2d26b
metadata/metagenome/30S-NU/taxid.py	2963	83630b06589c50e8d261244e5db26205428ddfd2f9954dcd11ef49155509d2ed
metadata/metagenome/SOURCE_MANIFEST.tsv	396	7c6d162ce9f60f68544fdf5bfef324f700074d8445f70286ed39cad02765237b
results/100strains_30x/comparative_ambiguity9999.tsv	1036	b83cb9a4243f9f979e5c88316b18f39e857497f24ad2a7cb3d8ed66c141d8235
results/100strains_30x/comparative_selected_runs.tsv	1845	9f7d925c73a03397fd10e3dbd9819590ca544e2d9e443c5c521466f4a9738b17
results/100strains_30x/run_manifest.tsv	2808	7f02526a5bf3ec9c76bd07f4b98c369e7771d3f350d5ade607f8274f5e3063a1
results/100strains_30x/table_ambiguity9999.tsv	528	73bc55b96817127d1f96228a4155188fbf0c1f278d92a305278b1656dbd67ac3
results/100strains_legacy_30x/comparative_ambiguity9999_metrics_only.tsv	1380	a6ae79a455903e92f7167891aa414576ad1c14bfc16964dc5dc50bd1531f63c6
results/100strains_legacy_30x/run_manifest.tsv	3809	dc1a7e9308266a7d93308dc62bae6b2e2971772bcb64f9d33c1bb9879e10245e
results/100strains_legacy_30x/table_ambiguity9999_metrics_only.tsv	702	5b53164b79dbc0b5225bc24fc6f062e82005c2d6f5585d48d208b70c15afaf06
results/30strains_30x/30strains_30x_dadec_ablation_k31_k31_s1_a2_a1_t0p08_dev_fix_a_ambiguity9999.tsv	842	1f4d123fdacb1a0a4d43f195c3639d116974011e8bb91e7b1cf2a35afa044ee6
results/30strains_30x/comparative_ambiguity9999.tsv	1424	a8fe57779adeb675f9027c2109dbb70ace82eb30c4ecec260e5f7a6705097371
results/30strains_30x/comparative_selected_runs.tsv	2615	4f08b9d4df92479ffc00fc7526b0aa720f7bc5c4d46180f2f784a919e5ab2382
results/30strains_30x/run_manifest.tsv	4200	82438c01e59df88f9a940f5c3aaf9d9a898a786e40c60503da0b4a729d205b8b
results/30strains_legacy_30x/30strains_legacy_30x_dadec_ablation_k31_k31_s1_a2_a1_t0p08_dev_fix_a_ambiguity9999.tsv	840	4e4b5f09a22cde0dfece5072213728c3a2d174739840f9f06347868b6298641d
results/30strains_legacy_30x/comparative_ambiguity9999.tsv	1549	928998a57ba021afe6b22ba6b7fad78026a175dcb09edbf619f5198f535154db
results/30strains_legacy_30x/comparative_selected_runs.tsv	2867	e67f8cc564761e9a57e3f7777fbcdc27aefad63ef509d3d22eb25b47239cf1bc
results/30strains_legacy_30x/run_manifest.tsv	4704	2835f2fcc371b095111bcab78ecd4ac1e1a53eed32619015aaf1c0ceb031f34b
results/arabidopsis_20x_all_parameter_runs.tsv	1469	790a9e499eb6aaa93373e7b4acbfa89c1e6eb4382e50b3dde53799a344d3c515
results/arabidopsis_20x_best_parameter_runs.tsv	1469	790a9e499eb6aaa93373e7b4acbfa89c1e6eb4382e50b3dde53799a344d3c515
results/arabidopsis_32x/arabidopsis_32x_dadec_ablation_k39_k39_s4_a3_a2_t0p1_dev_fix_a.tsv	912	31b7e94b75a35aff698d602013f896f97c61860141a4590684451334453898a3
results/arabidopsis_32x/comparative_selected_runs.tsv	1471	afa09396d400cbb9c2937a50557d964e507e943f3ac1c7f87c9e1707d2857f47
results/arabidopsis_32x/run_manifest.tsv	4013	31303d9d82d1bacf7cc21e2207e5cce9a4ef0f2231be3da11605469cd468c49b
results/arabidopsis_32x/table_corrected_only.tsv	485	f6f52b836c8da68c8c4e72034276c2987653f6f66cbb48a9e697034b547f0b4d
results/arabidopsis_sim_32x/dadec_dev_fix_a_all_parameter_runs.tsv	216	89fe0ca9e324284ecc91481dcd7db25a24e59d0d22c1e837834c33138f711c62
results/arabidopsis_sim_32x/dadec_dev_fix_a_best_parameter_runs.tsv	216	89fe0ca9e324284ecc91481dcd7db25a24e59d0d22c1e837834c33138f711c62
results/arabidopsis_sim_32x/table_corrected_only.tsv	512	e23ef1431b93a884646bf8873f5b5e0afd0cb18a86d2bb90e7da0a7e9992c886
results/arabidopsis_sim_32x_comparative_all.tsv	518	b71015f0ee4d7faedab7959ce1e54f6bb3b12efbf1644d220a2cfdde32d18d56
results/arabidopsis_sim_32x_comparative_best.tsv	518	b71015f0ee4d7faedab7959ce1e54f6bb3b12efbf1644d220a2cfdde32d18d56
results/classification/30strains_legacy/10x/colormap/metrics.json	12069	b657ae77b3b0ceda285d9b32008377f0e4b2a47e989accb00e9d6958a5869dbc
results/classification/30strains_legacy/10x/colormap/metrics.txt	5514	98228a6e596da0bb4acff6f2552ec4486e1357a641e2c323d1c5009ca5fb3890
results/classification/30strains_legacy/10x/colormap/provenance.json	1864	296b0edacbc66fafd03c5f757adc5ce7b4b78a6209be3025aaa42b7e2b9de4c7
results/classification/30strains_legacy/10x/colormap/report.tsv	1487	7aba3fda90069d13770f3c128d33f980fb0227b6685628fbfdb550d4b7f493b9
results/classification/30strains_legacy/10x/dadec_dev/metrics.json	12023	1247d3976b2b14f135d4cc0c644f33a1435648800fd55c632abdd37df55f8a48
results/classification/30strains_legacy/10x/dadec_dev/metrics.txt	5482	f111331b365eff03f80e1106af0ed7bd85af0d3b9b3cb2aba28fd9caefce535f
results/classification/30strains_legacy/10x/dadec_dev/provenance.json	1893	5f79478c8dca577ebd0e9fa0c3fd2e02e637f31ee508e83046d79f8cefd247db
results/classification/30strains_legacy/10x/dadec_dev/report.tsv	1538	83005080fa557403d8101f1e118675b14121366704fdaa4f2b1933d83b4c852c
results/classification/30strains_legacy/10x/f_hero/metrics.json	12242	df390491595f01436a8e57f92c9957805c600dd6318b3ccfdaa3dc5cc557206d
results/classification/30strains_legacy/10x/f_hero/metrics.txt	5665	ecf2c47c4113b3bd0cda0175586a586f2ebe479046f078eab4e9a7fe293994a6
results/classification/30strains_legacy/10x/f_hero/provenance.json	1880	30e15db36b25893a4fb3673fbfff0e9cca38590643cc72280f99efc7b5e9bc7b
results/classification/30strains_legacy/10x/f_hero/report.tsv	1519	24be64bd62989f53761fec14dd99e478e3f2863bf03d10b10295ce5ed944288f
results/classification/30strains_legacy/10x/fmlrc/metrics.json	12188	0b7035a4b986b83fb225d14125023ee93cd7a3ecbce68cce0977e72da5c0c34d
results/classification/30strains_legacy/10x/fmlrc/metrics.txt	5624	2bb532c4f7c877f01556bb78086089967bfba0f9cc01e2532bca3b76af6926f6
results/classification/30strains_legacy/10x/fmlrc/provenance.json	566	ceba04dfa5c3ea32ad4394171e690666346875633a53daf3b1a0bcec817db126
results/classification/30strains_legacy/10x/fmlrc/status.json	159	eccbc24380c369f44bbf8b12869cb4306283242ea6a9af36ee8adf2e303c5d9f
results/classification/30strains_legacy/10x/fmlrc_current/metrics.json	12188	0b7035a4b986b83fb225d14125023ee93cd7a3ecbce68cce0977e72da5c0c34d
results/classification/30strains_legacy/10x/fmlrc_current/metrics.txt	5624	2bb532c4f7c877f01556bb78086089967bfba0f9cc01e2532bca3b76af6926f6
results/classification/30strains_legacy/10x/fmlrc_current/provenance.json	1893	8a16070f45eeca5630c0d8b15132a09ca9f2ea400b89383db25f680fc4c48db3
results/classification/30strains_legacy/10x/fmlrc_current/report.tsv	1514	3de8c048fd7a93313dcec0120fca1515645b58d74eea931820853bae3fad53b2
results/classification/30strains_legacy/10x/l_hero/metrics.json	12153	1bd1cc85908e2d109fc4b1a7c94690f80f1af03e8013449aab78700a7df55db6
results/classification/30strains_legacy/10x/l_hero/metrics.txt	5595	662946fd02d2a8ac967716a7a1f27687ad01aa8024bbd0f464d74906dd841b2d
results/classification/30strains_legacy/10x/l_hero/provenance.json	1880	26b110447ffd63d69fdeef1dca0ab0129db288bf4065c3a5dfdc32d56d3ee5f0
results/classification/30strains_legacy/10x/l_hero/report.tsv	1578	b071943cf7045ac07b51e11d1617d4f5051222520efae320494b647a96635340
results/classification/30strains_legacy/10x/lordec/metrics.json	12171	883e6dbd86f679c699dbe55933d4dc9789dcf0d8ef20b5b2b0615a445295db78
results/classification/30strains_legacy/10x/lordec/metrics.txt	5611	86b55e27f1785fdd38f1bc984aed95197e048ef5c7d4ce12b8834703ae79eb39
results/classification/30strains_legacy/10x/lordec/provenance.json	1862	6432a1bde9d929e48404fa51e30423d8e5c71deeae0ca81f01be86dbba89f079
results/classification/30strains_legacy/10x/lordec/report.tsv	1506	d0fa71ce5d3ec1e2acffd3d2520b61e5047bc8509f34c147f47d8c4fde8ab159
results/classification/30strains_legacy/10x/proovread/metrics.json	12084	29325b09515de6abcaa171f1e484c48463af43fbf1e2d4193c5b14aff63cc94b
results/classification/30strains_legacy/10x/proovread/metrics.txt	5541	6e729097af20381e711ecc08789d5daafba801d7fb6787727a3eb1b2525b9007
results/classification/30strains_legacy/10x/proovread/provenance.json	1873	4c145f5995957a71c83817de82e3a9fe667e3a38113e4df26f3e461bbcbe1b99
results/classification/30strains_legacy/10x/proovread/report.tsv	1496	fe864c4ccb46815c95d69fbde9eb15ef2b4f7f7e6e4a9af61493279c79c4db5b
results/classification/30strains_legacy/10x/r_hero/metrics.json	12173	952e5fa488852ba853cc65ce7b40967582b08109e0ee15afff046165811aa254
results/classification/30strains_legacy/10x/r_hero/metrics.txt	5613	99c73c25e7e6a848e7efea2f8ac27b2ad55598192790458b2c305516b59730d8
results/classification/30strains_legacy/10x/r_hero/provenance.json	1880	37a5fcd9a2a884e11c26d0e6daf27fda8f5da9c39e4f4e2970f5dde2ab82e721
results/classification/30strains_legacy/10x/r_hero/report.tsv	1572	d1cc1ba54366b61d9c2e0766a80cd6fc9caae9c71a1905a93bd67a1fc5b725b9
results/classification/30strains_legacy/10x/ratatosk/metrics.json	12111	512dfaceb17a36d193f5bf7e577016f97fb17dc6ca86e8f6ddf00eadbe9942a5
results/classification/30strains_legacy/10x/ratatosk/metrics.txt	5560	f868586ed14c89874c966a017cdffb752c2ea5a10183b1df5908dc7ca454cd32
results/classification/30strains_legacy/10x/ratatosk/provenance.json	1880	9e3d2db8dc6a9cc4febd4b9ddfb838270d2d29a59246f2c06d61d47df46da875
results/classification/30strains_legacy/10x/ratatosk/report.tsv	1525	093b52b6b8a67f138ba6d127ae24a3a29e1959795e96c17741c8dc0dab7f375d
results/classification/30strains_legacy/20x/colormap/metrics.json	12076	e97b34ddebd715c4f6bc2d4242ad560e17003c5d9c516a4e108cb8bb88fdb12e
results/classification/30strains_legacy/20x/colormap/metrics.txt	5529	7a64a52e147077b5e14e9130342ba85d8d6553da7e2049cf00dc10277dac6993
results/classification/30strains_legacy/20x/colormap/provenance.json	1864	dbc7f9f2ae103bde812632e1f6f98a0d776c9eaa8498909a3bdcb3f1cec533e9
results/classification/30strains_legacy/20x/colormap/report.tsv	1487	cbd8061e3871803a3eddeeef24883aeebae31889fbb5b644f7a03decc19bdf44
results/classification/30strains_legacy/20x/dadec_dev/metrics.json	11997	1b2ed8fd8f64348794626ec50ae8af0a29e2ad627f8cf22465f0ffc4c529b4dd
results/classification/30strains_legacy/20x/dadec_dev/metrics.txt	5462	9fb95b3e779c1a73827690ff4679d0f329a8b25eb01162d6f043f029299b436c
results/classification/30strains_legacy/20x/dadec_dev/provenance.json	1893	f936ad94f153916a64ca603a55bb7cee0c31c1dfd270a452549700265ba37155
results/classification/30strains_legacy/20x/dadec_dev/report.tsv	1614	3464fe7fdca7d75906abb21de2fb50a1feb5b10e7068708b2bea8d653c814c82
results/classification/30strains_legacy/20x/f_hero/metrics.json	12222	c39aae4dfb94bb771c99ecbbb1d8790bb9b5abf471bc622f973a6e80e1a78fbb
results/classification/30strains_legacy/20x/f_hero/metrics.txt	5655	33b525b5ce01f1e5a1f087203ea65797eb0cefe9525514601be954c7a2ce140a
results/classification/30strains_legacy/20x/f_hero/provenance.json	1880	4a1a0f629c68b51a10e72eaeb5bc93a7b1050ee6b26a580fe1966f2965d4f431
results/classification/30strains_legacy/20x/f_hero/report.tsv	1579	38753699e3ebe726c7af928cb7af43c6f515a09d4c0a06d0e3b8e303d00cd4fb
results/classification/30strains_legacy/20x/fmlrc/metrics.json	12198	76dec8aa96ea1e649c311c364cc40036efcbd3c17b9cf7ea56cd6ae59eeedd2c
results/classification/30strains_legacy/20x/fmlrc/metrics.txt	5634	ddd4ee790cb1dc76f62b7241efa1d56118008e23d8d63de75409c7c53295390c
results/classification/30strains_legacy/20x/fmlrc/provenance.json	10489	050184a8c1b91d9e8b07283a191069ae2cd4223778910687d1bb1df01122993c
results/classification/30strains_legacy/20x/fmlrc/report.tsv	1577	3f232d02f00711d650c71dd4d013845fd1d88956d452a6eea2df324dd963999e
results/classification/30strains_legacy/20x/fmlrc/status.json	10082	0342b5a90d27b575001f6a61c803641f49dafbd62d657ed16c6eda4f5ff0a561
results/classification/30strains_legacy/20x/fmlrc_current/metrics.json	12214	eeecc5c5688c9c06f9073fb126f873385c30b8393044c386bac448f09dc7d635
results/classification/30strains_legacy/20x/fmlrc_current/metrics.txt	5648	17d94d80985dc9034b4e650202a4b7e942b37d70f0c30d2614380fef8068b4aa
results/classification/30strains_legacy/20x/fmlrc_current/provenance.json	1893	3651b9d781be67036496fe2af1aaa0488d7abd86a0ca6b28b69d08ac987ec78f
results/classification/30strains_legacy/20x/fmlrc_current/report.tsv	1571	7c5472415dce8689838b71307a2e3592c61aaad0ed55cb6eb295a9ca93cdf1c2
results/classification/30strains_legacy/20x/l_hero/metrics.json	12181	f8b47f52519056d18b45789b0348f782d1dc1c2f7b0ae67ed114bb269f22ddd9
results/classification/30strains_legacy/20x/l_hero/metrics.txt	5626	a922567f129d6092635eadbbf652ad39337faa4854bc815ad9b1f40069a871a6
results/classification/30strains_legacy/20x/l_hero/provenance.json	1880	95647665b0a5a067aba27282a27ae98dff507ebc71ab626c6f66edd4d8c1d206
results/classification/30strains_legacy/20x/l_hero/report.tsv	1563	0b06e53629a84296a89b186ebd09e7a54c2fcc0cc464fb8b6482d230cbdab2cf
results/classification/30strains_legacy/20x/lordec/metrics.json	12182	dfcaf9be5838b0e373802a91f19f08525e7ea114aac3a9d370f03f2a5be55652
results/classification/30strains_legacy/20x/lordec/metrics.txt	5625	27f0d865c5fed716c48043a2a26e6e886b869905ce445fd9cedea51c736c90c1
results/classification/30strains_legacy/20x/lordec/provenance.json	1862	a00d5912bc376af4c2071242de109fa4ed726befe9184a8abef37e980030990e
results/classification/30strains_legacy/20x/lordec/report.tsv	1554	d40430d7ff1bfa44345b636140d708cb8308313464d9a00333ccd659e4eab313
results/classification/30strains_legacy/20x/proovread/metrics.json	12109	e0b3f0319ef160f0188046d80c07e8287a56feef1d5f65e56f3dc9e877bc0105
results/classification/30strains_legacy/20x/proovread/metrics.txt	5556	2a9dd9c346428b3353a108978db01b92556f329100ab597c62d71afde2d925b8
results/classification/30strains_legacy/20x/proovread/provenance.json	1873	89ea95ea842aabae7e3fb31317cfcf8848a6dcca7ff9cb6c944b6f8518f7376c
results/classification/30strains_legacy/20x/proovread/report.tsv	1569	e1434bea945336b36821bd424a0f423e2f997ccd4b440b8a94645c5d5089963c
results/classification/30strains_legacy/20x/r_hero/metrics.json	12098	b1267d87068fc7e53255e61e08c0179419112f8d65d9a1155999642ce3c8cc36
results/classification/30strains_legacy/20x/r_hero/metrics.txt	5541	bc82ca084eda47058a9eb6cad49bdccb0b959f1d6a82586b7b104ba45bc01083
results/classification/30strains_legacy/20x/r_hero/provenance.json	1880	43b8f36b13e1a003f4c5f094f50796d32e5b0983bd35af41ee98413a9b9f8dd7
results/classification/30strains_legacy/20x/r_hero/report.tsv	1584	9f9ae8c38045c618bed1c757e890a09b07ad27fba5f683e58bf6ef3cee0c06df
results/classification/30strains_legacy/20x/ratatosk/metrics.json	11990	11523bdf4c7c266fb581e728e3a25a73a9d1de48e7c23a9c598d3cfc301074b0
results/classification/30strains_legacy/20x/ratatosk/metrics.txt	5446	64982bd6f68daf5961eee3388e721f706de234a46f344b72b1c629fbf8af67bc
results/classification/30strains_legacy/20x/ratatosk/provenance.json	1880	85aebea33d0eb94fe3e902bcdc7e75a07a4fb6c883c9a0d457ac4ce25f38f150
results/classification/30strains_legacy/20x/ratatosk/report.tsv	1595	a0a8e4f5d8734f28141f7c70f37f4325b5a6e056a954480e94c46369c86255dc
results/classification/30strains_legacy/30x/colormap/metrics.json	12083	ce99c6099bd1110bcc32a6fd45337bbc19743f9efb432184be8140c0cde01910
results/classification/30strains_legacy/30x/colormap/metrics.txt	5524	aa65cca87f2f22354533d2c7629ee30847a84ead37ff9299b2ae92e4a54204a0
results/classification/30strains_legacy/30x/colormap/provenance.json	1864	82034d967c6561eeb51d4ad9bb9d1b184fe2447d21a199101435ab82d139d95b
results/classification/30strains_legacy/30x/colormap/report.tsv	1488	fa5700314b67cc9059c829ee2f82ce4b6b75c6a8c900ab3add991756a1fe929c
results/classification/30strains_legacy/30x/dadec/metrics.json	11960	ee113ba794aa1e566cb5f52b45fc066035a96a397eef2b79dbc106300b200787
results/classification/30strains_legacy/30x/dadec/metrics.txt	5421	73eb928b6a320123a03815777681cd780c50386bf5feb258aa406cb67aea521e
results/classification/30strains_legacy/30x/dadec/provenance.json	1853	8c05f401c0ba077858b45ac3634f4d3c6ab5c9e9156af43b5a19e5054207dd3d
results/classification/30strains_legacy/30x/dadec/report.tsv	1618	8c8a2f71208781058075f5c654bb75521dca2545ca1a5e42b6962d883bc1de71
results/classification/30strains_legacy/30x/dadec_dev/metrics.json	11955	89304aa7c024bc5dc9ad776d9c725a4f41f0d799fc9b91c693a02b45648338fd
results/classification/30strains_legacy/30x/dadec_dev/metrics.txt	5416	291ff51ce5504fb56774ed4e5a1846d20aae6729c9ea6e8221b4520cdf06d527
results/classification/30strains_legacy/30x/dadec_dev/provenance.json	1893	ac08ba28cad8c5eeb747f685843a249191730a7ac5715503ca4c0f286f1ae044
results/classification/30strains_legacy/30x/dadec_dev/report.tsv	1616	47ae01a6728b6f4dc98fb5311bab6a035552db8830f448be5db3ebc4b20efe64
results/classification/30strains_legacy/30x/f_hero/metrics.json	12164	819f06a10e288163e1dc8e1ec987e5f52fc4d7e678f7ece0b0c31a5ba3a5be28
results/classification/30strains_legacy/30x/f_hero/metrics.txt	5597	7276c36bf0a4fe647cc98860e3b95ac0deaf72193213e5c4474c88cbc9de85f3
results/classification/30strains_legacy/30x/f_hero/provenance.json	1880	9e853c41aa1a7715a6bc06ea58e025e2f45ac0a5382e39a05d6264c893870062
results/classification/30strains_legacy/30x/f_hero/report.tsv	1613	c84309a23a06b93a1a4b7b0157cb4bc883cef45ddea678c44c3652e9aebeb8a2
results/classification/30strains_legacy/30x/fmlrc/metrics.json	12143	2d0b39eaa85654b13cd5407f536d69437398ae4b841339e42e4817e678b71d67
results/classification/30strains_legacy/30x/fmlrc/metrics.txt	5585	c2502731fa8e97c85060056434dfce459239a3040cb072fed7e40a9fd7e5847e
results/classification/30strains_legacy/30x/fmlrc/provenance.json	566	f828d4dd2ce644f2f861a231f645ab9c02ff7051cf7059f7b87f08c61e2db781
results/classification/30strains_legacy/30x/fmlrc/report.tsv	1596	116467e55843f24aa75e95c7a456449e4a0315bd62bed40e5438affc81a9d65d
results/classification/30strains_legacy/30x/fmlrc/status.json	159	586782b1f14ea13e23fb001a1c1b04d0f163a03470420fdc8f032908c2153179
results/classification/30strains_legacy/30x/fmlrc_current/metrics.json	12143	2d0b39eaa85654b13cd5407f536d69437398ae4b841339e42e4817e678b71d67
results/classification/30strains_legacy/30x/fmlrc_current/metrics.txt	5585	c2502731fa8e97c85060056434dfce459239a3040cb072fed7e40a9fd7e5847e
results/classification/30strains_legacy/30x/fmlrc_current/provenance.json	1893	7a37db7e1f95922bbe7ec47044caad23f169e50c548057f58b6090956412605b
results/classification/30strains_legacy/30x/fmlrc_current/report.tsv	1596	116467e55843f24aa75e95c7a456449e4a0315bd62bed40e5438affc81a9d65d
results/classification/30strains_legacy/30x/l_hero/metrics.json	12188	38d196fcd43ace4bf38748ef17ddaafad0a012e73a997ad6c4fd2a4749bccc42
results/classification/30strains_legacy/30x/l_hero/metrics.txt	5621	49f23b0d00411953a3f2bf3af35e6033ab5d4624d6e727a88fe5aeabd8fc5464
results/classification/30strains_legacy/30x/l_hero/provenance.json	1880	1c6ba816698534b9f4eae38e5821e4f1b682c40921db8b76511ea6d4e0f0c0ea
results/classification/30strains_legacy/30x/l_hero/report.tsv	1619	d009c886320c959babe38e17b57d908f852b9c7d76aff4d738ec3d3505de8fd3
results/classification/30strains_legacy/30x/lordec/metrics.json	12175	8e8cfeec2ab4692f3cd83f2d20852681a05bb19fb449ea45ba5410f085b6db3b
results/classification/30strains_legacy/30x/lordec/metrics.txt	5611	2275e94bfc45c12d64fdee8620837b5b3c7dad54f9084c6d15f2327ae5486de2
results/classification/30strains_legacy/30x/lordec/provenance.json	1862	bd3b627134275af75917fbf41b27b4d4158a73f4b68c444bc1f694d8ac9f2667
results/classification/30strains_legacy/30x/lordec/report.tsv	1581	aadb0aca4a9ae9e1166766dbe65d14aecd627f0ffdafb2765e639aa29dc7c8d9
results/classification/30strains_legacy/30x/proovread/metrics.json	12101	79802e73410c88bceb87ddfa3b75753f1ad9fd7b3ee328ec1b723074081ed5e7
results/classification/30strains_legacy/30x/proovread/metrics.txt	5547	ef792b95c00e83de5cbd423560e46bb3ecbbf8f9d04e94c11bd1e7f65ecb0eb1
results/classification/30strains_legacy/30x/proovread/provenance.json	1873	50277668e28d9284793929f0e719818bde19d3367a8d1c167e17773d679e9886
results/classification/30strains_legacy/30x/proovread/report.tsv	1616	e900035698394c7e55a7e443cb36a0b95021c6320b20296c078a422f32cdaa39
results/classification/30strains_legacy/30x/r_hero/metrics.json	12112	57b3c660278c7c54cc040b8aa9d9b22a6a92b561d79d5a655f81f8c5a6ccb706
results/classification/30strains_legacy/30x/r_hero/metrics.txt	5555	aed190e6d56c38f1aee62cfb21bdc3f8e4bea0acc80fba8b8baa049158fb1db2
results/classification/30strains_legacy/30x/r_hero/provenance.json	1880	af48d6761c4af070451f07ccb710e4b543a3f24406c49cb7f686e7240a1d5576
results/classification/30strains_legacy/30x/r_hero/report.tsv	1617	778015692d5dbd98c58f9c04646157eb357e88667facf5be3017ba57daed29ee
results/classification/30strains_legacy/30x/ratatosk/metrics.json	11993	6fb8002ccc054e429b48736b4b2f54626a042f273d8d21f1aecefabade6795d7
results/classification/30strains_legacy/30x/ratatosk/metrics.txt	5450	2718203cc77ea245f49927013996c7f07884ccc38feec867a4a81388c2ee1634
results/classification/30strains_legacy/30x/ratatosk/provenance.json	1880	28563d6b2de2ccce5b5d440a315e0ced652b3639279d81b5cf9c68d457a55077
results/classification/30strains_legacy/30x/ratatosk/report.tsv	1613	700631f58f8841858433744715daae47e8fb20df33271ef34781ef9169028d4c
results/classification/30strains_legacy/40x/colormap/metrics.json	12086	44bed9c1172edbc04cf65fcebe12a554ae7d03d0f0fc78eace51afc0b28785bb
results/classification/30strains_legacy/40x/colormap/metrics.txt	5533	c658fde0fc4a16e978a882b3e40478ce07ccdee0829d593fc5b70f2bca308279
results/classification/30strains_legacy/40x/colormap/provenance.json	1864	43db5448f07c90b720ad144e9e72a351c576235a3cfdb4a77898c02213efdd98
results/classification/30strains_legacy/40x/colormap/report.tsv	1487	1448e873e2c0519da9d63cad60244ace6946cec820fd0344df4a41340583c8c9
results/classification/30strains_legacy/40x/dadec/metrics.json	11956	1d449f4ba641fdb8216b080264300dab30068714485a4077cffe13a9abec8e25
results/classification/30strains_legacy/40x/dadec/metrics.txt	5413	1a4a5944f9000afe2e1e57d9625463816487c77a95d1c2dbd72aad8fb0a2e832
results/classification/30strains_legacy/40x/dadec/provenance.json	1853	6bef8d4453e5e1911c61de327fd05a8c6c00a280a5a63f9de7a57df561434b93
results/classification/30strains_legacy/40x/dadec/report.tsv	1613	a24d6b8c9f1125b62661363c0b6cabf20ff925bd4d4f48c1519085871f576a71
results/classification/30strains_legacy/40x/dadec_dev/metrics.json	11955	a5f07c971536f819cf0a801dbc112d7f2a4ff8bbb422498ffdf45e82fe956088
results/classification/30strains_legacy/40x/dadec_dev/metrics.txt	5419	f864d1c18b8bb87bcab5a2cdc7ae80e1a852baefcd1763befd6b8f314a7fe401
results/classification/30strains_legacy/40x/dadec_dev/provenance.json	1893	cb612fe4bb8c5ee57df62e78d4cfff42a56bf682ccaaa9e0b3f420ee1f198d60
results/classification/30strains_legacy/40x/dadec_dev/report.tsv	1617	f7fbd3b6b2be1bcb389b3a96f1fbd55844b8ae3e6965a55a50b63c63c47ec90e
results/classification/30strains_legacy/40x/f_hero/metrics.json	12141	d5461b5b094f6cec44c5382fc16802fc2f4e58803becd925fa95f1c3f703cd25
results/classification/30strains_legacy/40x/f_hero/metrics.txt	5587	ff504950caf836c3f4515d2e5e45836748c0dcd16c0b8a11147e645bebc3f01b
results/classification/30strains_legacy/40x/f_hero/provenance.json	1702	31e47af4260fd08d4a9c39abd4cb1ae430542068aa6d892c82b350b497138afa
results/classification/30strains_legacy/40x/f_hero/report.tsv	1605	0b25c1d2d1581d8e2fec4f84bb032d1ff94bdbc3071f2d48f5dd09212e94f86c
results/classification/30strains_legacy/40x/fmlrc/metrics.json	12151	72b0c14268dbb6070e4f5164e7d3c6c94eaab67a854f51d44ffb0e142882a6ae
results/classification/30strains_legacy/40x/fmlrc/metrics.txt	5591	cf6287a379c52a8cf9d847f3123004ea9264bc96230ea8ab3852c59efc2a3954
results/classification/30strains_legacy/40x/fmlrc/provenance.json	566	ecd27f9cc2e758c1b6fc3e88464c61637907a95c8dd98d7749cc16d2982d5dee
results/classification/30strains_legacy/40x/fmlrc/report.tsv	1610	fa472c0f2d0504c18102bacf550fef1870ed51b48c057afb887c0418281d6e96
results/classification/30strains_legacy/40x/fmlrc/status.json	159	ee25f5200d1623bc4693ca1196ba123cd54da1de658a2dc91e9fb1cd6dfdeae1
results/classification/30strains_legacy/40x/fmlrc_current/metrics.json	12151	72b0c14268dbb6070e4f5164e7d3c6c94eaab67a854f51d44ffb0e142882a6ae
results/classification/30strains_legacy/40x/fmlrc_current/metrics.txt	5591	cf6287a379c52a8cf9d847f3123004ea9264bc96230ea8ab3852c59efc2a3954
results/classification/30strains_legacy/40x/fmlrc_current/provenance.json	1893	0446231245626d372898e77600e60d175fafc45b41850ac09ce1f923d46cf3c3
results/classification/30strains_legacy/40x/fmlrc_current/report.tsv	1610	fa472c0f2d0504c18102bacf550fef1870ed51b48c057afb887c0418281d6e96
results/classification/30strains_legacy/40x/l_hero/metrics.json	12160	081364ceb743e2271ba453939c81920418cd8394c46af6e71d431d4582f5b45c
results/classification/30strains_legacy/40x/l_hero/metrics.txt	5602	edee2dfa3954a44bf0d9ce979ef0932449938047f1512ca1b9f5156c7b304339
results/classification/30strains_legacy/40x/l_hero/provenance.json	1702	b2be0abf13143fd04df11e22e25b70f63978fdad0608469a42ce490f16931356
results/classification/30strains_legacy/40x/l_hero/report.tsv	1612	01ebc5aede22ab36c790baf29b266be3b9fead78546f909cf720763b77d529f7
results/classification/30strains_legacy/40x/lordec/metrics.json	12179	4bd851c82db6a496e7caf5b405a5cfc91f488b454dffc2f5891db3be159448b9
results/classification/30strains_legacy/40x/lordec/metrics.txt	5617	3413d7759f793e892d60cea5c4afd1acc090bdab6d0abded098f3bb1950e25ab
results/classification/30strains_legacy/40x/lordec/provenance.json	1862	682a69e128b432d3009004cf2b11f9fc8f781a0c9473a02b3a8a703560048f50
results/classification/30strains_legacy/40x/lordec/report.tsv	1591	d1ea1bfd7ebbb6a429b5e41c9e9298e614dbe530892772172be3404c41f8c847
results/classification/30strains_legacy/40x/proovread/metrics.json	12093	7dafca132238fc10c8722d03c088018795f3f8b60e22d8991177f5a88907d6b5
results/classification/30strains_legacy/40x/proovread/metrics.txt	5540	2141452a5ba425cacaec0030d5347000d5546e50154b187c72bb9072f2776b6f
results/classification/30strains_legacy/40x/proovread/provenance.json	1873	3412ff0e9baf0812a97c2933d42870e0589ff6b9307f1bba4d89eec145c0f785
results/classification/30strains_legacy/40x/proovread/report.tsv	1617	e0894d9e8d0cac2c1bf2f6137badacc865b28aa477069a893ab9f3eaa49e2151
results/classification/30strains_legacy/40x/r_hero/metrics.json	12102	0cb755aa36ea1df28488567655642a350504a6c84cb0470549915165ee4ebf5b
results/classification/30strains_legacy/40x/r_hero/metrics.txt	5544	4efd3a757c0a83740a1175006259cd10d7ab085a31596a73920435223bfe5c50
results/classification/30strains_legacy/40x/r_hero/provenance.json	1702	fce33532fe1f37ffacb611f789bc38cac80224641c811376ccb0fdf1b440502a
results/classification/30strains_legacy/40x/r_hero/report.tsv	1614	1592f3cdf5fa1e2db81a265170737273ec46d7ec808e6ec4ebc2d14b7803b305
results/classification/30strains_legacy/40x/ratatosk/metrics.json	11987	6cd40d31301f560dd08193838b18a25d459d04084e35c5ca3eb7763dcb5530b2
results/classification/30strains_legacy/40x/ratatosk/metrics.txt	5447	048385a0a7e4aaeb2dc0cce7eb79c98095f2e8d919701306fdb92dd6cbd1d4b9
results/classification/30strains_legacy/40x/ratatosk/provenance.json	1880	48d217096f2a271f06c3d5f43678f389bdecce0b62480eeb6ad457725a796cdc
results/classification/30strains_legacy/40x/ratatosk/report.tsv	1606	088bdf20c4c317e080defc8beae255aff34c35b7c3e9bfef09968abb1d04e6d4
results/classification/30strains_legacy/50x/colormap/metrics.json	12076	d8225cdd1d8b9f5d2154288a0108f068ab0aaf664f77e9317cc71ae30ba10b54
results/classification/30strains_legacy/50x/colormap/metrics.txt	5516	0491b7cc20b5156ba0906d429722dedcb6dfc6e0ac215d3536156c6d4088fbdc
results/classification/30strains_legacy/50x/colormap/provenance.json	1864	795706628c53576bc4f683383f2a29d7f95a37c89913714dddbe946f476c416f
results/classification/30strains_legacy/50x/colormap/report.tsv	1488	374b77787f2bc040ddb720e18a46e53de51a123a89479742983b99d09c65747b
results/classification/30strains_legacy/50x/dadec/metrics.json	11948	88551db512840557945aef1c630d94b1c6a67598e786947b2e01413de401dd5d
results/classification/30strains_legacy/50x/dadec/metrics.txt	5408	107115297666c18cb9b0e47c2917032f5148c04185fa247ed95c838966013a17
results/classification/30strains_legacy/50x/dadec/provenance.json	1853	7cb57acdab25b10aab4abab32b4575dc595775d8b8e985307dee2d52263b63cd
results/classification/30strains_legacy/50x/dadec/report.tsv	1613	d9ec3cdc266a494a9b5ba98e345c2779230627e08e901b86780f3cc1a929aea6
results/classification/30strains_legacy/50x/dadec_dev/metrics.json	11947	9030d457218db5015c1971b868e2e0cbe82d04f291aa7e23e92748d4ed4887d0
results/classification/30strains_legacy/50x/dadec_dev/metrics.txt	5415	50b8808cacff86bbb4cda93e8e9311ec18a6fc89bfa4589827f5ec10e58094eb
results/classification/30strains_legacy/50x/dadec_dev/provenance.json	1893	4fe869b7ce949057e27dd81478cf581968c72a3199c9d4322a7d9a05ad9cc617
results/classification/30strains_legacy/50x/dadec_dev/report.tsv	1614	4ec9ac5655daf45cbf369461090b5ceeae5a1fc199031ded369b4f23f1fc8010
results/classification/30strains_legacy/50x/f_hero/metrics.json	12165	5a6e254eb99013e2a460bc0a0c22360b7445eed237e7b79d44d179b62bf4eb27
results/classification/30strains_legacy/50x/f_hero/metrics.txt	5602	22638488678787d7fe2536b1b06281fb2af622dda46d98d7f6235f8b8205f244
results/classification/30strains_legacy/50x/f_hero/provenance.json	1702	2fdb63a65a84608d78a4d521ec205c3949a0cc5c805fa85900b2a7ff764be928
results/classification/30strains_legacy/50x/f_hero/report.tsv	1605	77cd690f4f27bcf1ea325a4111d7cb8ec686ee62502541452b2e4b2aab1b5544
results/classification/30strains_legacy/50x/fmlrc/metrics.json	12151	633146a430d5e00e7b095ce725d218778e2596ca201c22d1863af47e3aba6ce8
results/classification/30strains_legacy/50x/fmlrc/metrics.txt	5588	db3aa06a06470e9f8b4807ae2d23d35b1d39b9e7c0141486ae2d4d3fc731e8bd
results/classification/30strains_legacy/50x/fmlrc/provenance.json	566	e36b20f7d2c9507a57cb804241128ef60f39062e2846a28bea8a6252dc639c14
results/classification/30strains_legacy/50x/fmlrc/report.tsv	1619	aaf4cb0c273b51b07cbb615c538e260755922a85a1524054486cda2a9b3fb04c
results/classification/30strains_legacy/50x/fmlrc/status.json	159	799d253e918d270ca3ac2dabef299cc91f3f78a6ec70a6104d9901dcb032916f
results/classification/30strains_legacy/50x/fmlrc_current/metrics.json	12151	633146a430d5e00e7b095ce725d218778e2596ca201c22d1863af47e3aba6ce8
results/classification/30strains_legacy/50x/fmlrc_current/metrics.txt	5588	db3aa06a06470e9f8b4807ae2d23d35b1d39b9e7c0141486ae2d4d3fc731e8bd
results/classification/30strains_legacy/50x/fmlrc_current/provenance.json	1893	58e42a074f5db3a6371c7444a9ab6ac59e559205a8858351ce980076be0fe8fc
results/classification/30strains_legacy/50x/fmlrc_current/report.tsv	1619	aaf4cb0c273b51b07cbb615c538e260755922a85a1524054486cda2a9b3fb04c
results/classification/30strains_legacy/50x/l_hero/metrics.json	12153	bc5bf5441ae2be7d02e28b8b06776845edbe42b7f5daa97c01eb9edb19dd8cb8
results/classification/30strains_legacy/50x/l_hero/metrics.txt	5592	3b6b186bd262a1de3e79487d59593a5e68695d296e0dcb49ff0a4a2d1e9427b9
results/classification/30strains_legacy/50x/l_hero/provenance.json	1702	19b34abc219454c30b8f4dd7ddabcb66156f9eda6c6d350d5a47156e668b31b6
results/classification/30strains_legacy/50x/l_hero/report.tsv	1605	26be735c5060e3d1121041838d9973d1b2088ab86a44ceb08772613eef2428b5
results/classification/30strains_legacy/50x/lordec/metrics.json	12175	29ce3f01365f1711601d832591b420c4774ed191abcfb4726b141258a85729d2
results/classification/30strains_legacy/50x/lordec/metrics.txt	5606	7048dc869911ffa63763555432b244a14181a0e0881fbf181c4e13c7ed76bfc2
results/classification/30strains_legacy/50x/lordec/provenance.json	1862	574272c9014aa1e9b4c3ad8debec5ecc0d087ec3e86823ef74158c40b996a241
results/classification/30strains_legacy/50x/lordec/report.tsv	1605	a6a3f38c2535d8d371efec92c0b353717d3bc2f76c219738cdd58c41b3d91e38
results/classification/30strains_legacy/50x/proovread/metrics.json	12077	faa20a40cecda1b908486f7c145f5988a5b88aab018ef3704fee63f00cab80e2
results/classification/30strains_legacy/50x/proovread/metrics.txt	5524	4395e830b58c11da40538c96d1f24dcdd45e72c55f890fab41074fa580c3107a
results/classification/30strains_legacy/50x/proovread/provenance.json	1873	ee9c62b04891d64d00fd6d40205b90295bb725e62c9fd991bdf609fc699bfb33
results/classification/30strains_legacy/50x/proovread/report.tsv	1617	72cef68d775545dbf1e5c4a0752a1d0d8bcdda26bc2c1ca704b2f55b1c26b562
results/classification/30strains_legacy/50x/r_hero/metrics.json	12057	3077075b20008031a9c657cb9689d49870bc1765d4d13295653ba5c548226f8a
results/classification/30strains_legacy/50x/r_hero/metrics.txt	5514	a3d8d40f6ea93915dcd8e04c683643a7c2c1001195aa7ef48e348cc0c6202f17
results/classification/30strains_legacy/50x/r_hero/provenance.json	1702	34930ad7428b2bc9946b61273a4749a5b55a67d0e3c63e19cd8ba49d645de4aa
results/classification/30strains_legacy/50x/r_hero/report.tsv	1608	03bc8e2dab6772bb648475d761608adaa34f561d92802553f76f5ab5d715850c
results/classification/30strains_legacy/50x/ratatosk/metrics.json	11979	23a1d39d8172a0907ad19d3bb76e8a204d3f575cc4fe98386ebbd3bb6f7d273a
results/classification/30strains_legacy/50x/ratatosk/metrics.txt	5436	dca3aefe585ebc95796bf604147e1bc690b8e265215e0a571385bbb820325a0f
results/classification/30strains_legacy/50x/ratatosk/provenance.json	1880	1749c6f17afb1bc0554915a39b24854cbc75a2c58ea786ac58bcc7dfdb7cce4b
results/classification/30strains_legacy/50x/ratatosk/report.tsv	1606	92e0a82dd5bb85c10a6b2f538e08b4cc3f74ed63eee7900f66a645f9cffc27f7
results/classification/30strains_legacy_collected/coverage_method_status.tsv	4526	14a9d183e5294dc9d0d551d2e35d4ee77fbeb4aca71142e4967c703db9596097
results/classification/30strains_legacy_collected/run_manifest.tsv	14830	dee90a33e80f261c14fec8381f38735bd9386275af3dcfdf9eca21ae38d26c23
results/classification/30strains_legacy_collected/selected_results.tsv	24776	e6b0237a0616b9e3609c1c746386ec47457c838c539df3958ef5aa4e4d89bee8
results/coverage_depths/30s_ba/coverage_method_status.tsv	6268	dbeee2558287e69eeb3a46aa1558cf9cb4a2997fc04417ab2a1c00da44e7ce6d
results/coverage_depths/30s_ba/run_manifest.tsv	24746	f74d7d42c8390ed0c2c2a8d7292a4f0fd39cb5161f21eb8fcf5c0b98dda41e57
results/coverage_depths/30s_ba/selected_results.tsv	35236	9f247e1ae47f37dc7c11d1b225b22dbc31d79b9c3538d52e6221caccf9c2aa67
results/coverage_depths/30s_ua/coverage_method_status.tsv	6899	3501264160482bbdc3db58db604c9a9dc6f41af500de2fb6f97e54fd2f4f6e84
results/coverage_depths/30s_ua/run_manifest.tsv	27270	ecd76048f25e385f42f3c8f87477e279d42ea885a76a006dd367e5d764140bdd
results/coverage_depths/30s_ua/selected_results.tsv	38026	76441f38560d2215a62b0c58d3bbf0b894ad64f5e990b51077d7f6a839c8f1bf
results/coverage_depths/arabidopsis/coverage_method_status.tsv	10326	4a5273b59d90c9f8678bcc18524f3109df1d0195b87cf71d3233fd2f362fb7a5
results/coverage_depths/arabidopsis/run_manifest.tsv	25708	94637625f8e4a55284f6e9b202a3713056dedcfd75e1c72716038879cf672d30
results/coverage_depths/arabidopsis/selected_results.tsv	37069	c642f7bc3d70298590ffbf82719a974d3be9d6c7d7f0bf1eb751f15bcb433eeb
results/drosophila_43x/assembly/all_assembly_results.tsv	4676	fb738848444d3cb0bc463defbc072838010a9ccf0bf2b5bc15c459a14d794874
results/drosophila_43x/assembly/run_manifest.tsv	3896	0dda77734be32b9a76959c667429f51083e7f872ba8ba641a8af896721b38416
results/drosophila_43x/dadec_dev_fix_a_all_parameter_runs.tsv	356	4e2a7c6d636a3346ae962b64fb3d7c2345f164f73c62f0a444acdfa44ee35a7a
results/drosophila_43x/dadec_dev_fix_a_best_parameter_runs.tsv	356	4e2a7c6d636a3346ae962b64fb3d7c2345f164f73c62f0a444acdfa44ee35a7a
results/drosophila_43x/run_manifest.tsv	2448	b6391631ae34e40ce4e56ca1cb096659563ce083e423925d5ea3ef84d412f79c
results/drosophila_43x/table_corrected_only.tsv	1540	085a36487a88e0e188c7b6c5c047b52a7ef628b8b285bb425780c24d19e29f9d
results/drosophila_43x_all_parameter_runs.tsv	216	89fe0ca9e324284ecc91481dcd7db25a24e59d0d22c1e837834c33138f711c62
results/drosophila_43x_best_parameter_runs.tsv	216	89fe0ca9e324284ecc91481dcd7db25a24e59d0d22c1e837834c33138f711c62
results/ecoli3_20x/comparative_ambiguity9999.tsv	1343	1d8494b3b284cca9ed0c0f9a3bf3cb62bc44b0d6a86ad61c56d58a08e646e35a
results/ecoli3_20x/comparative_selected_runs.tsv	2453	638039811434042343a189e4aff24b52ccc494c25212973135b298e964f9da1c
results/ecoli3_20x/resource_summary.tsv	926	29a44fa4f07b2a4a8e4e6642d42cc5e3daef17191ac88d8b38f23ee5b7375fdc
results/ecoli3_20x/run_manifest.tsv	3563	f5a120b37df0d689c34ca3c31c15fb68dd07213b143daf41987c39ff562b7ce1
results/ecoli3_error_readcount_quality/quality_sensitivity.tsv	1399	2f59416eaaeae00e32b85dbfa630e740db5118d2b947f7dc677670c4ae737424
results/ecoli3_error_readcount_quality/selected_results.tsv	1736	e64f83c3f1c929f895f50286edab16f0793c267f4c3bdfb20936b7d35a3dd389
results/ecoli3_error_readcount_quality/technology_method_status.tsv	1498	690450e21f45fd14155b0c5ae799c334fc2b3edc3e1184dec2dcde0026762f11
results/hifieval/arabidopsis_sim_32x/colormap/filtered/colormap.base.eval.tsv	100331	390a95a0d90ffa8f45cb456d6b81813e7b31b82532a967aee9b212a687f36947
results/hifieval/arabidopsis_sim_32x/colormap/filtered/colormap.read.eval.tsv	132	304df5173bfa6d26a864b8bad264c215e975f540e6a021709e92dc8bd6dd9959
results/hifieval/arabidopsis_sim_32x/colormap/provenance.json	9827	ce13893f0003d82a2acd77e1dc70cdbe552ee5d3a40b592b612d686f42f40aaf
results/hifieval/arabidopsis_sim_32x/colormap/unfiltered/colormap.base.eval.tsv	100940	bbbfe4b3d9cf01cebed0e117658ea7fc93b44606c35b0a4fa38473a48cb34f9f
results/hifieval/arabidopsis_sim_32x/colormap/unfiltered/colormap.hp.ErrorRate.tsv	868	2d3a019ee7588af47aead77b63d1ee87f250db49403b1be56379bc5faac16a0b
results/hifieval/arabidopsis_sim_32x/colormap/unfiltered/colormap.metric.eval.tsv	16997	9048c1bd6504ccbaf56c0f33968e3a05ab96d5e4701ec11a2198fdd18226cf0d
results/hifieval/arabidopsis_sim_32x/colormap/unfiltered/colormap.rdlvl.eval.tsv	124351	c6b4daaa4b10a8c63258531367ed3493137ab266c76e8fede91d585c0df7938d
results/hifieval/arabidopsis_sim_32x/dadec/filtered/dadec.base.eval.tsv	89770	44c62806dd8edf7633d3bf8303a48c4528f0ddfd8dc7166936fdbc8f2f0edb89
results/hifieval/arabidopsis_sim_32x/dadec/filtered/dadec.read.eval.tsv	132	bc4d67fba9c5d34f9a490952f61b0efe83954dd35bf72476c10ca0b24fd25ad3
results/hifieval/arabidopsis_sim_32x/dadec/provenance.json	10238	2026c8ce0615e94c1fd3a02f942ec2d8a841673fddac2f4fc7b5f75b6737952c
results/hifieval/arabidopsis_sim_32x/dadec/unfiltered/dadec.base.eval.tsv	90725	cd8b98be5a458f0c23b37211462c1cf1c5e13a1f625287302e7ea4dcf49dad66
results/hifieval/arabidopsis_sim_32x/dadec/unfiltered/dadec.hp.ErrorRate.tsv	932	ffc086f7ba556e4e3afbf1257cc725682e4b5a8895230ce5c60164f7fb93a3db
results/hifieval/arabidopsis_sim_32x/dadec/unfiltered/dadec.metric.eval.tsv	16079	41da88798fefc1a9350eaecd9df571b4cdc55b5e40c76199cbf23e4853c1ce92
results/hifieval/arabidopsis_sim_32x/dadec/unfiltered/dadec.rdlvl.eval.tsv	68739	3a766c2159bc33191bcebaa502e682dd650222e42bc98dcd34f0c94fcdecb1e6
results/hifieval/arabidopsis_sim_32x/f_hero/filtered/f_hero.base.eval.tsv	86308	725d03d178270f9f6d1c14c2934a33165193d0cdbfee5b8f9fc57fd903299b25
results/hifieval/arabidopsis_sim_32x/f_hero/filtered/f_hero.read.eval.tsv	135	73aed7198387a98c9eeeecbca11eb6c044c5525e0472d77e66aa035d4742d22c
results/hifieval/arabidopsis_sim_32x/f_hero/provenance.json	9768	29ab2491256eb7d561167a7e50e5f7484e3abf61c1abb704b7445746132bd02a
results/hifieval/arabidopsis_sim_32x/f_hero/unfiltered/f_hero.base.eval.tsv	88187	a35666bafa3d6d5650b62fcc285f71330fe9521db3c269614a0ee32b0e0e0b26
results/hifieval/arabidopsis_sim_32x/f_hero/unfiltered/f_hero.hp.ErrorRate.tsv	941	ab433c2eb1802938bb353eaa58a73e9b685c3bc649b06af8f504b95933c829c9
results/hifieval/arabidopsis_sim_32x/f_hero/unfiltered/f_hero.metric.eval.tsv	15605	4c2d107d6f8943f502fb1731555306a4c743e59ea7e79faa4346cd0acebe566f
results/hifieval/arabidopsis_sim_32x/f_hero/unfiltered/f_hero.rdlvl.eval.tsv	164475	a230d1a711bf866e652922f46d0b6f1c8374757ad8372e18f4ec8372f2168301
results/hifieval/arabidopsis_sim_32x/fmlrc/filtered/fmlrc.base.eval.tsv	82039	4c7eda0e04bcfa8f849f8d9beaa5b003760951782c7ded31b745aa090d24bdcf
results/hifieval/arabidopsis_sim_32x/fmlrc/filtered/fmlrc.read.eval.tsv	133	66f3ecfb76f0f997fe0ddbc3ad091971d323405e61d5162ed3a5ad1a5069da45
results/hifieval/arabidopsis_sim_32x/fmlrc/provenance.json	9736	05a1c03b0345d12230989d1b33f0d08a0eea8b70d4db3a8a41d3f4e4d6058e61
results/hifieval/arabidopsis_sim_32x/fmlrc/unfiltered/fmlrc.base.eval.tsv	84035	cdd785b47e8e69d766c6d44d9984ba3033c70a7e7e3ea502dda9c7fc68d233fd
results/hifieval/arabidopsis_sim_32x/fmlrc/unfiltered/fmlrc.hp.ErrorRate.tsv	935	f7a283c5b26fd8074fddc4d443c3c6156bdf5cfc3d5573792b7014b2daf6992a
results/hifieval/arabidopsis_sim_32x/fmlrc/unfiltered/fmlrc.metric.eval.tsv	14938	550f2821bf630fefae81388755011a5fc3975170fa471ac9805de079f179fea7
results/hifieval/arabidopsis_sim_32x/fmlrc/unfiltered/fmlrc.rdlvl.eval.tsv	100514	a1e32114ea8c921da17d225c5e34cd6d9040ced3ed4a0c4c8b3683a6f72bc913
results/hifieval/arabidopsis_sim_32x/l_hero/filtered/l_hero.base.eval.tsv	95237	bf47277325c1ef4a5296511d44790bf3190ff73caf4499ea325216d1bddab63a
results/hifieval/arabidopsis_sim_32x/l_hero/filtered/l_hero.read.eval.tsv	135	266de2c946033cb4961088a7ec8310f36ed472f8a6b0c889e1ff54fa99768eca
results/hifieval/arabidopsis_sim_32x/l_hero/provenance.json	9768	5fc2d7f69cb4bfd4b86f34b1e3c7649988acda7455c39f956627ef5247783685
results/hifieval/arabidopsis_sim_32x/l_hero/unfiltered/l_hero.base.eval.tsv	97229	55ae60a0212791024f0f7f537730df3da4e6d5520db961ac1776af5e1c8bc4b6
results/hifieval/arabidopsis_sim_32x/l_hero/unfiltered/l_hero.hp.ErrorRate.tsv	945	fa7e30ba15622dc83b84779f5fa0d130049a1d1fc34323010711ad32bca2822f
results/hifieval/arabidopsis_sim_32x/l_hero/unfiltered/l_hero.metric.eval.tsv	16649	03776059bc20ccea5864c537e4efc1d9345dfdbf4c0f6b19e7c4a50a0da005d1
results/hifieval/arabidopsis_sim_32x/l_hero/unfiltered/l_hero.rdlvl.eval.tsv	179744	355f01ef912d04a9c9f70f8f7116f46b4d4f39ce27c42363c290da15a54ebcc4
results/hifieval/arabidopsis_sim_32x/lordec/filtered/lordec.base.eval.tsv	95068	554a6ea78f521a1a42dbaf82cac2e5f3bd51294ca402f9067cf58405cdd6cc8e
results/hifieval/arabidopsis_sim_32x/lordec/filtered/lordec.read.eval.tsv	132	16e5c5c5098d51d6aca09cf074ba79eb9642fb284149881b0d59816b1921c79c
results/hifieval/arabidopsis_sim_32x/lordec/provenance.json	9763	1f199c0b06c4d9eb91fee7aee7424d1006e4024cc9276e67ab8dde12e019f69d
results/hifieval/arabidopsis_sim_32x/lordec/unfiltered/lordec.base.eval.tsv	96200	43117afabf497a0fe970a8101b9d6c92e2b23f6bb562f5b39d685024168a8c0e
results/hifieval/arabidopsis_sim_32x/lordec/unfiltered/lordec.hp.ErrorRate.tsv	890	4dbe549cd693f525450f93114e3bd2da2c60844c6ed7496240b88c93d90af134
results/hifieval/arabidopsis_sim_32x/lordec/unfiltered/lordec.metric.eval.tsv	16624	3dee4ebfb40be4fe9b8461ec7ba927fdfe3755428938ae1d59adec84c10b3eec
results/hifieval/arabidopsis_sim_32x/lordec/unfiltered/lordec.rdlvl.eval.tsv	114141	b0d65864ed119d687f7f0f3903fca9af369911bf7dc8e418d13bab5d1d939038
results/hifieval/arabidopsis_sim_32x/proovread/filtered/proovread.base.eval.tsv	91978	13d21fa15a1fafb4a266b8473240aaa632320f2e84f4b5c8d8bd02d8bd41ebe8
results/hifieval/arabidopsis_sim_32x/proovread/filtered/proovread.read.eval.tsv	132	470791d312af9455f781868bc6ed13cf13fa875578084475fa5565fab9d6c52d
results/hifieval/arabidopsis_sim_32x/proovread/provenance.json	10180	808c0ec28d90aeda8ac3def8e8410913d33399766ce04d117b7ddad6f5eaba4b
results/hifieval/arabidopsis_sim_32x/proovread/unfiltered/proovread.base.eval.tsv	92860	ce15c3b6d638d4741786621f422fd07f87c68b79e46045718aba2607d2fcb60e
results/hifieval/arabidopsis_sim_32x/proovread/unfiltered/proovread.hp.ErrorRate.tsv	840	e62afcdd0b9b4f32f82b0f997b9e13a2c4078ca5b49ffdeea7f12ed8160b38c6
results/hifieval/arabidopsis_sim_32x/proovread/unfiltered/proovread.metric.eval.tsv	16262	58e44803320abbdde60917a81193092ef0c02f63681012974410488d60d8e977
results/hifieval/arabidopsis_sim_32x/proovread/unfiltered/proovread.rdlvl.eval.tsv	86251	38c60c1c2ad216a69893bcc9a1c46019ab5f0602cd958c2b2f888fd9f6106b68
results/hifieval/arabidopsis_sim_32x/r_hero/filtered/r_hero.base.eval.tsv	99148	9038a7e199c74a828fb0851a46d8c2577951594d4f9ceab128e5f671899893cd
results/hifieval/arabidopsis_sim_32x/r_hero/filtered/r_hero.read.eval.tsv	135	8413697603ef24ebe5f70a65b6db33da22fe794ca3c35bc7e493f0fd9ab2d7e6
results/hifieval/arabidopsis_sim_32x/r_hero/provenance.json	9766	3ab27838c5becd07e0160b263695007f4de3c8f99856cae6215d4c7a05418640
results/hifieval/arabidopsis_sim_32x/r_hero/unfiltered/r_hero.base.eval.tsv	99973	5ef1566d13ed05d42e336114d6088609998bff100a3e2d3b3c20bbda292434c3
results/hifieval/arabidopsis_sim_32x/r_hero/unfiltered/r_hero.hp.ErrorRate.tsv	842	f5e5ad8d519936c5b015eee2891534020e30aa94b72d46f766cbb3e93502e348
results/hifieval/arabidopsis_sim_32x/r_hero/unfiltered/r_hero.metric.eval.tsv	16883	c30e870bc7936d2f5b1d4fb3a6b319af31825e6c2a528210bc28b99823e6edbd
results/hifieval/arabidopsis_sim_32x/r_hero/unfiltered/r_hero.rdlvl.eval.tsv	192425	dcb1a0682851b65566771c134dfcf14646a2186e4d97d4a5a4aa3f4e49265abc
results/hifieval/arabidopsis_sim_32x/ratatosk/filtered/ratatosk.base.eval.tsv	101367	58220d5317c457ea48e33b972e5812e9a355d99179199d564684819be69779e9
results/hifieval/arabidopsis_sim_32x/ratatosk/filtered/ratatosk.read.eval.tsv	132	f5e4b0c7e2cec4c6f1a0b256a9fd3bbe5899393390ae93d37b877532bec8327c
results/hifieval/arabidopsis_sim_32x/ratatosk/provenance.json	9818	c9fd637abbc06689d71c19c2467cf6eafb5044da070e6f44af4f5a52bcad2dcd
results/hifieval/arabidopsis_sim_32x/ratatosk/unfiltered/ratatosk.base.eval.tsv	101652	c88fd711b5800b7d88ac9cad7978ff75a533bdd1c7588ff5828534490e35e287
results/hifieval/arabidopsis_sim_32x/ratatosk/unfiltered/ratatosk.hp.ErrorRate.tsv	830	dd0b0b5aeb153fb7fd69aadec8afde4c72f29e91c9f15ade6c52bc42a79639e6
results/hifieval/arabidopsis_sim_32x/ratatosk/unfiltered/ratatosk.metric.eval.tsv	17130	12e535027720be9ec9681dd64586789ce9b64cfd5924c863d8c32b2c93fc192f
results/hifieval/arabidopsis_sim_32x/ratatosk/unfiltered/ratatosk.rdlvl.eval.tsv	145343	9d6cdba139ba92fa4960caacd62ec92aba2c935f613488eb3d8e09385758f11f
results/hifieval/arabidopsis_sim_32x/summary.tsv	4467	dd0432e98f5ba586cd097c4f8a04780ea9457b173ba4b5bfbd3637c10008954a
results/hifieval/ecoli3_20x/colormap/filtered/colormap.base.eval.tsv	1877	d4e537219094a0f20e0022d30e970ae634d5c58cd898128c0760740a229df788
results/hifieval/ecoli3_20x/colormap/filtered/colormap.read.eval.tsv	125	9ead79006c7e82dc2ceaa8e369ad1054e3b1627f7936115e86855f6d7eb67462
results/hifieval/ecoli3_20x/colormap/provenance.json	8871	19ad42e84d216834dbc5328e9edd6846fb61c1ad4bc5846852993513cf298080
results/hifieval/ecoli3_20x/colormap/unfiltered/colormap.base.eval.tsv	1870	30e1166ddaee8e3eb34a6457aec22bd90453f779e0838428ac54c4c9ae804bb2
results/hifieval/ecoli3_20x/colormap/unfiltered/colormap.hp.ErrorRate.tsv	234	d0147eaee62aa6bba17ab99b93b2fb976c1fce9ebf388d88642b885985a9c5f6
results/hifieval/ecoli3_20x/colormap/unfiltered/colormap.metric.eval.tsv	293	2810cfeeec1fe99e011244ac4cebef99d114fe92c12a640578fff9759a9f8cff
results/hifieval/ecoli3_20x/colormap/unfiltered/colormap.rdlvl.eval.tsv	7952	3cd10cac3841079f2c744153c6951108ad7b8a45a5b3105800b334d64d7c8ca3
results/hifieval/ecoli3_20x/dadec/filtered/dadec.base.eval.tsv	1847	5fd438c199e155bcff16f18a67b042b0194fbf1faf3784ecf89ab1f07a853274
results/hifieval/ecoli3_20x/dadec/filtered/dadec.read.eval.tsv	122	42860fca797b7d6721fecc43110c4df9b1a55391d33288dd07741c0af731f36d
results/hifieval/ecoli3_20x/dadec/provenance.json	8894	85077488486bc99da15568e59bae20a8e6555a61fccdb8a9f624ee8f008422dd
results/hifieval/ecoli3_20x/dadec/unfiltered/dadec.base.eval.tsv	1838	38e0f0b5e32ce1ad62cd8b2b7d24e933355fb595b7a428118a5b359ad2ca60cb
results/hifieval/ecoli3_20x/dadec/unfiltered/dadec.hp.ErrorRate.tsv	178	c5445082896e1d0dc309e8cae440d577a9bdae3284f1b2c7e1e92c249f9961fc
results/hifieval/ecoli3_20x/dadec/unfiltered/dadec.metric.eval.tsv	304	42ecd819b6e281d41d8ded853286e7394eb4a6a29df1c7e319a27d177c073987
results/hifieval/ecoli3_20x/dadec/unfiltered/dadec.rdlvl.eval.tsv	1015	a64a822c3ac949caf9e0b7803fdf1a3bf32d661faaaee5be945a1976cf5aa23e
results/hifieval/ecoli3_20x/f_hero/filtered/f_hero.base.eval.tsv	1863	d4a91d37a2f3704182c4912f66d02854381b936655e69727da06dd5be54e1a6e
results/hifieval/ecoli3_20x/f_hero/filtered/f_hero.read.eval.tsv	125	ccf96c2981b1d302efc9411116b48e010ab288c33b0c625d00189cf337547ae6
results/hifieval/ecoli3_20x/f_hero/provenance.json	8894	0c07c97532412f1354f7b44052d5eab6d1fa4fe0fe55e7bb4b93b51e200c0a73
results/hifieval/ecoli3_20x/f_hero/unfiltered/f_hero.base.eval.tsv	1865	ded795d705d41f16f19e07d583809b3b5289e9fef5a487194abd269e70599267
results/hifieval/ecoli3_20x/f_hero/unfiltered/f_hero.hp.ErrorRate.tsv	204	a5a905a4832dc42dea607433738e175c95a4be23e1f1bf07647d726ccd0a42a5
results/hifieval/ecoli3_20x/f_hero/unfiltered/f_hero.metric.eval.tsv	299	f00a6ca7b57bf121e36d14e787a77d2619c0e961a8a4ef0fa8509420e4d94e54
results/hifieval/ecoli3_20x/f_hero/unfiltered/f_hero.rdlvl.eval.tsv	4829	4fcba25f4c7394cf06471c39b7fcb77ea121f2b8de4e3c0e003ffcd3bd295f2d
results/hifieval/ecoli3_20x/fmlrc/filtered/fmlrc.base.eval.tsv	1863	e3bc8b5d09ff551fbeb840ad22901d33efaf8c56d41bc1a4b27c91bedd686163
results/hifieval/ecoli3_20x/fmlrc/filtered/fmlrc.read.eval.tsv	125	fbdeba3c5ec294d6be006f4a94165f36e6cb7e5a04d23c1bfa724d43f8bdb502
results/hifieval/ecoli3_20x/fmlrc/provenance.json	8820	3b01f9995feda8164a91930d41d31f5de3752fe8de5827570aaf6b05ac922a44
results/hifieval/ecoli3_20x/fmlrc/unfiltered/fmlrc.base.eval.tsv	1863	3f25ce27dacfbcbf2ed0e7c42e35f75b1871c6fa9487ba87ecea004200e7bc39
results/hifieval/ecoli3_20x/fmlrc/unfiltered/fmlrc.hp.ErrorRate.tsv	190	b37d41e8b9ec3bbf5f7663d16a55ee2f207a2a2833f64397c6bc79421d20cbf0
results/hifieval/ecoli3_20x/fmlrc/unfiltered/fmlrc.metric.eval.tsv	297	2ada26abcd863473db453cb7edf1485b2c0176a464618a8d11b3eca0a87b33e2
results/hifieval/ecoli3_20x/fmlrc/unfiltered/fmlrc.rdlvl.eval.tsv	5874	11e0f7246030daec2cf3ec1515bd5946d3b58d4c6e7ab19df89950312b69a4ed
results/hifieval/ecoli3_20x/l_hero/filtered/l_hero.base.eval.tsv	1871	9f5e28ba2c2eb8f2f0af564b78c91cdcff631a70eb44d1082566f3bb788a03d4
results/hifieval/ecoli3_20x/l_hero/filtered/l_hero.read.eval.tsv	125	3b9e6532f3ace89380f99b5110946e83c8cb088d2d2cd86af121037a0acf9ac6
results/hifieval/ecoli3_20x/l_hero/provenance.json	8901	66010f8e9dfe5c057bbccb347b47b07ef45d7f449c988f6853dc628348f9d781
results/hifieval/ecoli3_20x/l_hero/unfiltered/l_hero.base.eval.tsv	1872	b916971893bf9824d1bd2d5b5f78ae92bbefa7aeafb3776369ad547607733cc2
results/hifieval/ecoli3_20x/l_hero/unfiltered/l_hero.hp.ErrorRate.tsv	203	4935cdf723e44535d9ffa056dc5da074d16476d5a8a02774286098f13f80f3d2
results/hifieval/ecoli3_20x/l_hero/unfiltered/l_hero.metric.eval.tsv	294	589bea02518f176cc974292991c8e1abb3a63a89de47ebc0f4c4702a755697af
results/hifieval/ecoli3_20x/l_hero/unfiltered/l_hero.rdlvl.eval.tsv	11407	c7fcf398de491a1962fb59cdeeb8b4f2e1ffeddc63d8f654bfe8521d42e3c837
results/hifieval/ecoli3_20x/lordec/filtered/lordec.base.eval.tsv	1873	fc5aa29a04b7be2c775d8cf6e00952cc8cb99433d8ea9fbc43faf475311e7712
results/hifieval/ecoli3_20x/lordec/filtered/lordec.read.eval.tsv	123	82eccad4e456c707dcd3fe467c5e273aae900d7fcd710e568f8d0713411116f3
results/hifieval/ecoli3_20x/lordec/provenance.json	8856	51c669186190fe8166490a0c5ab6ad8fd600e74ca08bca3596b29671bee1fe50
results/hifieval/ecoli3_20x/lordec/unfiltered/lordec.base.eval.tsv	1875	4a84de8c2b09aff0dd1403156a2dbfc1fc24bf029ba41fc6037470a997c61649
results/hifieval/ecoli3_20x/lordec/unfiltered/lordec.hp.ErrorRate.tsv	201	c0fd236f3739b215a0c9b40a6481a2c9973a6ad6b4efbb41a4e99dc98168743f
results/hifieval/ecoli3_20x/lordec/unfiltered/lordec.metric.eval.tsv	296	23ba25f89b9ae114a28ff2627e063205fdb14f6cac7cee7f6f7dbfbc08104692
results/hifieval/ecoli3_20x/lordec/unfiltered/lordec.rdlvl.eval.tsv	13180	5b409a48f8546f6be853f90de3569e74dd3d5dd10f3b717d7b497ddd14b7d61c
results/hifieval/ecoli3_20x/proovread/filtered/proovread.base.eval.tsv	1874	baf9aede40742a688efbe93e1abf93123f475e482b3cc20ce44be76cef481f98
results/hifieval/ecoli3_20x/proovread/filtered/proovread.read.eval.tsv	125	86161948d6d1877a2017493b2bf7cd99e57e9b0d98b61e5337587decacd07461
results/hifieval/ecoli3_20x/proovread/provenance.json	8895	72b7e441206a82bd5c324bcc87860f2fc03b88a464c138b50ddd509716d1bed1
results/hifieval/ecoli3_20x/proovread/unfiltered/proovread.base.eval.tsv	1874	a6e55d2ef85178fbac8d9ad344422ea670d5ea227d36dec818210aff6457000f
results/hifieval/ecoli3_20x/proovread/unfiltered/proovread.hp.ErrorRate.tsv	233	f503c75ef19d66a6bcaa5c6271a99327202f7f514d9e413ac5a788d8e6073d79
results/hifieval/ecoli3_20x/proovread/unfiltered/proovread.metric.eval.tsv	300	513a29abd5bf0d8c66952495a42f5537dfc9e4d74c7f4d933a5bfd040314af77
results/hifieval/ecoli3_20x/proovread/unfiltered/proovread.rdlvl.eval.tsv	6815	d079bf17f011554ee52937f8accb8af8f21a1e7f7602d264b9c2848571f9c8af
results/hifieval/ecoli3_20x/r_hero/filtered/r_hero.base.eval.tsv	1873	c57fb5e713dac2e767653f40ea116408ce9130da08706aa3d3dafb1ba8fe2f27
results/hifieval/ecoli3_20x/r_hero/filtered/r_hero.read.eval.tsv	125	0b10b9913d91f43dfb1d2644f1c63cfd9f4a5512ae9ffd4ed32bc8b950b65c78
results/hifieval/ecoli3_20x/r_hero/provenance.json	8899	7260a0480ed0b78133afba06967040ef7f9ff3bad16be93abaa1f788d037197b
results/hifieval/ecoli3_20x/r_hero/unfiltered/r_hero.base.eval.tsv	1877	af2d84f78a477b9a2240b1dd8840fe54ef601b4252a08b545f89c99b93799c68
results/hifieval/ecoli3_20x/r_hero/unfiltered/r_hero.hp.ErrorRate.tsv	203	91f5ff78166b1d121727219ee13dc0f61d616a4e523cba882625170c8cf53986
results/hifieval/ecoli3_20x/r_hero/unfiltered/r_hero.metric.eval.tsv	297	5b8de0b5dd824601cbec58102c51ed4c9e857e25eff890cfbeee9160e62939d4
results/hifieval/ecoli3_20x/r_hero/unfiltered/r_hero.rdlvl.eval.tsv	9599	499a3392e98b3d535d9391bb66451afc710428729e2dae31fb2e4069a7ea439a
results/hifieval/ecoli3_20x/ratatosk/filtered/ratatosk.base.eval.tsv	1863	9a7202d04eab09776352bb534bee7a75ffe3810c565f89904e264b01058551d7
results/hifieval/ecoli3_20x/ratatosk/filtered/ratatosk.read.eval.tsv	125	79e82fb781137e4372311876846636c356643cd5f23bb3a18b04d03defc05afe
results/hifieval/ecoli3_20x/ratatosk/provenance.json	8911	37059e35fe2b751b10acd5d93bd85a808186cb4b0262a8a2f8ce3da901a1fcf4
results/hifieval/ecoli3_20x/ratatosk/unfiltered/ratatosk.base.eval.tsv	1876	3adf524111114a3199fd0ecd74220f29c4bb170840f5b5e05b17b7859f6d5321
results/hifieval/ecoli3_20x/ratatosk/unfiltered/ratatosk.hp.ErrorRate.tsv	219	707203b01f9f89159eca1d62138ddc6f9fa3602811ea41df77bced5129488e8c
results/hifieval/ecoli3_20x/ratatosk/unfiltered/ratatosk.metric.eval.tsv	292	e28ce92daa2a9b28445805d7b7b0bd9c3fbb4104bbbc396d7d53e2fa5477c624
results/hifieval/ecoli3_20x/ratatosk/unfiltered/ratatosk.rdlvl.eval.tsv	13505	a7f79615d1512bccee8f96bc70d13a12938adf914ad4ca9dc90d1064a24f2cb4
results/hifieval/ecoli3_20x/raw_baseline/raw.base.eval.tsv	983	2b22d8c01ea30caac6cd47b45d7a9f82bc85caf53b3eb313ce3735d95c3cffb3
results/hifieval/ecoli3_20x/raw_baseline/raw.hp.ErrorRate.tsv	24	36a01d22c1963936d9c1abf70448fca82ac1e2fc4c4bb0e40e55172ef3d8374e
results/hifieval/ecoli3_20x/raw_baseline/raw.metric.eval.tsv	99	0acdc57f8735c735133aae317ff1d400b4e3433a45cd4856ab9a1d247137d66c
results/hifieval/ecoli3_20x/raw_baseline/raw.rdlvl.eval.tsv	32831	927504ccf5e0d15cef09663dd59f28280dbbe4f44abb0d5031c92889a15ffcf5
results/hifieval/ecoli3_20x/summary.tsv	4994	6363d8a8167d549768ba75b0ef5aaaee06069e053e837534951104bc7945b850
results/mhc_ont_50x/comparative_ambiguity9999_metrics_only.tsv	1154	7bbdc6350335f65e0bcb08d8b68a35eca1b43b1bd8b05d902d6bdb139ff88fb7
results/mhc_ont_50x/run_manifest.tsv	3369	c5da8b970fed80a7061ed9ea233895c72dfbc20f7edbd1c8868c363daf1dbd4c
results/mhc_ont_50x/table_ambiguity9999_metrics_only.tsv	653	69ff5e448c00110608557bc6bc76fe41b0446ba9c9676c723d0acac075cd4159
results/mhc_pac_50x/comparative_ambiguity9999_metrics_only.tsv	1165	bc0388b57cf756825be4aff1f3dc86aa9af925b20ea81ae58e68d0e3484ea12c
results/mhc_pac_50x/run_manifest.tsv	3492	3b0fc98af1a807738272e6c3c8201f9f0e377a63917b9de9f027088da7eba063
results/mhc_pac_50x/table_ambiguity9999_metrics_only.tsv	665	0205b5dd2d44ff55d1f7733822a4f867c629b570a886473c69414b3e4ba9e164
results/raw_long_reads/100strains/full/combined_reference/report.tex	1996	4fbac93ce8f5e71b622ebbd2403a759c3441b1374e068a2ae6d814d036d4e5ff
results/raw_long_reads/100strains/full/combined_reference/report.tsv	1053	94a2ca731be3f292945d00e50c485bf58463618e3e89c4d335c6c2749a8d227f
results/raw_long_reads/100strains/full/combined_reference/report.txt	2180	26a978867091edd27b3be714773c5896adde990f3ba86ecc36fa0f87f0bfed78
results/raw_long_reads/100strains/full/combined_reference/transposed_report.tsv	1053	2e6174b2bb842d31cc0b06eb49397314fc3abe49836087a2eb5783707b665dd5
results/raw_long_reads/100strains/full/not_aligned/report.tex	1116	201334933e7edb1477a0f5e2851abc50c2292a164be158f18e86c47af237abfd
results/raw_long_reads/100strains/full/not_aligned/report.tsv	468	a72a014b2c81e4c0886454d87c3742e0c7f739abe9a358cd2766e0c6910d41a5
results/raw_long_reads/100strains/full/not_aligned/report.txt	1019	2f9977d8bafc8b982995939b5caac12b84c5312e7f6b3d02d027f3ad5e82a6fd
results/raw_long_reads/100strains/full/not_aligned/transposed_report.tsv	468	50e365d5f05f45789b35a6f2cb711966181e9254f28fa6c071b65bc403d11db8
results/raw_long_reads/100strains/full/runs_per_reference/reference/report.tex	2173	de272e0756a20491f6badac63dd615da9b807f96ec82e32c07a70b31e227fbd2
results/raw_long_reads/100strains/full/runs_per_reference/reference/report.tsv	1130	ff3d45d4976ef53aa971de59c97711787dedc141ec36d8f2840c3181ad87630b
results/raw_long_reads/100strains/full/runs_per_reference/reference/report.txt	2551	c008c8d17690d68475654b4d466eb24ef4b34352d6271f2c8bb5e1f5bf8ac0f7
results/raw_long_reads/100strains/full/runs_per_reference/reference/transposed_report.tsv	1130	2266d6023805a6e9d7039e07082bf509ef6460cc60b5a0a17885a2215bfecd4a
results/raw_long_reads/100strains_legacy/full/combined_reference/report.tex	1999	2aa12d6b0bf84a8daa8d0c326553f3fcd389323477101d4c798e1c5c3d50914d
results/raw_long_reads/100strains_legacy/full/combined_reference/report.tsv	1056	ea970d7f9b58837847b951531c0b0516b1a184a102798856701e65fe063634c8
results/raw_long_reads/100strains_legacy/full/combined_reference/report.txt	2180	9248123f98c39d2ebc0aa8eeebf0d6298e6fb268b9984d8604adcc1338860561
results/raw_long_reads/100strains_legacy/full/combined_reference/transposed_report.tsv	1056	d5f54a8ed0c51f056816a115d37e98e13b902d0c7b98fe798801bff077ef7258
results/raw_long_reads/100strains_legacy/full/not_aligned/report.tex	1116	8f5f3254b8f6683f3b30dcf0892e9d7d514cc54d4d8717958281e3f3ee368638
results/raw_long_reads/100strains_legacy/full/not_aligned/report.tsv	468	24dd9e622a660978d31bccd42ef00a4043c6e0ff69b06c714ac4316515f98453
results/raw_long_reads/100strains_legacy/full/not_aligned/report.txt	1019	cdcf48fa39ef2e197a9ea9eeb334979d365bce334d92f2619e66b0225ac4bb95
results/raw_long_reads/100strains_legacy/full/not_aligned/transposed_report.tsv	468	cf78002b2b17d80ee6d95cf9495712c80007890dd17fdcf3e58efe19fec6b5ba
results/raw_long_reads/100strains_legacy/full/runs_per_reference/reference/report.tex	2179	3e6cb5f0baea5c15c980e76512a51d13b512227784754e10ef0b2243ff2f7797
results/raw_long_reads/100strains_legacy/full/runs_per_reference/reference/report.tsv	1136	b44eb69d0d5c375de697892b381f6e5337da79f975f0fc7c4827aa66899050cb
results/raw_long_reads/100strains_legacy/full/runs_per_reference/reference/report.txt	2551	56b24e23c9b471a4b71dedd39ca067032ca20327dadcb3377d6b870c34f41c67
results/raw_long_reads/100strains_legacy/full/runs_per_reference/reference/transposed_report.tsv	1136	6a6d944c430ae483d2b5872547bbf45606f1ce12586e77d1a864fb273c2b1155
results/raw_long_reads/30strains/full/combined_reference/report.tex	1976	720b16597152b2f15da0bc742f66b45d06b58f0b28896447c2fe74ecc39846c1
results/raw_long_reads/30strains/full/combined_reference/report.tsv	1033	0bb120f7840d8874a2c35ea035ccbd7d7095f64d04ecd2f4c4feda75b006594a
results/raw_long_reads/30strains/full/combined_reference/report.txt	2137	e1cd047240bd52544384110472dcfd2345170455fb31e5dbb875ab82f07aee1e
results/raw_long_reads/30strains/full/combined_reference/transposed_report.tsv	1033	e05fa51d595b1db949845c18b23d46eaeaa5c7cf0f5693eca7eec57784addb3a
results/raw_long_reads/30strains/full/not_aligned/report.tex	1107	40676b28f8c0cc022f8d359165dcd64c8ff8fecea5d3381338cc053cf6a89ab1
results/raw_long_reads/30strains/full/not_aligned/report.tsv	459	9f6fd57f20c808edf0a08c2430f56c6cf8ab71afd05c640968712ea03b4144a7
results/raw_long_reads/30strains/full/not_aligned/report.txt	1019	0892b9fb4230a0f99896c5b71180b2b5cd3afdcb4662327ab12d782494fe7087
results/raw_long_reads/30strains/full/not_aligned/transposed_report.tsv	459	6a4d692672414401ca1aa838c584286a1df4deb2aad9f648a676ca9fed1132e2
results/raw_long_reads/30strains/full/runs_per_reference/reference/report.tex	2149	75e0153bd6f4d985c874559ae413fc111f89d665b08e2916dec27ec9264c58cc
results/raw_long_reads/30strains/full/runs_per_reference/reference/report.tsv	1106	55498cb09293fb674a52ad1086ad95ec2235c174c956cc8dcdfe56430837b447
results/raw_long_reads/30strains/full/runs_per_reference/reference/report.txt	2447	44650fa9e70e35bff08b665480daf3288895e22393d6f66de54a5cdf6e663d50
results/raw_long_reads/30strains/full/runs_per_reference/reference/transposed_report.tsv	1106	25021897c89434de2f97cf1aed58f8dbf38a66da977295670e00d7076c3a0b8b
results/raw_long_reads/30strains_legacy/full/combined_reference/report.tex	1975	8262e649a6fc435ff587db5cef1d4506713d10fe3b567ab123b940a8d75ebb39
results/raw_long_reads/30strains_legacy/full/combined_reference/report.tsv	1032	0bd5fe0ee06940145a7694359028380c62ea62a3dd4a00a498cc1c16e5fa2877
results/raw_long_reads/30strains_legacy/full/combined_reference/report.txt	2137	5914c404bca2cb5549d4b6ad075b1d101e82df1773456e08aab7afd74c7ab5eb
results/raw_long_reads/30strains_legacy/full/combined_reference/transposed_report.tsv	1032	bba6f24fe36d69518175437bf58b63e1843f039f51ab5389e375f8cd48a8be1b
results/raw_long_reads/30strains_legacy/full/not_aligned/report.tex	1103	75f65fa5303c3bcf61f622cf6cffbd7969158dec3354b1390486a33bafb43dcf
results/raw_long_reads/30strains_legacy/full/not_aligned/report.tsv	455	dca539067bbd696a06b0eb9f6716bdd317e69ed17f6247e1099e8ed4a8c02f0b
results/raw_long_reads/30strains_legacy/full/not_aligned/report.txt	1019	d210600548879a483e4650a1d9c03689fa5dea1529428983cf2a2e42edd31996
results/raw_long_reads/30strains_legacy/full/not_aligned/transposed_report.tsv	455	dd463f884b2906e0167a78e9c3df3f85249dcce81df038d57a94a6d4c51de0b4
results/raw_long_reads/30strains_legacy/full/runs_per_reference/reference/report.tex	2151	2d691852ead82e2b6042ed865930ec304d4e61997059acd10e127a5c0b926c5b
results/raw_long_reads/30strains_legacy/full/runs_per_reference/reference/report.tsv	1108	8986daa27d3ca46b4a60e2ea3a9da726329961df5f21f846d4dea371dc9442a1
results/raw_long_reads/30strains_legacy/full/runs_per_reference/reference/report.txt	2447	63013602ea54791723833f5ba7606ab9c37aef8028ffbb7c55417c6e3c8ce870
results/raw_long_reads/30strains_legacy/full/runs_per_reference/reference/transposed_report.tsv	1108	45906bc41ab84c6339a3ac6f64b7672ccba2ba9378a3a5a73b70f20b75814913
results/raw_long_reads/arabidopsis/full/report.tex	2223	bd9f8b685d0c5eefc2d641e5ecda9ef49a68a18c7ea9d22a80e9bb5131cb5a70
results/raw_long_reads/arabidopsis/full/report.tsv	1147	34bc5f2eb3b16de2b420635fbac270213020a04055b4be4ec93a3637af3bb1d6
results/raw_long_reads/arabidopsis/full/report.txt	2751	79c6a5f4b0189091b975f5f774d6750cd6557349136bb7adca3e62119025510b
results/raw_long_reads/arabidopsis/full/transposed_report.tsv	1147	5274ac4ed5c54d2cafeeafcf1ff7220f3bd6dc73e4d166432495bbe0ddb30464
results/raw_long_reads/arabidopsis/metaquast_raw/metaquast/combined_reference/report.tex	1998	b435e96731e120313c631abf5b1f00844d05d89715a0f61c7ffe7037ccb94c33
results/raw_long_reads/arabidopsis/metaquast_raw/metaquast/combined_reference/report.tsv	1056	d6ebda85a38c7a4dc03adae225fb748b29ccefdfff4d33106986ab1328fb50f6
results/raw_long_reads/arabidopsis/metaquast_raw/metaquast/combined_reference/report.txt	2309	40c75cb456f85562675676172d8961c91ffb3bdc5ecb27f61bd8bc19a266c1ef
results/raw_long_reads/arabidopsis/metaquast_raw/metaquast/combined_reference/transposed_report.tsv	1056	fc87de76e2e578132f821610c92359177a9ad85014494139eea1dc86786a2ec1
results/raw_long_reads/arabidopsis/quast_bam/quast/report.tex	2249	e15d8f8cb05674be02f349653e7c61ffe89533f33092ebfd838e5a68d68e0635
results/raw_long_reads/arabidopsis/quast_bam/quast/report.tsv	1160	8ff560d98809826d5baeb99fbd15b5939b119d23b4e4782e952b17141ea3dfc7
results/raw_long_reads/arabidopsis/quast_bam/quast/report.txt	2799	e57015fee831a8beb8c6ccd76fd9247170a0b831a3badd2dc31d1d4c6b97e74d
results/raw_long_reads/arabidopsis/quast_bam/quast/transposed_report.tsv	1160	4a82cbacbcac2247d27ac111b136c6dc0a96bb3abccde82946e75f886432d9bb
results/raw_long_reads/arabidopsis/quast_low_identity/quast_minid_80/report.tex	2305	493190d1c00039916ccd78e5c1c36617568ae0dc902f2204faf22bb3465de571
results/raw_long_reads/arabidopsis/quast_low_identity/quast_minid_80/report.tsv	1217	0c8004324cf4a5120be9256322b266307e9333aaed8a6078f2e00a5782c5d8c2
results/raw_long_reads/arabidopsis/quast_low_identity/quast_minid_80/report.txt	2854	ada37388d889e787f376e7bee2fb2b95f6a87075c57003defd7c0ad6f80cb1de
results/raw_long_reads/arabidopsis/quast_low_identity/quast_minid_80/transposed_report.tsv	1217	94d0d7b0a5d7f756587fec03b68a48c20762fe4a94be35e5491ae2d9272160b9
results/raw_long_reads/arabidopsis/quast_pac/quast/report.tex	2657	9dc8acda5162b7f38809c16698d9316679c7db0f6a2ed837cae3fb1cd1b34cf9
results/raw_long_reads/arabidopsis/quast_pac/quast/report.tsv	1419	44badeb93c933fbdcd9e1a196016afccd26ffe61583ba3a68b26c87e3da25344
results/raw_long_reads/arabidopsis/quast_pac/quast/report.txt	3459	96fb06b8755ee43f7439e98fa5a9d2561574e126a27d45a9c2a399660ead62ed
results/raw_long_reads/arabidopsis/quast_pac/quast/transposed_report.tsv	1419	4a6ec27af6a657e83abd8a1ef694618168bac9d92ac2d10062bdd04c02414c9b
results/raw_long_reads/arabidopsis/revalidated_no_fast/quast/report.tex	2249	e15d8f8cb05674be02f349653e7c61ffe89533f33092ebfd838e5a68d68e0635
results/raw_long_reads/arabidopsis/revalidated_no_fast/quast/report.tsv	1160	8ff560d98809826d5baeb99fbd15b5939b119d23b4e4782e952b17141ea3dfc7
results/raw_long_reads/arabidopsis/revalidated_no_fast/quast/report.txt	2799	e57015fee831a8beb8c6ccd76fd9247170a0b831a3badd2dc31d1d4c6b97e74d
results/raw_long_reads/arabidopsis/revalidated_no_fast/quast/transposed_report.tsv	1160	4a82cbacbcac2247d27ac111b136c6dc0a96bb3abccde82946e75f886432d9bb
results/raw_long_reads/arabidopsis_sim/full/report.tex	2254	aaabe601722739ebdb6ec9b7337621f3233a1f3dd49938530cd47e13beee2c58
results/raw_long_reads/arabidopsis_sim/full/report.tsv	1178	526c9d607a9c21f7167cf29a17ad6e23f02a1551e7d514eac20a07867fbefd1d
results/raw_long_reads/arabidopsis_sim/full/report.txt	2697	8ba00c40ef3ac02b0f549b010d23151385eb91785b9aa7fcd97b965f2aa7ba46
results/raw_long_reads/arabidopsis_sim/full/transposed_report.tsv	1178	2f536244534768e549b41e90adfdbfc6e0f9a38ab7720b15999de6833f0615f7
results/raw_long_reads/drosophila/full/report.tex	2243	753e0249e067239ea72b448f255f50b52888c0989a94f4fcb200e45ee5423aa4
results/raw_long_reads/drosophila/full/report.tsv	1167	131815e0d1dd1c5adb5266a4ec5a21e4d368d1881fce535836e308a1081a4861
results/raw_long_reads/drosophila/full/report.txt	2805	c244e5d01c4d554a21dd1072bcbefb1fe8c4782bc06bddfa81abd4f652f5d50d
results/raw_long_reads/drosophila/full/transposed_report.tsv	1167	b202bdde40715c5581dd03bef6850ef385e428e4c62641215e68df9720bd10fa
results/raw_long_reads/drosophila/quast_low_identity/quast_minid_80/report.tex	2312	e8e1dee6bdce504d15f21f5c7c0eb872b363de576aefba1ee4548d15bdfb9fff
results/raw_long_reads/drosophila/quast_low_identity/quast_minid_80/report.tsv	1224	d079a2286c706aad4bb2cf6d914f5ec03ad6ab8a239e950ab094bd92e4487d62
results/raw_long_reads/drosophila/quast_low_identity/quast_minid_80/report.txt	2909	55c34105a12a4786f9e027c82e1dbdef41c40fd891a4c35af9d1f06f31995100
results/raw_long_reads/drosophila/quast_low_identity/quast_minid_80/transposed_report.tsv	1224	afb959591875a4d935f4c48b0a3f699a77dbcfe758cdfe9823a33a5df3e0a263
results/raw_long_reads/ecoli3/full/combined_reference/report.tex	1967	0232af83cdf20ceb6401efea3964aef68ed3a108044a5947134d01662bf834f8
results/raw_long_reads/ecoli3/full/combined_reference/report.tsv	1024	fb0daf3e723ca61de6e70f27c2e96f3d6c8c52b5050d4b1e80d17797ac8f7fbe
results/raw_long_reads/ecoli3/full/combined_reference/report.txt	2094	37faff9782c7b6d794d05244880302670dea073882fe2318feb8b278053b70f5
results/raw_long_reads/ecoli3/full/combined_reference/transposed_report.tsv	1024	519d5411b6ffeda483b5d7dd5e36859a4a38566de32235b37ee2df44e41c9f75
results/raw_long_reads/ecoli3/full/not_aligned/report.tex	1111	2dcd3d7e197370d5a8defaea5caca1981d8bc39a3da30cd97154a5ddb6563a3e
results/raw_long_reads/ecoli3/full/not_aligned/report.tsv	463	4285dc30201742b6a14616d1eef23aa4604a95806864deb4cbf8e7e0f6d4b852
results/raw_long_reads/ecoli3/full/not_aligned/report.txt	1019	c789556cf7116124d16bd4cc9862bff33b6f904f39a2d37beb3784d82a2089d1
results/raw_long_reads/ecoli3/full/not_aligned/transposed_report.tsv	463	d0ddf8d6ebf154e9e6e8c7447ce79008d25dc88f262ff0604b7d6acf4591de3e
results/raw_long_reads/ecoli3/full/runs_per_reference/reference/report.tex	2143	2eebaf076f17b72f79f3e886c14483c247bba49c019ec43976c0f4f5423c56db
results/raw_long_reads/ecoli3/full/runs_per_reference/reference/report.tsv	1100	9718484b6cdf6ef777ec3d7f4ae00cb91ee0588ce12adb6691c02cd034ad0840
results/raw_long_reads/ecoli3/full/runs_per_reference/reference/report.txt	2447	ab0b542e1eeca3b70704dff008aa7dc7a61f90dcce6ed20c4b5384fe49b02c36
results/raw_long_reads/ecoli3/full/runs_per_reference/reference/transposed_report.tsv	1100	c2a752e500fcd5be84fdd7a3bc0abde62e16c7d959d33230942be704557ecebf
results/raw_long_reads/ecoli3_error_readcount/full/combined_reference/report.tex	1979	e488242998311a8a70bf20ceaa18872d290b72408e2f90414f7d911b731e5e32
results/raw_long_reads/ecoli3_error_readcount/full/combined_reference/report.tsv	1036	9537d4052d2d598ee8e0137e2ce26e6d7fd014acdfa30575399243b972ac7adb
results/raw_long_reads/ecoli3_error_readcount/full/combined_reference/report.txt	2051	bd88bc5d9bc11842980871a983622d68d015c514736b47d5b54394166816384f
results/raw_long_reads/ecoli3_error_readcount/full/combined_reference/transposed_report.tsv	1036	c1571570e27dd20127b0940e62974dc0cbcdc20ee8e4c3d6e4f59bdfcaad1898
results/raw_long_reads/ecoli3_error_readcount/full/not_aligned/report.tex	1102	65dcaf9fa0577dc0f019c19107a9680b52ebee2efde0c3c5e9fe0a6ed79d8163
results/raw_long_reads/ecoli3_error_readcount/full/not_aligned/report.tsv	454	9ac5115d837886f1ccb5ab364c83302117d3818bcc1db7042e91c19fbb32601a
results/raw_long_reads/ecoli3_error_readcount/full/not_aligned/report.txt	1019	d85c9cadca927234084fa86616ef7666842c4f60af00ee33dde1806294be155a
results/raw_long_reads/ecoli3_error_readcount/full/not_aligned/transposed_report.tsv	454	be762119f2deed5bbdec80350c0f8e0e975d7209bcfd45e2c79206d3405f04e0
results/raw_long_reads/ecoli3_error_readcount/full/runs_per_reference/reference/report.tex	2153	c308fd7f18a73f397b721e5fca974a63711eac2ad9a536e4398b34dc1de77d72
results/raw_long_reads/ecoli3_error_readcount/full/runs_per_reference/reference/report.tsv	1110	4fd0101be600e6772d530c218584b6e7ff7c83fa513d70d94f8808fc7496c1be
results/raw_long_reads/ecoli3_error_readcount/full/runs_per_reference/reference/report.txt	2447	9114719954d3572f0dc406c1c88a83115454e10e7929c1b71eac2b7cc48eeba3
results/raw_long_reads/ecoli3_error_readcount/full/runs_per_reference/reference/transposed_report.tsv	1110	9ef7caf69664bd60d06266391df180645b73039ae98e9845a9919159f42088a9
results/raw_long_reads/ecoli_error/full/report.tex	2205	3af6b3e4bfff4c3bc4e368838b478c83475704c9fe85b30951af4a13f2ff863d
results/raw_long_reads/ecoli_error/full/report.tsv	1129	0221dabca40f57067c1074063b73a4a072fddad8b1d0866746f3f13c26d5b60e
results/raw_long_reads/ecoli_error/full/report.txt	2535	ac81c5b5ee46da9680b3c241fa7eb35257491eecf86a9cf0505e94bd6e6038cb
results/raw_long_reads/ecoli_error/full/transposed_report.tsv	1129	9e9af11a781f7499a45e4220e7d848b36e88bb834d20395dd326ba16768065b7
results/raw_long_reads/ecoli_error_tech/full/report.tex	2205	3af6b3e4bfff4c3bc4e368838b478c83475704c9fe85b30951af4a13f2ff863d
results/raw_long_reads/ecoli_error_tech/full/report.tsv	1129	0221dabca40f57067c1074063b73a4a072fddad8b1d0866746f3f13c26d5b60e
results/raw_long_reads/ecoli_error_tech/full/report.txt	2535	ac81c5b5ee46da9680b3c241fa7eb35257491eecf86a9cf0505e94bd6e6038cb
results/raw_long_reads/ecoli_error_tech/full/transposed_report.tsv	1129	9e9af11a781f7499a45e4220e7d848b36e88bb834d20395dd326ba16768065b7
results/raw_long_reads/mhc_ont/full/combined_reference/report.tex	1969	b72e9379d06dd70259407f4d352b5f6dcc035532f9256d81168b3939731c3412
results/raw_long_reads/mhc_ont/full/combined_reference/report.tsv	1026	73bbb9c5233b5d54aa08f36b7a4453f631cfc416078c1f596ad9c77b8fb32bfd
results/raw_long_reads/mhc_ont/full/combined_reference/report.txt	2051	7fddd3ec2eb5d3834882d2bdf14ff25db16dd9a5fd2c961d4cb3038369d50738
results/raw_long_reads/mhc_ont/full/combined_reference/transposed_report.tsv	1026	743ba5978e99d978090703b11f5a838b1762064fa1ab6a9c3eb8d9215b0d5b26
results/raw_long_reads/mhc_ont/full/not_aligned/report.tex	1093	11363965735a8d5a0bceb8d88a5de918856974476b7ad6064fb9c62ffe22f4a4
results/raw_long_reads/mhc_ont/full/not_aligned/report.tsv	445	8ad7df9f6492ad4afcc0f0d1883003aef378ae1602a513d6dcb388dd9a83a413
results/raw_long_reads/mhc_ont/full/not_aligned/report.txt	1019	0a12fa3508865344d207fcfee43c83ebd91bd64237e105469678203ab6ecf8e2
results/raw_long_reads/mhc_ont/full/not_aligned/transposed_report.tsv	445	fee9510ea079fa7c9bbc600edf152a2c03a52689cb89b39e3871062d56c5afcd
results/raw_long_reads/mhc_ont/full/runs_per_reference/reference/report.tex	2136	102fffc40e6c5096278c8b498197e09ca0bed06ce35fa57b9a5d7cad1c21ae88
results/raw_long_reads/mhc_ont/full/runs_per_reference/reference/report.tsv	1093	ed6fd5f43dad6a2e166b53f41fe810fa9a562f9ac9b861a03f0bd286055b44ee
results/raw_long_reads/mhc_ont/full/runs_per_reference/reference/report.txt	2447	eda4542318020e47d430e6cebb7e4007fcabd9dc65ad528ad3f413d3fcb65a22
results/raw_long_reads/mhc_ont/full/runs_per_reference/reference/transposed_report.tsv	1093	ecbb80bf46a4d27ec2dfa34c74f04da4cb2233e2a8dcc9f489a7758e97e9798a
results/raw_long_reads/mhc_pac/full/combined_reference/report.tex	1956	9674d37a98783094f2bbfe9eb9eb98f21e7bb52b7375aab7620b9f61ae5c3f7b
results/raw_long_reads/mhc_pac/full/combined_reference/report.tsv	1013	1ebd690a24649161fcd954d858f1498292be08435bb12159ac1e101d6220656a
results/raw_long_reads/mhc_pac/full/combined_reference/report.txt	2051	a68f01517052f46c8f4ae0c089d75588b5cf6e838c5321981bff28899b6bcd62
results/raw_long_reads/mhc_pac/full/combined_reference/transposed_report.tsv	1013	7a4bbb68af138600275c12c90e5ffc49f1e03cf49b6134ed30ee7aa8b3a586c5
results/raw_long_reads/mhc_pac/full/not_aligned/report.tex	1099	36ad5fc4d781f8a4d474d3468f866e59fcfd8d83170604848fc839f83ebcc29f
results/raw_long_reads/mhc_pac/full/not_aligned/report.tsv	451	fab3d5f2a56ca4f372771eb2ddf8380df3b9d0f099ad85f2dd7406b7edf4721a
results/raw_long_reads/mhc_pac/full/not_aligned/report.txt	1019	3e4efc909f5edbc2ef4e1f74e4d826951f019f87ba7ec89a3875649a3713a500
results/raw_long_reads/mhc_pac/full/not_aligned/transposed_report.tsv	451	ca5994f2340e65eb9825ed5790e707563a0c162c266cb928a00e8fa08a8fd88d
results/raw_long_reads/mhc_pac/full/runs_per_reference/reference/report.tex	2130	39d30ce38e4154d9ee79f0cba9e577c578075f11694ec25b5dada14bbc64a987
results/raw_long_reads/mhc_pac/full/runs_per_reference/reference/report.tsv	1087	9dbf80ac439757d60e6b7612b4cfb96c03429b7be3a20248b0c4f58c9fb1c264
results/raw_long_reads/mhc_pac/full/runs_per_reference/reference/report.txt	2447	4efa2995d5c66819af0d782ea3739c38f56cb7895a9f1c05f9096ac35cdb5013
results/raw_long_reads/mhc_pac/full/runs_per_reference/reference/transposed_report.tsv	1087	f1b28b55d41ba28e4ba02cb90b18ef1fcd8a8ed9c9c6732b3cadfacb05c55855
results/raw_long_reads/summary.tsv	6875	ce2d467bd6005a246e9e4ecdf25680db8bb11cc3da205fd54946012fe26033a3
results/raw_long_reads/zymo/10pct/combined_reference/report.tex	1996	c71dd4d32e18b4cf6aef64a3de7fdd918f19679affe8acd7c524cd7989f9ace7
results/raw_long_reads/zymo/10pct/combined_reference/report.tsv	1053	a303a4c4680b962eed21fb2d7fbe0401810542ba0b123d836849ded9b6be11d1
results/raw_long_reads/zymo/10pct/combined_reference/report.txt	2223	0afe0390040754ebfa91579da6003e531a135ecc7dea6ed7f4136964edffb233
results/raw_long_reads/zymo/10pct/combined_reference/transposed_report.tsv	1053	bb6cf68770ddd17e5f8c8aab96e5b2887ef47849277668872655117e645604c2
results/raw_long_reads/zymo/10pct/not_aligned/report.tex	1122	6f22828397bc80f7b8097e25cf84df9857fbad6c984a347677aba7e73a87dfdf
results/raw_long_reads/zymo/10pct/not_aligned/report.tsv	474	e576899046c51db7a043640f51bb34c5b2de1fe6a262341dcf992016bf59e47e
results/raw_long_reads/zymo/10pct/not_aligned/report.txt	1019	2f614abcae28701c8d6814bd59eb99fb74539d2dfdb17a94886e7b15ea6c2df9
results/raw_long_reads/zymo/10pct/not_aligned/transposed_report.tsv	474	3dc1919d52b433ad146bb4e340b3389bc48951ce17395cee46ace6c3fa155428
results/raw_long_reads/zymo/10pct/runs_per_reference/reference/report.tex	2176	877e885ffa2bc3312a24a5183959966b226fddf0c9de9aab030bf21e6a80594b
results/raw_long_reads/zymo/10pct/runs_per_reference/reference/report.tsv	1133	a5d7f98b4dfce5edb16965e06d102d79e791a88871bae487c7fbd8ac304c0916
results/raw_long_reads/zymo/10pct/runs_per_reference/reference/report.txt	2603	19044e4bd9da3e089783549544e2bc947910a98a509e864b9547d74cc11cd4f4
results/raw_long_reads/zymo/10pct/runs_per_reference/reference/transposed_report.tsv	1133	632443d290bb16a770afcfe0b5cf8fd425e273d8f9de5753b7d94cb2b2b58920
results/raw_long_reads/zymo/20pct/combined_reference/report.tex	2003	29257663ac16abb8b32cb74cc5aa69f2da3ed8ba974b481d80632ed3b502e2c6
results/raw_long_reads/zymo/20pct/combined_reference/report.tsv	1060	bbaddddb08e19cdabe27cdf0ef78a71354451d075e3ff12a2331ef1dac48a991
results/raw_long_reads/zymo/20pct/combined_reference/report.txt	2266	13e6ba4d99e1820770cd955fb3870a6156a58a8ac897ec51ac52d4ffb942ea2f
results/raw_long_reads/zymo/20pct/combined_reference/transposed_report.tsv	1060	9a1890d53e7875c351bbabdbe22811ede05316e2fa59fe453a2864e15bb962aa
results/raw_long_reads/zymo/20pct/not_aligned/report.tex	1126	94994a4b699f8bdb8ddbb8a1be79f82bdc9c2c8fac6424595d5c2196a21c86f6
results/raw_long_reads/zymo/20pct/not_aligned/report.tsv	478	7611035c50e030de3d5ebd8cf15234af877e27f9c80eb887a59c77aeb42f5a63
results/raw_long_reads/zymo/20pct/not_aligned/report.txt	1019	09b1020a121ace5177ce834247febd66d47504ae32b5865d5f08368cde3b1890
results/raw_long_reads/zymo/20pct/not_aligned/transposed_report.tsv	478	2728a4cb045e17d835a5e8af2eba99ff20fe7f2f1136957d4a9b30998950be0e
results/raw_long_reads/zymo/20pct/runs_per_reference/reference/report.tex	2185	ef4e431b73718959a5dbe9d57dbf5d6bc8c49d1ab1749fe2ce549d046172d426
results/raw_long_reads/zymo/20pct/runs_per_reference/reference/report.tsv	1142	10db57a2d7725845b300671338d9922b682ce8ab050950a734ddbe286a5a7877
results/raw_long_reads/zymo/20pct/runs_per_reference/reference/report.txt	2603	cd5ea8e890ceae674ab3a8e182c232153d3defe791e344f2792a82f5bb2b1cf6
results/raw_long_reads/zymo/20pct/runs_per_reference/reference/transposed_report.tsv	1142	205ec6f77b02a3748fbfd28bde3ea04f92643baf4f8555b97d7f83b12cc41d17
results/raw_long_reads/zymo/30pct/combined_reference/report.tex	2006	fe54c55d02210d662115f089fa66c790e3a4ab0cbe3b534d9e3ddd359e1ca3ad
results/raw_long_reads/zymo/30pct/combined_reference/report.tsv	1063	f5433bdadd81d88b1a3616598439a4f4876521615c5f327efd020becdb59becd
results/raw_long_reads/zymo/30pct/combined_reference/report.txt	2266	894a8562597f7df688fbcb39e78e8e509b9e0836d19122a3e0313f5454b10e9b
results/raw_long_reads/zymo/30pct/combined_reference/transposed_report.tsv	1063	d0702374c00a16d03deea188ebf4e3bffc0c965939050106ef7c2e9df6a7bce5
results/raw_long_reads/zymo/30pct/not_aligned/report.tex	1127	231c20993152e0dbf16bcada9c166e8fe7cc42e3b4bce8937502c3da873c683b
results/raw_long_reads/zymo/30pct/not_aligned/report.tsv	479	34ade9c5f2e4a5b3d56b0f3ff3829139b1843242ab4db1a7c46caa0814aaec7e
results/raw_long_reads/zymo/30pct/not_aligned/report.txt	1019	b6df9d50f8f88e6e082d939605abed090f2a429fb28f70469ed1d2d1c60c74d2
results/raw_long_reads/zymo/30pct/not_aligned/transposed_report.tsv	479	cf135ce340897239941e9412f24ae99c0787800aa4828e5ded41d766ef78e098
results/raw_long_reads/zymo/30pct/runs_per_reference/reference/report.tex	2186	06530532c477d065d56f5d108a5fb349a89296eaf7d2d47eba445e449dd7b47f
results/raw_long_reads/zymo/30pct/runs_per_reference/reference/report.tsv	1143	3b6f7e191a0fb5d2f6619bc815c13566db6f2fb10cb8d22c8d4a48941f657fc7
results/raw_long_reads/zymo/30pct/runs_per_reference/reference/report.txt	2603	a19ad8bc3b179ca7822f8cfe763647dd908b9631a6ef2d6a636c747df02575b8
results/raw_long_reads/zymo/30pct/runs_per_reference/reference/transposed_report.tsv	1143	8a1bf9c99b72e116212f08f353af714c53474e3fe006ccc068eb8bb85356b5fb
results/raw_long_reads/zymo/40pct/combined_reference/report.tex	2010	6e1279e5dc4c7d7689268899c592d878affca8bf2d289d032d3c06c995222fca
results/raw_long_reads/zymo/40pct/combined_reference/report.tsv	1067	9b5c09d30f50040514a38dd078327a0428ed2be21b0c762709f88cd48419ecf1
results/raw_long_reads/zymo/40pct/combined_reference/report.txt	2266	e25a3ea83d8ec5c14cf51cc2c77229d8986769c15d8ca8ae3a0a2b1d96d40b49
results/raw_long_reads/zymo/40pct/combined_reference/transposed_report.tsv	1067	c3edcd4213f179a9079b29a1846fb5d842efb2e9e43385f8aefcee82e032eb0f
results/raw_long_reads/zymo/40pct/not_aligned/report.tex	1132	e2a4e202d4bae6139439d8c930c2deac2df7e03fe1dfc7139629a47feb393a26
results/raw_long_reads/zymo/40pct/not_aligned/report.tsv	484	828a7266e5f2b4878632f104d928bd511ae78b74fbdba7f8e3e3ae7823ed1d15
results/raw_long_reads/zymo/40pct/not_aligned/report.txt	1019	41e7b0cd9debbc87ef48e51298a3034d529cf9b632f94a62594f507e47440c75
results/raw_long_reads/zymo/40pct/not_aligned/transposed_report.tsv	484	df63c5a96fa0463c3c3357e388a0dcfdde89546b3403a4fc0176eb7a43548db2
results/raw_long_reads/zymo/40pct/runs_per_reference/reference/report.tex	2187	6201a5ceba508dcc45f687232c3b74747f5f58f2d8806c0d26ebab71944028cb
results/raw_long_reads/zymo/40pct/runs_per_reference/reference/report.tsv	1144	8375299e424dc56c8885ef8dec213e505a426088b6b3814f0e7823165c6a275f
results/raw_long_reads/zymo/40pct/runs_per_reference/reference/report.txt	2603	687a943658427b5e591b7c3fce86359897aa0f8d7e5d4fb7608868e2fa1c7859
results/raw_long_reads/zymo/40pct/runs_per_reference/reference/transposed_report.tsv	1144	fb081be1705753e44c21936935d294fcf85c71adc5213f1d99997b2e5125a102
results/raw_long_reads/zymo/5pct/combined_reference/report.tex	1985	7725cf6efe33c8e5cc68787ab1588186abf54a03ddad32de3184f3fe6f9ea29a
results/raw_long_reads/zymo/5pct/combined_reference/report.tsv	1042	d3d28402cdd5707b1440f5909d7582822e3958ffa7eb5fd5d6e71b2cc0f61898
results/raw_long_reads/zymo/5pct/combined_reference/report.txt	2180	830065cc1fa1e7756171ea126dabd7754a72f008b91714a6e6c284a881fa84f3
results/raw_long_reads/zymo/5pct/combined_reference/transposed_report.tsv	1042	978f73670c249c97f0e4b8ab50a944447fab9f7b1c1a06936ecaeada63cb4216
results/raw_long_reads/zymo/5pct/not_aligned/report.tex	1120	1e35263f3d13c0b1d4414af7a2f8028ff3cc4076bd89908a786a13cced88cc77
results/raw_long_reads/zymo/5pct/not_aligned/report.tsv	472	8f45ea656e524d81e93c3b09842559275269dcb2789a0eb3d4d50dc61f04226b
results/raw_long_reads/zymo/5pct/not_aligned/report.txt	1019	dea134814b0b56f24ea7a5c23a48f2c7222a05c804a4537685e1152c41b7dd71
results/raw_long_reads/zymo/5pct/not_aligned/transposed_report.tsv	472	35c0feb012fe83477712bd19aa2a4789d333d92c4ccf989d600ac81c717cd34c
results/raw_long_reads/zymo/5pct/runs_per_reference/reference/report.tex	2165	2f27b9f6e7b543d9a4f90033671e0d1ea0e54ea2b8ffe9f253fa44c67352dd66
results/raw_long_reads/zymo/5pct/runs_per_reference/reference/report.tsv	1122	4a30d957be5e629070c55fe383f7a70cce994cc256408283469e8dfcda892936
results/raw_long_reads/zymo/5pct/runs_per_reference/reference/report.txt	2499	975dd47f823b5c3997ce80ffd73c6b9689be011ec4515934fe5ba63679eafd04
results/raw_long_reads/zymo/5pct/runs_per_reference/reference/transposed_report.tsv	1122	932ed911f419038d742749e5cb69f6b4c5f33b04a981fdb0253261db369ca104
results/zymo_10pct/comparative_ambiguity9999_metrics_only.tsv	1201	64559ee95db77da6f8820e9076b98a86fbb2e9f0ebd9233c79761cf7d3d121c6
results/zymo_10pct/resource_components.tsv	2180	b699f7ab314e582961314aa246c8d0c734849312177728b099b851c90c8943fe
results/zymo_10pct/resource_summary.tsv	1100	b2665c72213c340104a2bdcc92156d7d5ed559c90cc4b786528e07988739d28d
results/zymo_10pct/run_manifest.tsv	3249	21194d62524aef4d6111df38754816e6391d90c4c5a529ddc16e1b6626f60165
results/zymo_10pct/table_ambiguity9999_metrics_only.tsv	704	685edd0654dd948f5626503afea552903ec9086a890b36748405ae9ecb1ada13
results/zymo_10pct_other_tools_all_parameter_runs.tsv	216	89fe0ca9e324284ecc91481dcd7db25a24e59d0d22c1e837834c33138f711c62
results/zymo_10pct_other_tools_best_parameter_runs.tsv	216	89fe0ca9e324284ecc91481dcd7db25a24e59d0d22c1e837834c33138f711c62
results/zymo_30pct/dadec_dev_fix_a_all_parameter_runs.tsv	216	89fe0ca9e324284ecc91481dcd7db25a24e59d0d22c1e837834c33138f711c62
results/zymo_30pct/dadec_dev_fix_a_best_parameter_runs.tsv	216	89fe0ca9e324284ecc91481dcd7db25a24e59d0d22c1e837834c33138f711c62
results/zymo_40pct/dadec_dev_fix_a_all_parameter_runs.tsv	216	89fe0ca9e324284ecc91481dcd7db25a24e59d0d22c1e837834c33138f711c62
results/zymo_40pct/dadec_dev_fix_a_best_parameter_runs.tsv	216	89fe0ca9e324284ecc91481dcd7db25a24e59d0d22c1e837834c33138f711c62
results/zymo_long_read_subsampling_metrics.tsv	1258	015caf3ccba7e2a8c78ea7c10061ed07fa107bcebccf3194b16b76881030a5c3
runs/100strains_30x/100strains_30x_colormap_original/benchmark/provenance.json	2330	655c737c818e86b9545984c196ec9ff41c7128ff03ab9715fb9e8768938cbe3a
runs/100strains_30x/100strains_30x_colormap_original/benchmark/short_30x/colormap/resources.time.txt	112	3c710f8d839bf91df96a69476cb6d67c77379b9e0d5602cf7f96a0ab0c363b8e
runs/100strains_30x/100strains_30x_colormap_original/output/short_30x/colormap/metaquast.ambiguity9999/combined_reference/report.tsv	1051	cb7bb5849a3b1c473bf4ff92f2380523eb225cdde6bfc6aca2c66e3d7b99f4ea
runs/100strains_30x/100strains_30x_dadec_dev_fix_a_k31_k31_s3_a2_a1/benchmark/provenance.json	2358	b7f05a2455333a7671a313e77511f808e27272c6017c299cb923874a40708bb0
runs/100strains_30x/100strains_30x_dadec_dev_fix_a_k31_k31_s3_a2_a1/benchmark/short_30x/dadec/resources.time.txt	110	c803d0ee2457c1006a2b15e0dda78d52b28feea49341a93854cd8ffa8ed6a161
runs/100strains_30x/100strains_30x_dadec_dev_fix_a_k31_k31_s3_a2_a1/output/short_30x/dadec/metaquast.ambiguity9999/combined_reference/report.tsv	1056	6dcee4142862e9fcbba3b01881f1a4f9e636e4ad1156fb802e03473da3522abb
runs/100strains_30x/100strains_30x_fmlrc_original_k21_k59/benchmark/provenance.json	2472	69e22c68fa0ede581e5c538d353889d8177669617963ccd5b75f19de9ac50154
runs/100strains_30x/100strains_30x_fmlrc_original_k21_k59/benchmark/short_30x/fmlrc/resources.time.txt	106	17129f2eb8a0577018b807ca5dada7a92723a5f1518742f397bfde45913e8002
runs/100strains_30x/100strains_30x_fmlrc_original_k21_k59/output/short_30x/fmlrc/metaquast.ambiguity9999/combined_reference/report.tsv	1050	a89ac6dbc0ca9f43306806bc8bac061eea2235a85f3aff4cb8691ba3332a2754
runs/100strains_30x/100strains_30x_lordec_original_k31_ls5/benchmark/provenance.json	2347	9fe251dbe600122a1ec4f8e704e7e754cbe1c09108550425fe057629a491826a
runs/100strains_30x/100strains_30x_lordec_original_k31_ls5/benchmark/short_30x/lordec/resources.time.txt	105	d184f9407feb00e728e97d71ffc13ec371a4db54fe67ce3fdf0181689bac2320
runs/100strains_30x/100strains_30x_lordec_original_k31_ls5/output/short_30x/lordec/metaquast.ambiguity9999/combined_reference/report.tsv	1047	2297550a0e330b419fecea43bab4c7a7970490f7c8351629117d49b182776f25
runs/100strains_30x/100strains_30x_proovread_original/benchmark/provenance.json	2334	e37e08f0b267b3b46e3d0dc945b6f4c89da5d9e813917e69a8a2bfd913d76a09
runs/100strains_30x/100strains_30x_proovread_original/benchmark/short_30x/proovread/resources.time.txt	111	be8dfb236b454590929b2fdd71e961249bd04022029ea66967adbd8e37e1657e
runs/100strains_30x/100strains_30x_proovread_original/output/short_30x/proovread/metaquast.ambiguity9999/combined_reference/report.tsv	1038	ff85edaf8e3d77d6b3a9a5ef71e26b1d158266f6af00f8708576ac2e305e9dbf
runs/100strains_30x/100strains_30x_ratatosk_original_k31_k63/benchmark/provenance.json	2344	0c3744ed83bbe9c74f485e9d1831cacb05cf84af13b56176d0ddf31daeca4fc0
runs/100strains_30x/100strains_30x_ratatosk_original_k31_k63/benchmark/short_30x/ratatosk/resources.time.txt	107	8c882cbe159ed0310253d15971f32ae9909a27971bc33714140b432b625717b7
runs/100strains_30x/100strains_30x_ratatosk_original_k31_k63/output/short_30x/ratatosk/metaquast.ambiguity9999/combined_reference/report.tsv	1048	4ee7b01a097fc9a390d3b6b40f78ac4793bfc6d890354a959a20d5b32e7a0515
runs/100strains_legacy_30x/100strains_legacy_30x_colormap_original/benchmark/provenance.json	1925	4682dd6a674cffe4cd46e078df400f446c7868c9c6f5383dd8cccecfd4e0f8f6
runs/100strains_legacy_30x/100strains_legacy_30x_colormap_original/output/short_30x/colormap/metaquast.ambiguity9999/combined_reference/report.tsv	1065	08d0cda3f71752c954479dcdc09cda827a0b430d8ce0ec4d78faf6794af279d5
runs/100strains_legacy_30x/100strains_legacy_30x_dadec_dev_fix_a_k31_k31_s3_a2_a1/benchmark/provenance.json	1912	f789a9487c62277c9ddbb9a6dac74b89d482dba1df3847ac2ed058b3939073fa
runs/100strains_legacy_30x/100strains_legacy_30x_dadec_dev_fix_a_k31_k31_s3_a2_a1/benchmark/short_30x/dadec/resources.time.txt	110	b245ceac82718fe393d820a9fdc2776153523f71e0fb36da759fc446220e620f
runs/100strains_legacy_30x/100strains_legacy_30x_dadec_dev_fix_a_k31_k31_s3_a2_a1/output/short_30x/dadec/metaquast.ambiguity9999/combined_reference/report.tsv	1057	efc4977b83d53cbf304b6ce19b27c88af1476550309d863715fbe59dd54ddab8
runs/100strains_legacy_30x/100strains_legacy_30x_f_hero_original_k21_k59_hs10_hi1/benchmark/provenance.json	1761	1a35c974352b03e56a25f2b670f55907fc66707aec83a402e091f321d1d69da5
runs/100strains_legacy_30x/100strains_legacy_30x_f_hero_original_k21_k59_hs10_hi1/output/short_30x/f_hero/metaquast.ambiguity9999/combined_reference/report.tsv	1049	aff4d9f4dc915556a1e1c1c9b1dd4ab91533cfb330f972e529680bd6027e6237
runs/100strains_legacy_30x/100strains_legacy_30x_fmlrc_original_k21_k59/benchmark/provenance.json	1730	1b1d31e48a56a5f4f96af0263d0669ea46349e67167d12b70c6daefbc44fb4c4
runs/100strains_legacy_30x/100strains_legacy_30x_fmlrc_original_k21_k59/output/short_30x/fmlrc/metaquast.ambiguity9999/combined_reference/report.tsv	1050	a2e9e2d35e4b747c51d13256873f321368ad5abc6e82a8c33b56033a21a095d2
runs/100strains_legacy_30x/100strains_legacy_30x_l_hero_original_k31_ls5_hs10_hi1/benchmark/provenance.json	1761	e01ad979916e82cbfcfa2fb3a7e9e1f582a26ed1042dc81c3794d2886e7083e9
runs/100strains_legacy_30x/100strains_legacy_30x_l_hero_original_k31_ls5_hs10_hi1/output/short_30x/l_hero/metaquast.ambiguity9999/combined_reference/report.tsv	1048	c8e5fdaa2667b799800cdc6b80536abe8f36072222cc6336582137353233013b
runs/100strains_legacy_30x/100strains_legacy_30x_lordec_original_k31_ls5/benchmark/provenance.json	1737	2bd44ab22751b990b53c79629cb0105a3d203778231e841ca6856dcd74f7005b
runs/100strains_legacy_30x/100strains_legacy_30x_lordec_original_k31_ls5/output/short_30x/lordec/metaquast.ambiguity9999/combined_reference/report.tsv	1048	71ff4078681000f195a165aaa309f9940e5bb11e93bc006127a39f2b1b8f7f38
runs/100strains_legacy_30x/100strains_legacy_30x_proovread_original/benchmark/provenance.json	1732	69ff670ca4729b6bff21f2aa110a6fe2e09db57e10cbf4118bcc68c04d62fb5d
runs/100strains_legacy_30x/100strains_legacy_30x_proovread_original/output/short_30x/proovread/metaquast.ambiguity9999/combined_reference/report.tsv	1043	2f9f6a106b559bf27152ae153d32de7659fd1a0a372b535f79e7bb265a01d727
runs/100strains_legacy_30x/100strains_legacy_30x_r_hero_original_k31_k63_hs10_hi1/benchmark/provenance.json	1761	f23d01401c8cb5e79dacf2af58daf7f78b2242ca45e6f5a2ee7f22c35272a2f3
runs/100strains_legacy_30x/100strains_legacy_30x_r_hero_original_k31_k63_hs10_hi1/output/short_30x/r_hero/metaquast.ambiguity9999/combined_reference/report.tsv	1047	ff21b095fa1e7f5f140ba9593c8a97db330dbc8fdcc9a077c0e83623affcda33
runs/100strains_legacy_30x/100strains_legacy_30x_ratatosk_original_k31_k63/benchmark/provenance.json	1751	732e207e3291d21321381ae6c176873eaa20b5bd1c0832d0263bfa056b02a672
runs/100strains_legacy_30x/100strains_legacy_30x_ratatosk_original_k31_k63/output/short_30x/ratatosk/metaquast.ambiguity9999/combined_reference/report.tsv	1051	c2c9ac724c6aa3e4825588b9068abe6b8028ea98bfef3a166b9f3fe962f3ebce
runs/30strains_10x/30strains_10x_colormap_original/benchmark/provenance.json	3062	0ec27ecc822868d5509fd9b8aed91b8f2764c1b882b6a16fdaf35b6db87da36b
runs/30strains_10x/30strains_10x_colormap_original/benchmark/short_10x/colormap/resources.time.txt	107	b290ca8f7503ef589073cc56fef7b55ed5eb354c836e1fabb750c6ae3a6e1df5
runs/30strains_10x/30strains_10x_colormap_original/output/short_10x/colormap/metaquast.ambiguity9999/combined_reference/report.tsv	1027	54eab1fbcd33637c00f10d706cf3e4862b4b78afe9b7dc371af8712d98ee958b
runs/30strains_10x/30strains_10x_dadec_dev_fix_a_k21_k21_s10_a2_a1/benchmark/provenance.json	3094	efaa172008c1884cf386255f7b2630a52c797688336aa3ddc0045194d6a2710e
runs/30strains_10x/30strains_10x_dadec_dev_fix_a_k21_k21_s10_a2_a1/benchmark/short_10x/dadec/resources.time.txt	106	9e67ebded27a0c43b68e69f0f6a0c8cc0bd7eee4b767cb95be62e0c7b3b2ada1
runs/30strains_10x/30strains_10x_dadec_dev_fix_a_k21_k21_s10_a2_a1/output/short_10x/dadec/metaquast.ambiguity9999/combined_reference/report.tsv	1036	cc0f401f6e3cc279d1afa6588b29e7f52eadab44702a69beafa43d3bddc873ce
runs/30strains_10x/30strains_10x_f_hero_original_k21_k31_hs10_hi1/benchmark/provenance.json	3359	3770fecea43e4e9773d1ac45bff7bf2402ca434b67009c86a7fdb360faf0dc29
runs/30strains_10x/30strains_10x_f_hero_original_k21_k31_hs10_hi1/benchmark/short_10x/f_hero/resources.time.txt	117	759fb8cd421c90e2614601aae636f8318e534b95cd3b5f0f7cf10ac6b2c4876d
runs/30strains_10x/30strains_10x_f_hero_original_k21_k31_hs10_hi1/output/short_10x/f_hero/metaquast.ambiguity9999/combined_reference/report.tsv	1033	6c1a60c61eb6ec2f4b818f2c4e949a8aab2ad4eeba0ee8f74b2643c758eb3810
runs/30strains_10x/30strains_10x_fmlrc_original_k21_k31/benchmark/provenance.json	3204	6826f449b91122b1c86b2f3e8f502f02c13740ee995f286f34cf0a1acf0bb28b
runs/30strains_10x/30strains_10x_fmlrc_original_k21_k31/benchmark/short_10x/fmlrc/resources.time.txt	101	37fd6a5ef08b369e101fa39d22d86584ae5aabc8fd2e3b5fe72a76d7b543f621
runs/30strains_10x/30strains_10x_fmlrc_original_k21_k31/output/short_10x/fmlrc/metaquast.ambiguity9999/combined_reference/report.tsv	1032	a1549b685e04a3b197994bc684747f632d39e74b2bc416ab513b5e3110409a66
runs/30strains_10x/30strains_10x_l_hero_original_k21_ls5_hs10_hi1/benchmark/provenance.json	3230	24e66a2f44276af06dcb11329fcdf50211171b2272ea456b646dc37946ae28c6
runs/30strains_10x/30strains_10x_l_hero_original_k21_ls5_hs10_hi1/benchmark/short_10x/l_hero/resources.time.txt	107	6af69823d8cfdb5a1c6bf19dfb53280ba37dcca0c8991f2baf3fcf90d5a42892
runs/30strains_10x/30strains_10x_l_hero_original_k21_ls5_hs10_hi1/output/short_10x/l_hero/metaquast.ambiguity9999/combined_reference/report.tsv	1029	362ab83ba4870645cf0563a182fdedee9b73e8a8df209e0168bb8dea662b2fb9
runs/30strains_10x/30strains_10x_lordec_original_k21_ls5/benchmark/provenance.json	3080	22f2decd6210bf8b4966f7aee4c7f971c9eff4cee3736cffa3b5c7fb1de6d5ec
runs/30strains_10x/30strains_10x_lordec_original_k21_ls5/benchmark/short_10x/lordec/resources.time.txt	102	91454c819365de0a028b95766eabf8f00adcf4e1737bff62ce80e02d325b3e54
runs/30strains_10x/30strains_10x_lordec_original_k21_ls5/output/short_10x/lordec/metaquast.ambiguity9999/combined_reference/report.tsv	1028	dc275ae5f477942e45453a9d3d6703a22a381dbdb36200eff8da331bf9220beb
runs/30strains_10x/30strains_10x_proovread_original/benchmark/provenance.json	3066	45c4fc22f32ce5bf64e0fb558ce4ce9366e3217e609db559d7f93b40149ac6c3
runs/30strains_10x/30strains_10x_proovread_original/benchmark/short_10x/proovread/resources.time.txt	109	2106fa286e6bfe474792c3b47ba2414f8e9f507f9a613418e16b132fe7d87f30
runs/30strains_10x/30strains_10x_proovread_original/output/short_10x/proovread/metaquast.ambiguity9999/combined_reference/report.tsv	1019	a68d60bf3e24fbb5f40d328de2adf37e00a8e532932dccd060bf4579a703c12d
runs/30strains_10x/30strains_10x_r_hero_original_k21_k31_hs10_hi1/benchmark/provenance.json	3216	04a70f85355bbdca5fe82647e210136324a22d918834d726e30636e12de1d7f3
runs/30strains_10x/30strains_10x_r_hero_original_k21_k31_hs10_hi1/benchmark/short_10x/r_hero/resources.time.txt	104	a08b38e1c3f329f110db672b66d4e9ba1b5749f941728db3af5ffa2f6f98c900
runs/30strains_10x/30strains_10x_r_hero_original_k21_k31_hs10_hi1/output/short_10x/r_hero/metaquast.ambiguity9999/combined_reference/report.tsv	1027	4d1033d63f97e647ada8738181940e2a8d189ba8353fcd133c5f97b75344b281
runs/30strains_10x/30strains_10x_ratatosk_original_k21_k31/benchmark/provenance.json	3076	90120769061aa3ee281437d4565f30dffafafb2e8de86f63bfa4ba37ef97a5a8
runs/30strains_10x/30strains_10x_ratatosk_original_k21_k31/benchmark/short_10x/ratatosk/resources.time.txt	104	9f7cae4c01c98174b77a01523a329d8ee4dc76bb309457692599067bc5fdfed0
runs/30strains_10x/30strains_10x_ratatosk_original_k21_k31/output/short_10x/ratatosk/metaquast.ambiguity9999/combined_reference/report.tsv	1024	c9a01987bc9c2bf0758ac63b47ef93c70acb25d49f2f11f72968329e45adf1b7
runs/30strains_20x/30strains_20x_colormap_original/benchmark/provenance.json	3062	000259fee7984c4246e97df4384eeb849aa428781075d1dce8ecc1412cab9ebf
runs/30strains_20x/30strains_20x_colormap_original/benchmark/short_20x/colormap/resources.time.txt	108	af2d224f5934049e21d6f54d168370f9060e9b788629d015a069bdde19c073cb
runs/30strains_20x/30strains_20x_colormap_original/output/short_20x/colormap/metaquast.ambiguity9999/combined_reference/report.tsv	1028	f4ba522562f4fde41307c43b3e139ad59fc939ab84b7873496865433c3ee4f3c
runs/30strains_20x/30strains_20x_dadec_dev_fix_a_k21_k21_s10_a2_a1/benchmark/provenance.json	3095	8dadd63f958b3ff877c1d39098fe85e2cb767c9860ebe0d0cbdcbcc73a1da848
runs/30strains_20x/30strains_20x_dadec_dev_fix_a_k21_k21_s10_a2_a1/benchmark/short_20x/dadec/resources.time.txt	108	d5bf8f8e8fa361e17bc4105f27e468d54ee486c776d1e57f398710f5acc2d859
runs/30strains_20x/30strains_20x_dadec_dev_fix_a_k21_k21_s10_a2_a1/output/short_20x/dadec/metaquast.ambiguity9999/combined_reference/report.tsv	1042	474ef5a08bbcee1dfd5c4d8b6992a605f72ac189d51e7fdbe430d085b531c36d
runs/30strains_20x/30strains_20x_f_hero_original_k21_k31_hs10_hi1/benchmark/provenance.json	3359	b20b5832176c191691f39e8e7f7e332200e02ac807096c11eb7f9f7ceab10fd7
runs/30strains_20x/30strains_20x_f_hero_original_k21_k31_hs10_hi1/benchmark/short_20x/f_hero/resources.time.txt	125	184c83c0a447fb46348b78a2f24cde21d52a495addef244b62600ad2893e3b0a
runs/30strains_20x/30strains_20x_f_hero_original_k21_k31_hs10_hi1/output/short_20x/f_hero/metaquast.ambiguity9999/combined_reference/report.tsv	1032	19220323efc25bdf6c2d79bd95841be4a4314e5e766371a9abe88945fef6ae9d
runs/30strains_20x/30strains_20x_fmlrc_original_k21_k31/benchmark/provenance.json	3204	01351b5e15b79f3b71832063158f48ebe227ec808e554e19eaff17c4a60b88f0
runs/30strains_20x/30strains_20x_fmlrc_original_k21_k31/benchmark/short_20x/fmlrc/resources.time.txt	102	b774b2d6be8ce5e0093c163eecde7ceb0b3372a7252eaa3d1184990da7b0ef5d
runs/30strains_20x/30strains_20x_fmlrc_original_k21_k31/output/short_20x/fmlrc/metaquast.ambiguity9999/combined_reference/report.tsv	1030	d9ea2e16f2a7150605abd061a989cc6c4e742275595125c1a131a24cd2e89e3c
runs/30strains_20x/30strains_20x_l_hero_original_k31_ls5_hs10_hi1/benchmark/provenance.json	3230	c08fc09af40696163973e2dfe7753083d3af7ad1b3061d8ba82a64b4bafa568c
runs/30strains_20x/30strains_20x_l_hero_original_k31_ls5_hs10_hi1/benchmark/short_20x/l_hero/resources.time.txt	106	c7279549724980625917e1e64bfa42964b1d5cbf0805760fded6b9ca8a9008b4
runs/30strains_20x/30strains_20x_l_hero_original_k31_ls5_hs10_hi1/output/short_20x/l_hero/metaquast.ambiguity9999/combined_reference/report.tsv	1030	5d0e7e522901644cff2549c6f4fabbbc35ce5d2f4c90cf68d463749183a133c1
runs/30strains_20x/30strains_20x_lordec_original_k31_ls5/benchmark/provenance.json	3080	b45e8f406440fa588585afab34c16227c5e4b8e77eb537db4dc71309a5bd3cf7
runs/30strains_20x/30strains_20x_lordec_original_k31_ls5/benchmark/short_20x/lordec/resources.time.txt	102	a9c684e11acef20b658c66f84acd4d98be818c07da4e146aa9c58320d844268c
runs/30strains_20x/30strains_20x_lordec_original_k31_ls5/output/short_20x/lordec/metaquast.ambiguity9999/combined_reference/report.tsv	1025	c1baccdeafb24eb72a28f82a4ad57635afefc2400140d5a2ecc9e6f96ea5dfa0
runs/30strains_20x/30strains_20x_proovread_original/benchmark/provenance.json	3065	2d265dfaa18ab88ad00fda36259ba5af49531e55dce44d5438140fb69ff25c61
runs/30strains_20x/30strains_20x_proovread_original/benchmark/short_20x/proovread/resources.time.txt	108	114276d57817ade7f63bbdfc758621b3567d9b2ed0dbe96a5c355ad2a6be52a6
runs/30strains_20x/30strains_20x_proovread_original/output/short_20x/proovread/metaquast.ambiguity9999/combined_reference/report.tsv	1019	ecb6313c9263478168e17f1c58f13d71e55972627c2f766c22888dbeb8eaa1dd
runs/30strains_20x/30strains_20x_r_hero_original_k21_k31_hs10_hi1/benchmark/provenance.json	3216	07499a94deae4e16038e5a99a740f999c4800562c63904646560ef780d7464b9
runs/30strains_20x/30strains_20x_r_hero_original_k21_k31_hs10_hi1/benchmark/short_20x/r_hero/resources.time.txt	118	3cf8c254e15cccb2001e7c16776ab8bb34182676a6cb80ad330d80a982114c8f
runs/30strains_20x/30strains_20x_r_hero_original_k21_k31_hs10_hi1/output/short_20x/r_hero/metaquast.ambiguity9999/combined_reference/report.tsv	1026	08637b0283ce8a83aa557ee80640a555028da20dc7b59612666b1a722ca36456
runs/30strains_20x/30strains_20x_ratatosk_original_k21_k31/benchmark/provenance.json	3076	935ac7a17f41d4807e60a67ce0990c008c224747d520454cb2dcb942c5ac3885
runs/30strains_20x/30strains_20x_ratatosk_original_k21_k31/benchmark/short_20x/ratatosk/resources.time.txt	105	06db8779ec55a116fe42c18a62d9be9737ebafc803988b5215245516dbb7e7a0
runs/30strains_20x/30strains_20x_ratatosk_original_k21_k31/output/short_20x/ratatosk/metaquast.ambiguity9999/combined_reference/report.tsv	1023	262dbc8c874389101077fee8d9eb2512625d43efddda4f61b457e93a38e2581f
runs/30strains_30x/30strains_30x_colormap_original/benchmark/provenance.json	3061	c114ddb4e76b5949d4e69d0afae2394208dedbbc7d3c2786f9c28ead0ea8186f
runs/30strains_30x/30strains_30x_colormap_original/benchmark/short_30x/colormap/resources.time.txt	108	900a2a173651c8d92f9badc38f5cf58342591d6d91387f4be33d35cdd3823326
runs/30strains_30x/30strains_30x_colormap_original/output/short_30x/colormap/metaquast.ambiguity9999/combined_reference/report.tsv	1028	ea681157bb0dafd4171049caa120a3fba13b19705a0376835baf5b7386a991d6
runs/30strains_30x/30strains_30x_dadec_dev_fix_a_k31_k31_s1_a2_a1/benchmark/provenance.json	3091	0bcaeb16426473431066c45ab79bfe529f6118c101932053df8cce92527c7c9a
runs/30strains_30x/30strains_30x_dadec_dev_fix_a_k31_k31_s1_a2_a1/benchmark/short_30x/dadec/resources.time.txt	107	b74e115e0f004eda715ea761b99204b92b918e3dab91aeb860137e35a2227eaf
runs/30strains_30x/30strains_30x_dadec_dev_fix_a_k31_k31_s1_a2_a1/output/short_30x/dadec/metaquast.ambiguity9999/combined_reference/report.tsv	1035	6de6d7a3abb78eea01e876f1433af93c641620612e051093c82bdcb21b08b1ff
runs/30strains_30x/30strains_30x_f_hero_original_k21_k59_hs10_hi1/benchmark/provenance.json	3358	1472cc9678786b70b3e540acdf4d65f67c61d182b31e82eef3b7c36e5f25281f
runs/30strains_30x/30strains_30x_f_hero_original_k21_k59_hs10_hi1/benchmark/short_30x/f_hero/resources.time.txt	116	8bbe36b52e1bddef2090eb89e18c46c5232e4b8440865fbd0350ca77423e70d5
runs/30strains_30x/30strains_30x_f_hero_original_k21_k59_hs10_hi1/output/short_30x/f_hero/metaquast.ambiguity9999/combined_reference/report.tsv	1028	2a0ca1fff4750adcc5673f65074ebaaf966a281e1505ea40afb8b2e626fa14aa
runs/30strains_30x/30strains_30x_fmlrc_original_k21_k59/benchmark/provenance.json	3203	9c2e5972478dd22a46f5e7b3e896658d60542742e7639b676a00e35590928b98
runs/30strains_30x/30strains_30x_fmlrc_original_k21_k59/benchmark/short_30x/fmlrc/resources.time.txt	102	10208107f28e8a3324d1aedeed9556374487b87f36e2841a2eefdc6f61ace172
runs/30strains_30x/30strains_30x_fmlrc_original_k21_k59/output/short_30x/fmlrc/metaquast.ambiguity9999/combined_reference/report.tsv	1028	5370fb395d6b8a143cac607f02bd4956ed80cc9f9017703251b5d5b111ec9e2a
runs/30strains_30x/30strains_30x_l_hero_original_k31_ls5_hs10_hi1/benchmark/provenance.json	3229	a82ce99f6081123b1772fe3dab08c8933d5ae15f44a67f03c46c54f7e5dc4454
runs/30strains_30x/30strains_30x_l_hero_original_k31_ls5_hs10_hi1/benchmark/short_30x/l_hero/resources.time.txt	118	a66d51cd7df507f5e8f1f67b0c3d378fd4a150360e8e62987ebc39cdf4864686
runs/30strains_30x/30strains_30x_l_hero_original_k31_ls5_hs10_hi1/output/short_30x/l_hero/metaquast.ambiguity9999/combined_reference/report.tsv	1029	c93126d739e3bfed6aab0df235b90f50fa94d7328f2f07e02d4a31648446e1ec
runs/30strains_30x/30strains_30x_lordec_original_k31_ls5/benchmark/provenance.json	3078	783dc40299e23dfd7086d9d0c6cf44ef178aec5bd6244b5c70486234807a53f6
runs/30strains_30x/30strains_30x_lordec_original_k31_ls5/benchmark/short_30x/lordec/resources.time.txt	102	8a78a3e3bd382edb6ed5ccc15effe6dcd621719f224bf7c836504efa4183ce1d
runs/30strains_30x/30strains_30x_lordec_original_k31_ls5/output/short_30x/lordec/metaquast.ambiguity9999/combined_reference/report.tsv	1025	aaa97607b14463577b62b2552085c76d573437826e156ab19f53592d697f1230
runs/30strains_30x/30strains_30x_proovread_original/benchmark/provenance.json	3067	41ff1f5547716368ad72e584485f0d4527d37f21c2eccb8d5f682b04f29cd194
runs/30strains_30x/30strains_30x_proovread_original/benchmark/short_30x/proovread/resources.time.txt	109	bce40dce5a837755dc845c8e22d2f916215a8256757f11199285617b59870ae1
runs/30strains_30x/30strains_30x_proovread_original/output/short_30x/proovread/metaquast.ambiguity9999/combined_reference/report.tsv	1020	5412178e1aadcf21f07bc5650f3a4495d96d55639591c5b2c8b728f47b1423b6
runs/30strains_30x/30strains_30x_r_hero_original_k21_k31_hs10_hi1/benchmark/provenance.json	3215	cab57bcfadf205165d5e38b1cc5b16dc282e5f564977990bbc266c0d009b79ef
runs/30strains_30x/30strains_30x_r_hero_original_k21_k31_hs10_hi1/benchmark/short_30x/r_hero/resources.time.txt	118	b4b1a9854f318338a91326305090b4a17387b5f5f12c7e367af042887692220b
runs/30strains_30x/30strains_30x_r_hero_original_k21_k31_hs10_hi1/output/short_30x/r_hero/metaquast.ambiguity9999/combined_reference/report.tsv	1022	20f2c5df671b2a7c58827a8cbd3a848a8365891da590001a3e830ca2bfdc0fe1
runs/30strains_30x/30strains_30x_ratatosk_original_k21_k31/benchmark/provenance.json	3075	5d03e61eadf430e947a63b20f11e676ac5ae0041f5d2c44511c9727f4085f86c
runs/30strains_30x/30strains_30x_ratatosk_original_k21_k31/benchmark/short_30x/ratatosk/resources.time.txt	106	ab2473b889345a90e8b57be25ebe6c8bf8e4a1e8693fcf9db57a03a81e6f2e54
runs/30strains_30x/30strains_30x_ratatosk_original_k21_k31/output/short_30x/ratatosk/metaquast.ambiguity9999/combined_reference/report.tsv	1023	6725c3c5e6f6c193c76c793136305558d75fed78a19326bc3c9c0313a33297c9
runs/30strains_40x/30strains_40x_colormap_original/benchmark/provenance.json	3062	03f5e7c598e9f9fe4576394c6a0b505819000d902ca21d2ce092d77ca6f6b027
runs/30strains_40x/30strains_40x_colormap_original/benchmark/short_40x/colormap/resources.time.txt	108	c9369352d30d371152c0f9111a4eaef91c2d7a34c3718cadcb6c10d028136113
runs/30strains_40x/30strains_40x_colormap_original/output/short_40x/colormap/metaquast.ambiguity9999/combined_reference/report.tsv	1028	4b56a8d971e3d50353b22c2a978747410ad09492b9482ffacaa9e9ffcd241bb3
runs/30strains_40x/30strains_40x_dadec_dev_fix_a_k31_k31_s1_a2_a1/benchmark/provenance.json	3091	9d1967fdb04d457b243dd19c207e1218f4aaa254bb1a9cb0b8b148f84af73599
runs/30strains_40x/30strains_40x_dadec_dev_fix_a_k31_k31_s1_a2_a1/benchmark/short_40x/dadec/resources.time.txt	109	eedd51b9864ac1d1ae43584c381dedf00b2b20262ce4155f92613f765ea33c2b
runs/30strains_40x/30strains_40x_dadec_dev_fix_a_k31_k31_s1_a2_a1/output/short_40x/dadec/metaquast.ambiguity9999/combined_reference/report.tsv	1040	db70de2bc6e938609eb9828dca13a11e15ce3e8108285447df82c7b1ac73ec5c
runs/30strains_40x/30strains_40x_f_hero_original_k21_k59_hs10_hi1/benchmark/provenance.json	3359	7a63d404841200ce1370b2be09b20ce8b244c1185b2caad8027fc413e9c712ee
runs/30strains_40x/30strains_40x_f_hero_original_k21_k59_hs10_hi1/benchmark/short_40x/f_hero/resources.time.txt	118	86dc679abe2d0a79b914985e32a40fddda06ee84a905579aba3d3ffa4ee5d405
runs/30strains_40x/30strains_40x_f_hero_original_k21_k59_hs10_hi1/output/short_40x/f_hero/metaquast.ambiguity9999/combined_reference/report.tsv	1029	4fadc3796c3fd029d0a937b720a5e0af772a7e1fa60d059f404902ec43c7f04b
runs/30strains_40x/30strains_40x_fmlrc_original_k21_k59/benchmark/provenance.json	3204	4e047d5f7567ac59ad44741e96a53598e99a3305695ce290ca2da562b13ba772
runs/30strains_40x/30strains_40x_fmlrc_original_k21_k59/benchmark/short_40x/fmlrc/resources.time.txt	102	ba6de1a07c402bdaced02b51ad4270c860e2adb11d54686f49de83a7cbe0b4af
runs/30strains_40x/30strains_40x_fmlrc_original_k21_k59/output/short_40x/fmlrc/metaquast.ambiguity9999/combined_reference/report.tsv	1028	e566e2d10d1e02e9d6208f3d095233da974a51b546eed2cc4795320754aa7a7c
runs/30strains_40x/30strains_40x_l_hero_original_k31_ls5_hs10_hi1/benchmark/provenance.json	3230	8b3499b4e0b6f3c82a7093657bfcbf02c8d73f042072156ad6aa75bc6a1234b9
runs/30strains_40x/30strains_40x_l_hero_original_k31_ls5_hs10_hi1/benchmark/short_40x/l_hero/resources.time.txt	115	4d4e177ac531d4db4a7a8a045e8584249a3431e4a61ac00e70b9733234b40755
runs/30strains_40x/30strains_40x_l_hero_original_k31_ls5_hs10_hi1/output/short_40x/l_hero/metaquast.ambiguity9999/combined_reference/report.tsv	1028	871f2690b2be2c0a952a53c937f5c8601951f0e5b1b719ce08a36268c3361aa2
runs/30strains_40x/30strains_40x_lordec_original_k31_ls5/benchmark/provenance.json	3080	5b086ec88dae2eb5f980a0c1e99b0561ffccd0cd412ecd012a211eb44363ce3b
runs/30strains_40x/30strains_40x_lordec_original_k31_ls5/benchmark/short_40x/lordec/resources.time.txt	103	5f5fb2f937196a3e21dffc0e01e2b2785cb64db67e82073287cfa8f961795484
runs/30strains_40x/30strains_40x_lordec_original_k31_ls5/output/short_40x/lordec/metaquast.ambiguity9999/combined_reference/report.tsv	1025	03390bfc7b0149e3bc7ffbe3fc3de43b07b1e295e183597e9048228121639204
runs/30strains_40x/30strains_40x_proovread_original/benchmark/provenance.json	3065	36752ff95a4a090b8510e5287e593bcf0a658e4a29afb5ee7b4af0ea10cdecfe
runs/30strains_40x/30strains_40x_proovread_original/benchmark/short_40x/proovread/resources.time.txt	108	693c67b00b8d8c633c19067356b355f5489ea7ae591fca0923cd960faf761b56
runs/30strains_40x/30strains_40x_proovread_original/output/short_40x/proovread/metaquast.ambiguity9999/combined_reference/report.tsv	1019	ba30f66363c61ecba413fff4dcb797e7ee81c76e4d08d53a0fff8a8e78e4ec6f
runs/30strains_40x/30strains_40x_r_hero_original_k21_k31_hs10_hi1/benchmark/provenance.json	3216	047451b0471db398d1eec248a50f5c8a79e7942c17a3b87106812cb7051f1947
runs/30strains_40x/30strains_40x_r_hero_original_k21_k31_hs10_hi1/benchmark/short_40x/r_hero/resources.time.txt	109	030f4ed22f9839dcc1ce1f3aca0fb925a5d0f36508c892a62b621e3f58a62169
runs/30strains_40x/30strains_40x_r_hero_original_k21_k31_hs10_hi1/output/short_40x/r_hero/metaquast.ambiguity9999/combined_reference/report.tsv	1024	adba7a9ecff56be1aec296efc4fad254a6fe7234efd9ed09ba6ac0e39ec52ec5
runs/30strains_40x/30strains_40x_ratatosk_original_k21_k31/benchmark/provenance.json	3076	c07347cdd87e1fb31350b012fa57f8aa1dc10422388d71cf21ff7db0839da5d2
runs/30strains_40x/30strains_40x_ratatosk_original_k21_k31/benchmark/short_40x/ratatosk/resources.time.txt	107	a32223ab2d434b2f2a625bad50213b6e8a8ef2ce1130ff5bdf14330dabc978c9
runs/30strains_40x/30strains_40x_ratatosk_original_k21_k31/output/short_40x/ratatosk/metaquast.ambiguity9999/combined_reference/report.tsv	1024	d3d3af623b573ae52605b048b108ae125ad54021a1514b73f5085d8a1ff8122c
runs/30strains_50x/30strains_50x_colormap_original/benchmark/provenance.json	3062	f92775cfa599ad91dd37c90cfa8fb1f2866436a7666c1ba5f20f5f54b3beac0d
runs/30strains_50x/30strains_50x_colormap_original/benchmark/short_50x/colormap/resources.time.txt	108	77f31df873adf1360a040ae802760d186f376cc75b662492200ce3b12f1758ea
runs/30strains_50x/30strains_50x_colormap_original/output/short_50x/colormap/metaquast.ambiguity9999/combined_reference/report.tsv	1028	05412b51b72c6b38eba39eef43ac5aab076d35f12c69f092c0814878d15f790e
runs/30strains_50x/30strains_50x_dadec_dev_fix_a_k31_k31_s1_a2_a1/benchmark/provenance.json	3091	dab6b2105ff322b051e0e23c307d93d23dc1255cce6d6bb8ac216a459e264f64
runs/30strains_50x/30strains_50x_dadec_dev_fix_a_k31_k31_s1_a2_a1/benchmark/short_50x/dadec/resources.time.txt	109	a4f60370c6a34b13072f3c3172610c63153c86955f023bc9afc837cd8d8d4ca3
runs/30strains_50x/30strains_50x_dadec_dev_fix_a_k31_k31_s1_a2_a1/output/short_50x/dadec/metaquast.ambiguity9999/combined_reference/report.tsv	1040	5ea84eb775980aa490533c993a4bd6e58f3234bf85774488bfa445ae2e41a19f
runs/30strains_50x/30strains_50x_f_hero_original_k21_k59_hs1_hi1/benchmark/provenance.json	3354	f1f2ea1275aefd8ef08c0500f34ed6d8b1fd06f5d3838eda90b2b199fd2abb0f
runs/30strains_50x/30strains_50x_f_hero_original_k21_k59_hs1_hi1/benchmark/short_50x/f_hero/resources.time.txt	118	f3b773cf3be28367a542b82d214b78f24c818889779534639dc0572cd4782c21
runs/30strains_50x/30strains_50x_f_hero_original_k21_k59_hs1_hi1/output/short_50x/f_hero/metaquast.ambiguity9999/combined_reference/report.tsv	1028	78d5b0a3ebcc42eadde66526a0664d79189bf0564d99063f397f55598536d421
runs/30strains_50x/30strains_50x_fmlrc_original_k21_k59/benchmark/provenance.json	3204	e720206d51650d558bac88df158ebd1c0af00502e1970d2879acbacce0f4e343
runs/30strains_50x/30strains_50x_fmlrc_original_k21_k59/benchmark/short_50x/fmlrc/resources.time.txt	102	ee1c244f119d2bfc462c5316cbf1b9ede32c6ac53cb1059eba93b221cf05ec09
runs/30strains_50x/30strains_50x_fmlrc_original_k21_k59/output/short_50x/fmlrc/metaquast.ambiguity9999/combined_reference/report.tsv	1027	04220ae7d313b13b5db227c9f7c5553caa3f0b0d5e5a47cb0b123b585217408a
runs/30strains_50x/30strains_50x_l_hero_original_k31_ls5_hs1_hi1/benchmark/provenance.json	3226	a61f3e6fe7e75ee022cd50e420767576201b00b4fa184af0f091dd23ea8e776b
runs/30strains_50x/30strains_50x_l_hero_original_k31_ls5_hs1_hi1/benchmark/short_50x/l_hero/resources.time.txt	108	6255c266f4feef70baa2810864f6940b03b94a7211649f85eab58e6079353a9e
runs/30strains_50x/30strains_50x_l_hero_original_k31_ls5_hs1_hi1/output/short_50x/l_hero/metaquast.ambiguity9999/combined_reference/report.tsv	1027	224f8f0d40d1d71bde79d0bbab20dd3f3d0ce6e89e63a3839e55add7bae0abb3
runs/30strains_50x/30strains_50x_lordec_original_k31_ls5/benchmark/provenance.json	3079	db33fbd8a3725dcb1e03c42a0f66ff0a94ccb5c9dab0eac706ca96fd423634d5
runs/30strains_50x/30strains_50x_lordec_original_k31_ls5/benchmark/short_50x/lordec/resources.time.txt	103	394747d16c6c14944e26da34f9d2cc24e10cf2c654d3dff4439cbd80b41de282
runs/30strains_50x/30strains_50x_lordec_original_k31_ls5/output/short_50x/lordec/metaquast.ambiguity9999/combined_reference/report.tsv	1025	d72433c946c5c3ccbc531057691142a7944ada06df98e2a214259d97e2aee012
runs/30strains_50x/30strains_50x_proovread_original/benchmark/provenance.json	3065	f2455b42be75b98d6419b7d477e08608ce948821e750849b6eba2cf3a9794b33
runs/30strains_50x/30strains_50x_proovread_original/benchmark/short_50x/proovread/resources.time.txt	109	1ab240fe40286151fcbee50d2954c68db1173b27da93ab996417dec4262ec127
runs/30strains_50x/30strains_50x_proovread_original/output/short_50x/proovread/metaquast.ambiguity9999/combined_reference/report.tsv	1017	8fbf32876d345ff3088bf577ca3984b6197cc08e485a80980f318d39d1ccca90
runs/30strains_50x/30strains_50x_r_hero_original_k21_k31_hs1_hi1/benchmark/provenance.json	3211	8334cd364911500615f97fb615ebdb9cf533e9588f0561e78c4988ec5e57f698
runs/30strains_50x/30strains_50x_r_hero_original_k21_k31_hs1_hi1/benchmark/short_50x/r_hero/resources.time.txt	109	594de02666c71c2565e3a34a081346766018b5ab3bba767b7bd2fc4e61ee6eb4
runs/30strains_50x/30strains_50x_r_hero_original_k21_k31_hs1_hi1/output/short_50x/r_hero/metaquast.ambiguity9999/combined_reference/report.tsv	1028	41f5f13aa72f92adb38f566566e0797d5ee39f5a6c5086aeb9f8e5146373e692
runs/30strains_50x/30strains_50x_ratatosk_original_k21_k31/benchmark/provenance.json	3075	a6b63268ddad49b3f85fcf7ca29b152bc1a58c05687f9e076b0ec698bbd5cf47
runs/30strains_50x/30strains_50x_ratatosk_original_k21_k31/benchmark/short_50x/ratatosk/resources.time.txt	108	5a289b57bb0f9c26d80366a4b5aeffe2cc1c189f3161a393a5c8cc03510b0118
runs/30strains_50x/30strains_50x_ratatosk_original_k21_k31/output/short_50x/ratatosk/metaquast.ambiguity9999/combined_reference/report.tsv	1025	4e90accfa61040d051bbe4335580d4e272f8eb432a8a4a4292f8f842986312c9
runs/30strains_legacy_10x/30strains_legacy_10x_colormap_original/benchmark/provenance.json	2231	5bad9066ca2f5a5e6b559d99dcae26c395a420266526a0e88a98ff632b8aee0d
runs/30strains_legacy_10x/30strains_legacy_10x_colormap_original/benchmark/short_10x/colormap/resources.time.txt	106	e7d5c60ec5f60ff72605d45b87a51732c1448017a6ab52620c1fe57161690038
runs/30strains_legacy_10x/30strains_legacy_10x_colormap_original/output/short_10x/colormap/metaquast.ambiguity9999/combined_reference/report.tsv	1030	ce1530c67d9e8ce485b1f1f867788a92b4570c7074d535cc5b61da59cf2ca22a
runs/30strains_legacy_10x/30strains_legacy_10x_dadec_dev_fix_a_k21_k21_s1_a2_a1/benchmark/provenance.json	2260	a07d2d6f4b1a70be30f9097f2f1c1c81a721586499dcff144a2e2a7c07199124
runs/30strains_legacy_10x/30strains_legacy_10x_dadec_dev_fix_a_k21_k21_s1_a2_a1/benchmark/short_10x/dadec/resources.time.txt	106	34f4797de6c14b3595227e6b7fe98f36df908b7a523f368c670860978b3445f5
runs/30strains_legacy_10x/30strains_legacy_10x_dadec_dev_fix_a_k21_k21_s1_a2_a1/output/short_10x/dadec/metaquast.ambiguity9999/combined_reference/report.tsv	1038	56539d969739ddbcaacf0bf70b24a4e2fb7be3c25305e803d6e1b14709d21495
runs/30strains_legacy_10x/30strains_legacy_10x_f_hero_original_k21_k31_hs10_hi1/benchmark/provenance.json	2528	b40eee455f53261e952aa9eac1603f04112273d5109a3fbaca2126336b9f3931
runs/30strains_legacy_10x/30strains_legacy_10x_f_hero_original_k21_k31_hs10_hi1/benchmark/short_10x/f_hero/resources.time.txt	105	50adbd71a1bc64c2bceaaebf60992713e65c0177fcb8abbec154ffecbf693153
runs/30strains_legacy_10x/30strains_legacy_10x_f_hero_original_k21_k31_hs10_hi1/output/short_10x/f_hero/metaquast.ambiguity9999/combined_reference/report.tsv	1037	8232eab933793366cb987fa4bfee27b29bae6817ca6da87cdcdd05cbddf6925b
runs/30strains_legacy_10x/30strains_legacy_10x_fmlrc_original_k21_k31/benchmark/provenance.json	2373	7f93571b1f44360276f75734113b7a09fb101c54f30d818c24e47373a9bbc2b3
runs/30strains_legacy_10x/30strains_legacy_10x_fmlrc_original_k21_k31/benchmark/short_10x/fmlrc/resources.time.txt	100	3a7323be74c2db20a7f91ebf96aa2d3354d23ccaaa45ba311d9dbac9a67229d8
runs/30strains_legacy_10x/30strains_legacy_10x_fmlrc_original_k21_k31/output/short_10x/fmlrc/metaquast.ambiguity9999/combined_reference/report.tsv	1033	6e0a17f5c0f6bbf0b472c0f3cbd67cde2b0d07d6492d5821c57121fdc1cce99b
runs/30strains_legacy_10x/30strains_legacy_10x_l_hero_original_k21_ls5_hs10_hi1/benchmark/provenance.json	2399	5e6560fd30aef88e965229e478c3e2f4283db27a6bfc8f24c125b1bdfebcec5e
runs/30strains_legacy_10x/30strains_legacy_10x_l_hero_original_k21_ls5_hs10_hi1/benchmark/short_10x/l_hero/resources.time.txt	118	5c9c00127428774a65100330d92b2332e6b3c47cc45fa24129ef95d36f582914
runs/30strains_legacy_10x/30strains_legacy_10x_l_hero_original_k21_ls5_hs10_hi1/output/short_10x/l_hero/metaquast.ambiguity9999/combined_reference/report.tsv	1029	9540cc07969caa5936aa75ba502a4a0f9d298709dc792b86bde093172a38b770
runs/30strains_legacy_10x/30strains_legacy_10x_lordec_original_k21_ls5/benchmark/provenance.json	2249	3717ff55ec9f63d1c9f05eeba0495389b4df2d24dae94f4d76956af50b14d6c1
runs/30strains_legacy_10x/30strains_legacy_10x_lordec_original_k21_ls5/benchmark/short_10x/lordec/resources.time.txt	102	4649ac8ad208e539e01a26ae187cba6db044a28e48a0a5ca08d636fd40f0f65c
runs/30strains_legacy_10x/30strains_legacy_10x_lordec_original_k21_ls5/output/short_10x/lordec/metaquast.ambiguity9999/combined_reference/report.tsv	1027	e7d3318b2efaaae323b8b26daa6e158c832163f157118b4f4d9fdf7d383b94ff
runs/30strains_legacy_10x/30strains_legacy_10x_proovread_original/benchmark/provenance.json	2235	00f5b13eab65e5df7de81709503bb93e252e9e0d754679b2114bc8047cbed626
runs/30strains_legacy_10x/30strains_legacy_10x_proovread_original/benchmark/short_10x/proovread/resources.time.txt	109	92362b5280f4a077e17e8cd4f6aff9a4f0552c8deb741b7206a04e5f9595fd6b
runs/30strains_legacy_10x/30strains_legacy_10x_proovread_original/output/short_10x/proovread/metaquast.ambiguity9999/combined_reference/report.tsv	1012	30f0be96926236f2c8fc42bb8ea0c2b259cfbd104002bd13c8dae55e26053ea3
runs/30strains_legacy_10x/30strains_legacy_10x_r_hero_original_k21_k31_hs10_hi1/benchmark/provenance.json	2385	62e3ccb9c13f4073ec1317f5db8aae696ef623a5d9653b6520d6c62f4883331e
runs/30strains_legacy_10x/30strains_legacy_10x_r_hero_original_k21_k31_hs10_hi1/benchmark/short_10x/r_hero/resources.time.txt	116	ba6fc2638654889a64c595e3773513226d8682126eda6d6a7725cc0115e679b6
runs/30strains_legacy_10x/30strains_legacy_10x_r_hero_original_k21_k31_hs10_hi1/output/short_10x/r_hero/metaquast.ambiguity9999/combined_reference/report.tsv	1028	2a8edc1b2d061528464d8a0a194bbf3fbedb0657b4c3d9fc39145ad8d9fb61c2
runs/30strains_legacy_10x/30strains_legacy_10x_ratatosk_original_k21_k31/benchmark/provenance.json	2245	ed98c477472856d894e667fae1ca304a36fd080fb3f6573a199459dc3f82bf9c
runs/30strains_legacy_10x/30strains_legacy_10x_ratatosk_original_k21_k31/benchmark/short_10x/ratatosk/resources.time.txt	104	cbcdf6aaae19aecf69076cd4bf8d0597105a1dfd779e88cf2937ace5535d4751
runs/30strains_legacy_10x/30strains_legacy_10x_ratatosk_original_k21_k31/output/short_10x/ratatosk/metaquast.ambiguity9999/combined_reference/report.tsv	1027	7b78e0e17bb5e888bb2ce82c2e3493916149921660ae769362ca6a7570e8e0d1
runs/30strains_legacy_20x/30strains_legacy_20x_colormap_original/benchmark/provenance.json	2231	f3e0b79721b1640b335c4eb2c24b611e6461d3f823ba8b41b226d15352067fb4
runs/30strains_legacy_20x/30strains_legacy_20x_colormap_original/benchmark/short_20x/colormap/resources.time.txt	108	6c220c67c685fcb1d749425b7bf863645b82ba6a9aef8a1c5a84a579d9d7fe53
runs/30strains_legacy_20x/30strains_legacy_20x_colormap_original/output/short_20x/colormap/metaquast.ambiguity9999/combined_reference/report.tsv	1028	ad914b676c42d224da91887ef02488ab958e3b7df3ac8e567d9852f28f99f2c1
runs/30strains_legacy_20x/30strains_legacy_20x_dadec_dev_fix_a_k21_k21_s1_a2_a1/benchmark/provenance.json	2260	ee9249725f24e7899f75529bee0bc666da3d74a044d3eff9bc34c5ab14601afb
runs/30strains_legacy_20x/30strains_legacy_20x_dadec_dev_fix_a_k21_k21_s1_a2_a1/benchmark/short_20x/dadec/resources.time.txt	107	9ba6ce97b591394453f84c1deb9ce6f783a28f76c017cf414fc0d2ee05a4d08b
runs/30strains_legacy_20x/30strains_legacy_20x_dadec_dev_fix_a_k21_k21_s1_a2_a1/output/short_20x/dadec/metaquast.ambiguity9999/combined_reference/report.tsv	1040	028a91c214d38207c460633bd8c1fe3487dd8f5645e73ba9f24603c783ec30da
runs/30strains_legacy_20x/30strains_legacy_20x_f_hero_original_k21_k31_hs10_hi1/benchmark/provenance.json	2528	a485fde3e5956b4025d6ace7943ba5ac4611b949d5e513828b688fb45eb0dcba
runs/30strains_legacy_20x/30strains_legacy_20x_f_hero_original_k21_k31_hs10_hi1/benchmark/short_20x/f_hero/resources.time.txt	116	53da82cf71ec154955f7849d75e32187958e3c8e9dfd906ba9993450bb554374
runs/30strains_legacy_20x/30strains_legacy_20x_f_hero_original_k21_k31_hs10_hi1/output/short_20x/f_hero/metaquast.ambiguity9999/combined_reference/report.tsv	1029	6d686005b10cabe889f9c5cb2ab7c7762a51a50e2c18982cd2f1e797640c96d5
runs/30strains_legacy_20x/30strains_legacy_20x_fmlrc_original_k21_k31/benchmark/provenance.json	2373	f26453fb96d4e7da88e8da17336c0b3f9bda22fcf24b8661a116af3f1fe55bf6
runs/30strains_legacy_20x/30strains_legacy_20x_fmlrc_original_k21_k31/benchmark/short_20x/fmlrc/resources.time.txt	101	c91c97c397f023614211efe6c1588dd577b5d5df52adb1a54f290990279ed265
runs/30strains_legacy_20x/30strains_legacy_20x_fmlrc_original_k21_k31/output/short_20x/fmlrc/metaquast.ambiguity9999/combined_reference/report.tsv	1029	bdbf5bbb24ab613dfc6787ac998527333081133ee05d52d5a3e8fc25c87b9c09
runs/30strains_legacy_20x/30strains_legacy_20x_l_hero_original_k31_ls5_hs10_hi1/benchmark/provenance.json	2399	1c37de01ab6af9b89dda708dfe973e5990777e5d081523fdc15f06f132a7346f
runs/30strains_legacy_20x/30strains_legacy_20x_l_hero_original_k31_ls5_hs10_hi1/benchmark/short_20x/l_hero/resources.time.txt	107	71bff7f7c39a5f66faf280aecb2d700ee5dacf550ff016c08addbb2eac0366f7
runs/30strains_legacy_20x/30strains_legacy_20x_l_hero_original_k31_ls5_hs10_hi1/output/short_20x/l_hero/metaquast.ambiguity9999/combined_reference/report.tsv	1031	d44f456f49c2d8a8d660df7d9cdb44d56c4a7f61aaf15e1a1e011115f3d4acfc
runs/30strains_legacy_20x/30strains_legacy_20x_lordec_original_k31_ls5/benchmark/provenance.json	2249	69b2cc523cb08ba7bb6631f1905e356e982bfbcd06630ccf78103ba72f66f700
runs/30strains_legacy_20x/30strains_legacy_20x_lordec_original_k31_ls5/benchmark/short_20x/lordec/resources.time.txt	102	c97b5e0902a840a687315082d088e359c5ca898155a9c6606742aa3b0ee52249
runs/30strains_legacy_20x/30strains_legacy_20x_lordec_original_k31_ls5/output/short_20x/lordec/metaquast.ambiguity9999/combined_reference/report.tsv	1028	e31700bc2757a1b8dae0df749ff2e9ad5a8a8597d4e91d983ab09a90accabb11
runs/30strains_legacy_20x/30strains_legacy_20x_proovread_original/benchmark/provenance.json	2234	9c6bb94d37e40db43e548f3447a47fb8ff4bf686759eaf19c0290ae5cef01ea5
runs/30strains_legacy_20x/30strains_legacy_20x_proovread_original/benchmark/short_20x/proovread/resources.time.txt	109	75a008eae126f3069f981249e53fb4dcbe5fe5e421345677ed4f095d563970de
runs/30strains_legacy_20x/30strains_legacy_20x_proovread_original/output/short_20x/proovread/metaquast.ambiguity9999/combined_reference/report.tsv	1014	af479c192cf7d4848358b01161ed0e23124b913205d00641b420a1a4d3d2d044
runs/30strains_legacy_20x/30strains_legacy_20x_r_hero_original_k21_k31_hs10_hi1/benchmark/provenance.json	2385	d943fc601f65cead1509f8e051b5c44d27d2b932708cf322b60585745c5710b5
runs/30strains_legacy_20x/30strains_legacy_20x_r_hero_original_k21_k31_hs10_hi1/benchmark/short_20x/r_hero/resources.time.txt	118	15c21889bb398779298ffa9d3a5ebdb15e54717c325f9eafabc4e6aa61deac0d
runs/30strains_legacy_20x/30strains_legacy_20x_r_hero_original_k21_k31_hs10_hi1/output/short_20x/r_hero/metaquast.ambiguity9999/combined_reference/report.tsv	1022	721210fb431bd4edcee99925b03d76383769d69bc948ab1c1f7ef520ba0f54f9
runs/30strains_legacy_20x/30strains_legacy_20x_ratatosk_original_k21_k31/benchmark/provenance.json	2245	05d20b6d2aab2af95cbcd5b22d15e5c87a114c3c2772a20d58930552e0441573
runs/30strains_legacy_20x/30strains_legacy_20x_ratatosk_original_k21_k31/benchmark/short_20x/ratatosk/resources.time.txt	104	54054f432bda89bb1e6aea0c59e0c1a9c4dc758b8a7a66ffaaf09162015cb5aa
runs/30strains_legacy_20x/30strains_legacy_20x_ratatosk_original_k21_k31/output/short_20x/ratatosk/metaquast.ambiguity9999/combined_reference/report.tsv	1024	adf3a0a3596a1fd6fbf12c0593dccda37eb37b200aa4842e9fa2d083a74c594d
runs/30strains_legacy_30x/30strains_legacy_30x_colormap_original/benchmark/provenance.json	2218	9ad97ba879034c1e118cfb1dc8be234575d44cf7555f7f9ee4757b7a98b67569
runs/30strains_legacy_30x/30strains_legacy_30x_colormap_original/benchmark/short_30x/colormap/resources.time.txt	108	cf8b19c9b5a0233ec36e8a64a0f8ad81060837e5a8f2d13192590fd2c6d4fd62
runs/30strains_legacy_30x/30strains_legacy_30x_colormap_original/output/short_30x/colormap/metaquast.ambiguity9999/combined_reference/report.tsv	1028	f69b360b916bbfbc7b8e1b0237b9826383554c1330675b8e0d497cec12e40370
runs/30strains_legacy_30x/30strains_legacy_30x_dadec_dev_fix_a_k31_k31_s1_a2_a1/benchmark/provenance.json	2260	1600e020f0320fcf044e7e7f1127d38f0e820033f03388dfd695e237e5f7fdaa
runs/30strains_legacy_30x/30strains_legacy_30x_dadec_dev_fix_a_k31_k31_s1_a2_a1/benchmark/short_30x/dadec/resources.time.txt	107	b3c9d8b56e5a3e3ac3f68422f381b7976b9cd507a03d50f1ad87a76f1bbd2922
runs/30strains_legacy_30x/30strains_legacy_30x_dadec_dev_fix_a_k31_k31_s1_a2_a1/output/short_30x/dadec/metaquast.ambiguity9999/combined_reference/report.tsv	1035	54fec22a9a7e844025164a340937b13bb67d3918d46b29c09db680533d33b0d5
runs/30strains_legacy_30x/30strains_legacy_30x_f_hero_original_k21_k59_hs10_hi1/benchmark/provenance.json	2529	9e61805efbdf2963e34c0abb0a624431dc539d674678b0884a7a4cdfba7b13c1
runs/30strains_legacy_30x/30strains_legacy_30x_f_hero_original_k21_k59_hs10_hi1/benchmark/short_30x/f_hero/resources.time.txt	106	c0fe448611f3c847298d2b98252cd0d5b51229017ab57ffd3755a2d13105c8a8
runs/30strains_legacy_30x/30strains_legacy_30x_f_hero_original_k21_k59_hs10_hi1/output/short_30x/f_hero/metaquast.ambiguity9999/combined_reference/report.tsv	1028	5cbb5f069f144b9a9dcd0c8678fce37c18f517c25daa7a03ed1ae20fed3ef4ab
runs/30strains_legacy_30x/30strains_legacy_30x_fmlrc_original_k21_k59/benchmark/provenance.json	2360	73b15668568bcd5efdf8dc75cd145e535016acc0bd7326a16d9133018c3705bd
runs/30strains_legacy_30x/30strains_legacy_30x_fmlrc_original_k21_k59/benchmark/short_30x/fmlrc/resources.time.txt	102	65d1be1c9eada29e0b91f5920511f86ee39bd13d67b3ea9c03237da6c6bc3e08
runs/30strains_legacy_30x/30strains_legacy_30x_fmlrc_original_k21_k59/output/short_30x/fmlrc/metaquast.ambiguity9999/combined_reference/report.tsv	1028	063c0ff5fb48341f5bdb4c43e6b954fabae58c10743a001969d69bc26a96b303
runs/30strains_legacy_30x/30strains_legacy_30x_l_hero_original_k31_ls5_hs10_hi1/benchmark/provenance.json	2400	517bb020e29098bf9348f562fc35e2b775ea3cff53fa02777012d78566886dbb
runs/30strains_legacy_30x/30strains_legacy_30x_l_hero_original_k31_ls5_hs10_hi1/benchmark/short_30x/l_hero/resources.time.txt	118	14583271b7194ea43d8d6b1a15cbc52ced76b410362c9da8fdee991e80c83289
runs/30strains_legacy_30x/30strains_legacy_30x_l_hero_original_k31_ls5_hs10_hi1/output/short_30x/l_hero/metaquast.ambiguity9999/combined_reference/report.tsv	1027	728e9c9832f385bdae26079b4902541d6751be7c875e61cb43344041b5e3294c
runs/30strains_legacy_30x/30strains_legacy_30x_lordec_original_k31_ls5/benchmark/provenance.json	2236	4906663618e216c3c37759b5575047357c6087035c77d20395576427206ec38c
runs/30strains_legacy_30x/30strains_legacy_30x_lordec_original_k31_ls5/benchmark/short_30x/lordec/resources.time.txt	103	9b2185a9803f67fb583acdf781cbdeb72f1676480892a8fed0aadfdfb147ed0c
runs/30strains_legacy_30x/30strains_legacy_30x_lordec_original_k31_ls5/output/short_30x/lordec/metaquast.ambiguity9999/combined_reference/report.tsv	1026	ba32c03a5e8da44e4a12f385ce0b9990b4b9a49d6110cd688386b1acf6321012
runs/30strains_legacy_30x/30strains_legacy_30x_proovread_original/benchmark/provenance.json	2222	b3616df51bd70a02b68b0f478796c72bf1fb090b741df9d181c1deae96586465
runs/30strains_legacy_30x/30strains_legacy_30x_proovread_original/benchmark/short_30x/proovread/resources.time.txt	109	12822a61bf0bc4db2dc2ce07dd5f104f23ebd4da5a3f6e317e58deac86d488f6
runs/30strains_legacy_30x/30strains_legacy_30x_proovread_original/output/short_30x/proovread/metaquast.ambiguity9999/combined_reference/report.tsv	1011	bcb04d0ed5a0b791e60a3de012242b901045834c82ffd9d63bd948cc8ebca0fb
runs/30strains_legacy_30x/30strains_legacy_30x_r_hero_original_k21_k31_hs10_hi1/benchmark/provenance.json	2386	9e4327bc601ed89fa16924b937cccb89798720cbb0a9e336d1b654436e212fdf
runs/30strains_legacy_30x/30strains_legacy_30x_r_hero_original_k21_k31_hs10_hi1/benchmark/short_30x/r_hero/resources.time.txt	117	6769da05aa221b9d59d9c620c0942fa06aaaa17c03fc2846d92bf17be2f8dc77
runs/30strains_legacy_30x/30strains_legacy_30x_r_hero_original_k21_k31_hs10_hi1/output/short_30x/r_hero/metaquast.ambiguity9999/combined_reference/report.tsv	1021	c4a04237bad6c900a0e50f2522699605fa1193c6d9a8cb9909e271b2df492059
runs/30strains_legacy_30x/30strains_legacy_30x_ratatosk_original_k21_k31/benchmark/provenance.json	2232	a407f4b7851375782bfc5e7a44d7ef173fa6be6d43a666f343a073a55d7e2267
runs/30strains_legacy_30x/30strains_legacy_30x_ratatosk_original_k21_k31/benchmark/short_30x/ratatosk/resources.time.txt	106	374b2c17f7bcac0a59fb2ab505c3a58eed7f1e765b1ceee50cd1e89b6e3924d4
runs/30strains_legacy_30x/30strains_legacy_30x_ratatosk_original_k21_k31/output/short_30x/ratatosk/metaquast.ambiguity9999/combined_reference/report.tsv	1024	ecc1cde329f22bfa522c73a763c0bd8bdd3716b807ad38f8de5aa04432dd14aa
runs/30strains_legacy_40x/30strains_legacy_40x_colormap_original/benchmark/provenance.json	2218	7d3c4f4f92e6c32becee286bc954841fc9833e7445c90390ad2f886c55eca405
runs/30strains_legacy_40x/30strains_legacy_40x_colormap_original/benchmark/short_40x/colormap/resources.time.txt	108	8ae2f9423f2c1de40d4deabcae3971d0667dd3e9518385fed80117c9454fecac
runs/30strains_legacy_40x/30strains_legacy_40x_colormap_original/output/short_40x/colormap/metaquast.ambiguity9999/combined_reference/report.tsv	1028	43ee3f1bb2198af8b09900656c1cc4c0f886fb48c7274ab62c565ad3723ff2be
runs/30strains_legacy_40x/30strains_legacy_40x_dadec_dev_fix_a_k31_k31_s1_a2_a1/benchmark/provenance.json	2260	ec7c4996ae47ae089c185ab49256f2a933c19af6f7374f4f9e2c749a123b16a3
runs/30strains_legacy_40x/30strains_legacy_40x_dadec_dev_fix_a_k31_k31_s1_a2_a1/benchmark/short_40x/dadec/resources.time.txt	108	ebbf1850c3f80651f96f3c0985a1321bf4cb5ec344e6c44895d3eff44fe23871
runs/30strains_legacy_40x/30strains_legacy_40x_dadec_dev_fix_a_k31_k31_s1_a2_a1/output/short_40x/dadec/metaquast.ambiguity9999/combined_reference/report.tsv	1034	426fb7ea76ccff2ca4a0511a443cf5f455dcd7456d8eb1942b49957d23fb7050
runs/30strains_legacy_40x/30strains_legacy_40x_f_hero_original_k21_k59_hs10_hi1/benchmark/provenance.json	2116	28d93428f581694284445007a42439f58d5901f01af725b5f25b1a74d4d791eb
runs/30strains_legacy_40x/30strains_legacy_40x_f_hero_original_k21_k59_hs10_hi1/output/short_40x/f_hero/metaquast.ambiguity9999/combined_reference/report.tsv	1025	73c7698f5a3132d20a5c0601534989c1641af43efd251168880e66a510052cd8
runs/30strains_legacy_40x/30strains_legacy_40x_fmlrc_original_k21_k59/benchmark/provenance.json	2360	1f4675c4026a00ce7f48ab3aa7e489ef212c981192a09d55454355e101806167
runs/30strains_legacy_40x/30strains_legacy_40x_fmlrc_original_k21_k59/benchmark/short_40x/fmlrc/resources.time.txt	102	ae2a7f059ccd0e59e920d12bf14ce4f5c094dc50b35c6ea6e24a158e1ec58d62
runs/30strains_legacy_40x/30strains_legacy_40x_fmlrc_original_k21_k59/output/short_40x/fmlrc/metaquast.ambiguity9999/combined_reference/report.tsv	1028	3824e08118bf95f7f537049b5655572fa6c216b7c07ef01ef295ce1469ecfa61
runs/30strains_legacy_40x/30strains_legacy_40x_l_hero_original_k31_ls5_hs10_hi1/benchmark/provenance.json	2116	031ba42f56f22e0dc1f910922302e2db1cfe7b3d500e96a61ffcdea1bb0f1be2
runs/30strains_legacy_40x/30strains_legacy_40x_l_hero_original_k31_ls5_hs10_hi1/output/short_40x/l_hero/metaquast.ambiguity9999/combined_reference/report.tsv	1023	98dadc31389dcb614fb1db2ba24a7ea01e5e151144c0f9070576cb5ba96e1fa4
runs/30strains_legacy_40x/30strains_legacy_40x_lordec_original_k31_ls5/benchmark/provenance.json	2236	d12144b7f16839b796c0ca4b7745271780503c0a46ec952124cfc2f1b5835ba0
runs/30strains_legacy_40x/30strains_legacy_40x_lordec_original_k31_ls5/benchmark/short_40x/lordec/resources.time.txt	103	809385c315ab6d1422c04404083c8d0ccbf588abea6eb173133fcb0e393bdf80
runs/30strains_legacy_40x/30strains_legacy_40x_lordec_original_k31_ls5/output/short_40x/lordec/metaquast.ambiguity9999/combined_reference/report.tsv	1026	9557ab681ac37674b36212dc9572f9bd3ca5c4494fea8207c1b8c1e71693a6ac
runs/30strains_legacy_40x/30strains_legacy_40x_proovread_original/benchmark/provenance.json	2222	ed7cec503264b441477ec99d405d83ac880c7ef6dbdbb35a11fec754b8c9f128
runs/30strains_legacy_40x/30strains_legacy_40x_proovread_original/benchmark/short_40x/proovread/resources.time.txt	109	957049846eb93b707c3902c75f759a93e189dc615cdae6595036a6c55e9d3923
runs/30strains_legacy_40x/30strains_legacy_40x_proovread_original/output/short_40x/proovread/metaquast.ambiguity9999/combined_reference/report.tsv	1018	e79f3a584bb81082a9ca3655cb40d23441d3e801f7905d54e741080468d1f755
runs/30strains_legacy_40x/30strains_legacy_40x_r_hero_original_k21_k31_hs10_hi1/benchmark/provenance.json	2116	d1d82e0047b3a51f4486c974e656d24866f0980daf0922e469049b94f44657c3
runs/30strains_legacy_40x/30strains_legacy_40x_r_hero_original_k21_k31_hs10_hi1/output/short_40x/r_hero/metaquast.ambiguity9999/combined_reference/report.tsv	1019	27d1bbc8f546bd7c8c09372e1393e66395cf19c5e052a9b036b12d60b276b0ee
runs/30strains_legacy_40x/30strains_legacy_40x_ratatosk_original_k21_k31/benchmark/provenance.json	2232	6b3835054ced1247055d1e0931bde4fd0eb77959f8997c5c799faaa529ab5ff3
runs/30strains_legacy_40x/30strains_legacy_40x_ratatosk_original_k21_k31/benchmark/short_40x/ratatosk/resources.time.txt	107	334a93d1f8a20fe93d755f96bedc1e4fb857f0623acb71c45eff8b5a357d00c8
runs/30strains_legacy_40x/30strains_legacy_40x_ratatosk_original_k21_k31/output/short_40x/ratatosk/metaquast.ambiguity9999/combined_reference/report.tsv	1024	ca706ee3a6b176f3d0d359f141a043b56f8ce80869efb544fc2b2a401ec60908
runs/30strains_legacy_50x/30strains_legacy_50x_colormap_original/benchmark/provenance.json	2218	43884792108765c570479e2ed723019be580ab6c0a4504bc1afec78f75a71125
runs/30strains_legacy_50x/30strains_legacy_50x_colormap_original/benchmark/short_50x/colormap/resources.time.txt	108	96c178cdf133b9819dea735908893c6a40365e87925d9362d8fb644351aa55d8
runs/30strains_legacy_50x/30strains_legacy_50x_colormap_original/output/short_50x/colormap/metaquast.ambiguity9999/combined_reference/report.tsv	1028	52f24191304f5564a934e340198b8f4c930cfd96a35b86ef70756e9a6a6ec9e9
runs/30strains_legacy_50x/30strains_legacy_50x_dadec_dev_fix_a_k31_k31_s1_a2_a1/benchmark/provenance.json	2260	0f063fff247380d88456932b6863595a8fb5a63dd763d570c3c63f41a1f5ebdd
runs/30strains_legacy_50x/30strains_legacy_50x_dadec_dev_fix_a_k31_k31_s1_a2_a1/benchmark/short_50x/dadec/resources.time.txt	109	d68eae1d9574b6263ed3c7072cdc0af0d2ede6d66415106da85a44b15ac6fc3c
runs/30strains_legacy_50x/30strains_legacy_50x_dadec_dev_fix_a_k31_k31_s1_a2_a1/output/short_50x/dadec/metaquast.ambiguity9999/combined_reference/report.tsv	1034	b4824c4cfd3a238f839913e9fef47a13464c2bada03ddefac5273f96c57938ad
runs/30strains_legacy_50x/30strains_legacy_50x_f_hero_original_k21_k59_hs10_hi1/benchmark/provenance.json	2116	faa8a731690571229550ca952e19154803ad8801aaf429246eb1f0c9703d39cd
runs/30strains_legacy_50x/30strains_legacy_50x_f_hero_original_k21_k59_hs10_hi1/output/short_50x/f_hero/metaquast.ambiguity9999/combined_reference/report.tsv	1023	ca24ede25db8c10387229932976b38c30e379a347c1583262e2511a3f6e3ac66
runs/30strains_legacy_50x/30strains_legacy_50x_fmlrc_original_k21_k59/benchmark/provenance.json	2360	66442b89bc1b0a029f7a50d64308d2a12279c5767bd87414cdb4b86a92f0a7cf
runs/30strains_legacy_50x/30strains_legacy_50x_fmlrc_original_k21_k59/benchmark/short_50x/fmlrc/resources.time.txt	103	9cf2a28015ba1ea2beed6ed9e2a0e3ea3e89a105b7f564f478939e8ebea49cbc
runs/30strains_legacy_50x/30strains_legacy_50x_fmlrc_original_k21_k59/output/short_50x/fmlrc/metaquast.ambiguity9999/combined_reference/report.tsv	1027	5ac6771136bed4e35c9580cc91b85a5dbaf471688fdd5de1beb794acb837e57d
runs/30strains_legacy_50x/30strains_legacy_50x_l_hero_original_k31_ls5_hs10_hi1/benchmark/provenance.json	2116	e75702ce1f9942707bf29ced44423e1ece7672fc7bc76ecf9d6542e704ff5265
runs/30strains_legacy_50x/30strains_legacy_50x_l_hero_original_k31_ls5_hs10_hi1/output/short_50x/l_hero/metaquast.ambiguity9999/combined_reference/report.tsv	1023	27e6a3c961a46440fc9daad4202f2460221dae756d2ea797f4d87f6b40e903b0
runs/30strains_legacy_50x/30strains_legacy_50x_lordec_original_k31_ls5/benchmark/provenance.json	2236	ad62fe713618f5a5b60287a50598b535913ac5ffafc17cb070b7ac3775a8f48c
runs/30strains_legacy_50x/30strains_legacy_50x_lordec_original_k31_ls5/benchmark/short_50x/lordec/resources.time.txt	103	e4ff74f991ca06a89d31f889eb25bb16bd22ca2021906e886c486d294e5c3636
runs/30strains_legacy_50x/30strains_legacy_50x_lordec_original_k31_ls5/output/short_50x/lordec/metaquast.ambiguity9999/combined_reference/report.tsv	1026	b396976ccdb56249601c05413e9caed4f0b7742f67d47daa2b06888c424528bc
runs/30strains_legacy_50x/30strains_legacy_50x_proovread_original/benchmark/provenance.json	2222	459f27c7bf85d409b422880099ee0a56701ebf902c410332f62df2d19a5f4e89
runs/30strains_legacy_50x/30strains_legacy_50x_proovread_original/benchmark/short_50x/proovread/resources.time.txt	108	79c5052d33b51efbaf66a876b51561d60fb9afbd8a0d369366919ad444e0d9d7
runs/30strains_legacy_50x/30strains_legacy_50x_proovread_original/output/short_50x/proovread/metaquast.ambiguity9999/combined_reference/report.tsv	1015	8e87c648790661ad363af6b083e6c82f4e7b29421a706a19f6f1b68e8a0ff8e6
runs/30strains_legacy_50x/30strains_legacy_50x_r_hero_original_k21_k31_hs10_hi1/benchmark/provenance.json	2116	c0e519583109ff961e86d2296f2f01b65a71f5cd1cbdb656d4190c2d74f4afc2
runs/30strains_legacy_50x/30strains_legacy_50x_r_hero_original_k21_k31_hs10_hi1/output/short_50x/r_hero/metaquast.ambiguity9999/combined_reference/report.tsv	1020	99a0bd636edfe73d6686ad3cd899094d2ee62e7af626c40ed82071946fc29175
runs/30strains_legacy_50x/30strains_legacy_50x_ratatosk_original_k21_k31/benchmark/provenance.json	2232	5512d46961d58005942ae49fb5d52b2bb2a23cd4282955dc5a806070126008ca
runs/30strains_legacy_50x/30strains_legacy_50x_ratatosk_original_k21_k31/benchmark/short_50x/ratatosk/resources.time.txt	108	ec6068f90708b0fe07f2b0700f94ba23a21e8bc4cfe013013e154b9256b9cceb
runs/30strains_legacy_50x/30strains_legacy_50x_ratatosk_original_k21_k31/output/short_50x/ratatosk/metaquast.ambiguity9999/combined_reference/report.tsv	1025	982ad96bacb0b79750de35ea6e848127ff01bcf444d2ab444d22acd580842783
runs/arabidopsis_10x/arabidopsis_10x_colormap_original/benchmark/provenance.json	1767	eaebaf35a451e32eac5de5f58201d42f2d7a3f122b40d09a0c4d6fad0ecb1646
runs/arabidopsis_10x/arabidopsis_10x_colormap_original/benchmark/short_10x/colormap/resources.time.txt	107	6572dc6def7ed91db2a0ed355a365ad34d2dc1f0018426ffcc3abbd0eeff9865
runs/arabidopsis_10x/arabidopsis_10x_colormap_original/output/short_10x/colormap/quast/report.tsv	1214	75a5e0272c80ca46efc436adab48d3be3c7a7b4ebd69f39f9afa03a1eb21b0e7
runs/arabidopsis_10x/arabidopsis_10x_dadec_dev_fix_a_k39_k39_s1_a2_a1_t0p1/benchmark/provenance.json	1881	5689c7a31f391be411f45a8e129a53f10d8ff0938280166e32785fa87f87fc4d
runs/arabidopsis_10x/arabidopsis_10x_dadec_dev_fix_a_k39_k39_s1_a2_a1_t0p1/benchmark/short_10x/dadec/resources.time.txt	107	08345165e8eec5951210bf62ed2073b88594a814a8beb127ec1440a25bd04e60
runs/arabidopsis_10x/arabidopsis_10x_dadec_dev_fix_a_k39_k39_s1_a2_a1_t0p1/output/short_10x/dadec/quast/report.tsv	1208	5083d19d2d0f2aa78468fda40db554eabc1894776d692a8fa80bb126bcc3452f
runs/arabidopsis_10x/arabidopsis_10x_f_hero_original_k21_k59_hs10_hi3/benchmark/provenance.json	2064	117c6a2f2406e3fb665cf0d8a63ca677b95ad3c9506bde8578ee7ad6f2515716
runs/arabidopsis_10x/arabidopsis_10x_f_hero_original_k21_k59_hs10_hi3/benchmark/short_10x/f_hero/resources.time.txt	119	12a7f0aff41f676e419f4c9b045277d197cdff247c4aa4b312310cbe1f70a623
runs/arabidopsis_10x/arabidopsis_10x_f_hero_original_k21_k59_hs10_hi3/output/short_10x/f_hero/quast/report.tsv	1204	911b0a1e991a40997ca8ad4382eabb042f5747bfaf4da0982e3fde4a136d1ad8
runs/arabidopsis_10x/arabidopsis_10x_fmlrc_original_k21_k59/benchmark/provenance.json	1909	aa910bd5d8c4f464a97ebdb9e0b9a152a02f1d1f0824087fb7043fc588218325
runs/arabidopsis_10x/arabidopsis_10x_fmlrc_original_k21_k59/benchmark/short_10x/fmlrc/resources.time.txt	103	44ec65384a0cdda796c0e6d5786eb7386096a02aff1b672c18c443242754b103
runs/arabidopsis_10x/arabidopsis_10x_fmlrc_original_k21_k59/output/short_10x/fmlrc/quast/report.tsv	1206	fc3cb971a53b2507452b8c543aa02fcba3ca81e48cd5af8941692c46ff121187
runs/arabidopsis_10x/arabidopsis_10x_l_hero_original_k21_ls5_hs10_hi3/benchmark/provenance.json	1935	bdfbe5328435a06023f93c01dbe83355e2d7031ab1abfcbef279dc5dfb6d4866
runs/arabidopsis_10x/arabidopsis_10x_l_hero_original_k21_ls5_hs10_hi3/benchmark/short_10x/l_hero/resources.time.txt	119	17c53cb1e63758e24bce5aac2331aa200d4c168c7409b27c4f704313c195be9c
runs/arabidopsis_10x/arabidopsis_10x_l_hero_original_k21_ls5_hs10_hi3/output/short_10x/l_hero/quast/report.tsv	1202	1596c2db25619d001ec3f018684ff8ebd69aa9f6efc834cc4e47a3e5e3229a46
runs/arabidopsis_10x/arabidopsis_10x_lordec_original_k21_ls5/benchmark/provenance.json	1785	d14a54a6749e9e04f54a5576eb886f87737e416931ca6c2769fcb02b6f0e8f55
runs/arabidopsis_10x/arabidopsis_10x_lordec_original_k21_ls5/benchmark/short_10x/lordec/resources.time.txt	105	4287cda4db943269ea7f0d723eb165ae5096f339d88881f004560865e3c61541
runs/arabidopsis_10x/arabidopsis_10x_lordec_original_k21_ls5/output/short_10x/lordec/quast/report.tsv	1209	ed297af5dbea5197410f0da643050e27a56c5b764fd5b5455b6151039affab27
runs/arabidopsis_10x/arabidopsis_10x_proovread_original/benchmark/provenance.json	1771	086641d80106a7442df1937ce48e44ee3af5180410ab1f1f6acf028cf62c1a25
runs/arabidopsis_10x/arabidopsis_10x_proovread_original/benchmark/short_10x/proovread/resources.time.txt	111	9e1f9c7a6efdb7c031851a40b347eb0a1b65d973361a604bef68d1fc2b799791
runs/arabidopsis_10x/arabidopsis_10x_proovread_original/output/short_10x/proovread/quast/report.tsv	1207	0d5194c63afc2599213c2fd6f0424d5e8043ea7fcdaa2fcf429395faad08cec0
runs/arabidopsis_10x/arabidopsis_10x_r_hero_original_k31_k63_hs10_hi3/benchmark/provenance.json	1920	b82c7f2ec07ee8d49d5fb819742f3cae7eda4ff59864b0b96cd7da7cf42bd1d5
runs/arabidopsis_10x/arabidopsis_10x_r_hero_original_k31_k63_hs10_hi3/benchmark/short_10x/r_hero/resources.time.txt	110	f93cf5f1a58bdcf3acf4d7f6b371fb5b029aa552ea980bad12b3cef0a6c2a05f
runs/arabidopsis_10x/arabidopsis_10x_r_hero_original_k31_k63_hs10_hi3/output/short_10x/r_hero/quast/report.tsv	1202	139368cea44880895822564ba20b5774dc6e46f5c3c1e333953163887a45ce9c
runs/arabidopsis_10x/arabidopsis_10x_ratatosk_original_k21_k63/benchmark/provenance.json	1781	9646522f4bda00b611fcc50f3a1535c81aefd5accdacaf8e69054e13bb76ec38
runs/arabidopsis_10x/arabidopsis_10x_ratatosk_original_k21_k63/benchmark/short_10x/ratatosk/resources.time.txt	106	e2d8cff8d4b3f5d1c6c45c601abe8c5dbfcf29b94a7dfb3cb6aafa34df5b39a2
runs/arabidopsis_10x/arabidopsis_10x_ratatosk_original_k21_k63/output/short_10x/ratatosk/quast/report.tsv	1204	88bc3d10f976b98bd8b1d68266dd6b7ed67c66a936030728e8f0cca146e73af1
runs/arabidopsis_20x/arabidopsis_20x_colormap_original/benchmark/provenance.json	1793	d82e84a55926a9e1d113afc6c81949cdcfc37a8645772d59ae81289cccdf98d9
runs/arabidopsis_20x/arabidopsis_20x_colormap_original/benchmark/short_20x/colormap/resources.time.txt	109	161135a8491d9fc14ac0fd6e0b3635dac0f22ca92381d3337140a6313a226d58
runs/arabidopsis_20x/arabidopsis_20x_colormap_original/output/short_20x/colormap/quast/report.tsv	1201	4653a4110fcafe1f49ef89f5fe094cb209e6f53bbc69278083ff9045be6e1074
runs/arabidopsis_20x/arabidopsis_20x_dadec_dev_fix_a_k39_k39_s1_a2_a1_t0p1/benchmark/provenance.json	1881	8db4cf79905de4105fce675b1379999d2a4f80bd9eb081467cf5844f0f4ea59f
runs/arabidopsis_20x/arabidopsis_20x_dadec_dev_fix_a_k39_k39_s1_a2_a1_t0p1/benchmark/short_20x/dadec/resources.time.txt	107	9c9ee83c841fbf440a8edef2f252ae9e67be4ca34f0485697cff8b3b8cdf9ffc
runs/arabidopsis_20x/arabidopsis_20x_dadec_dev_fix_a_k39_k39_s1_a2_a1_t0p1/output/short_20x/dadec/quast/report.tsv	1208	b8c5bda8dbcf289b5589f5828d5c569ca8178ce452b928d67df802ef8d4c63bb
runs/arabidopsis_20x/arabidopsis_20x_f_hero_original_k21_k59_hs10_hi3/benchmark/provenance.json	2090	e17ddac19c63bcbaa3d9521089a04243844a42e39797a56d1c887a31539c722b
runs/arabidopsis_20x/arabidopsis_20x_f_hero_original_k21_k59_hs10_hi3/benchmark/short_20x/f_hero/resources.time.txt	120	69116e45cdbac8410ed2164af501c7a8e2a19e56f93ffb86e6f9ac8c0bf79306
runs/arabidopsis_20x/arabidopsis_20x_f_hero_original_k21_k59_hs10_hi3/output/short_20x/f_hero/quast/report.tsv	1194	68eaf6e05cb0eb53b468d233f767fb55f8206b4c808991ed1b47eb1cb848892a
runs/arabidopsis_20x/arabidopsis_20x_fmlrc_original_k21_k59/benchmark/provenance.json	1935	2d807a61985bfc49df4f3a818125a941442c08c3df4a5e7872a5c512b54430e1
runs/arabidopsis_20x/arabidopsis_20x_fmlrc_original_k21_k59/benchmark/short_20x/fmlrc/resources.time.txt	104	2c3a73ec6d46d2f26582093e450daf14dcc7c03c1b7adf08916de884d0af04e8
runs/arabidopsis_20x/arabidopsis_20x_fmlrc_original_k21_k59/output/short_20x/fmlrc/quast/report.tsv	1215	aca88407c44c0b3dbff3739cc6f70e1bb2e6876baf5dcf3654d8763dcb3d0dc1
runs/arabidopsis_20x/arabidopsis_20x_l_hero_original_k21_ls5_hs10_hi1/benchmark/provenance.json	1961	c08a58795452920722bf17e2c9da528cedac86ead5458fb3363d61b524cbc111
runs/arabidopsis_20x/arabidopsis_20x_l_hero_original_k21_ls5_hs10_hi1/benchmark/short_20x/l_hero/resources.time.txt	110	25b7ecc5fdfae2f17bfabaffdc30cd549be416aa54705196a3347b5ff833432a
runs/arabidopsis_20x/arabidopsis_20x_l_hero_original_k21_ls5_hs10_hi1/output/short_20x/l_hero/quast/report.tsv	1210	eff6a627172f923dd4bd84e69ac538672ae0f66f2bc0842d2a2d27e840118ae9
runs/arabidopsis_20x/arabidopsis_20x_lordec_original_k21_ls5/benchmark/provenance.json	1811	36521a9e37bb33faf6cd61e5bced8e0a95f60870269c35a421d6a2ca416275bb
runs/arabidopsis_20x/arabidopsis_20x_lordec_original_k21_ls5/benchmark/short_20x/lordec/resources.time.txt	106	3c0e2e96233977b52e8d387f0969a6cceb9a27fc0b54222d85d145ef16b36559
runs/arabidopsis_20x/arabidopsis_20x_lordec_original_k21_ls5/output/short_20x/lordec/quast/report.tsv	1214	86e60222a38f9c3184f69e7e92f1b3cd052745cc24dea17bdc359612b28a2397
runs/arabidopsis_20x/arabidopsis_20x_proovread_original/benchmark/provenance.json	1843	bf50e139152d71a2ca5ee52298b32485c7a6a7eea378752a8214e92991556f46
runs/arabidopsis_20x/arabidopsis_20x_proovread_original/benchmark/short_20x/proovread/resources.time.txt	113	f3e4655361a7e077694e418f9536a5a13da26631a51f4627d3d7c4b7412078d1
runs/arabidopsis_20x/arabidopsis_20x_proovread_original/output/short_20x/proovread/quast/report.tsv	1201	11f3adbb66564f2794564005ea492ddaca569e7dea3f27195f18a70b2a82be5c
runs/arabidopsis_20x/arabidopsis_20x_r_hero_original_k31_k63_hs10_hi1/benchmark/provenance.json	1947	b5b8ad084073b63c46259a15e8d2da8b74fb5dd9e8d9d7f6ee34eead64a51a02
runs/arabidopsis_20x/arabidopsis_20x_r_hero_original_k31_k63_hs10_hi1/benchmark/short_20x/r_hero/resources.time.txt	109	25da46f4348aa1286c4bdb0b7eab6b23975997decae5aee62f362b002f9135e2
runs/arabidopsis_20x/arabidopsis_20x_r_hero_original_k31_k63_hs10_hi1/output/short_20x/r_hero/quast/report.tsv	1195	dfc7fd801a670312e02d23377d450b1f1704af91e98342ca15abbee00666da3a
runs/arabidopsis_20x/arabidopsis_20x_ratatosk_original_k31_k63/benchmark/provenance.json	1807	0fcfdb4cf3a7e7eb23c9db2f34f001a027a6060b1d4bba07a8b780b61cb4c58c
runs/arabidopsis_20x/arabidopsis_20x_ratatosk_original_k31_k63/benchmark/short_20x/ratatosk/resources.time.txt	106	7df916e621feb68bdbf55401f13f93692e29e2f5ae304efa846b81add8aa6666
runs/arabidopsis_20x/arabidopsis_20x_ratatosk_original_k31_k63/output/short_20x/ratatosk/quast/report.tsv	1197	af7340e42840fa85ac40eb748ef89dc47abb1c302dccff22b8161e9400830ff6
runs/arabidopsis_30x/arabidopsis_30x_colormap_original/benchmark/provenance.json	1793	854c39ee55f63327959e520848d3e1a700c9e2efd0df801674208fcc351a0e3c
runs/arabidopsis_30x/arabidopsis_30x_colormap_original/benchmark/short_30x/colormap/resources.time.txt	109	b372b13e85bad612d5860a87a4e8cee408c0608475bc6d356fee178bd23888ba
runs/arabidopsis_30x/arabidopsis_30x_colormap_original/output/short_30x/colormap/quast/report.tsv	1214	c7d62d0bfd438c642cf59e20dff06b9f8e69ed564c7c717a7d71a4a51e1e18ab
runs/arabidopsis_30x/arabidopsis_30x_dadec_dev_fix_a_k39_k39_s10_a3_a2_t0p1/benchmark/provenance.json	1839	d7e2334038202fd2d29969322e520fc3eb3ea72b3f2bac443a184056a92050ad
runs/arabidopsis_30x/arabidopsis_30x_dadec_dev_fix_a_k39_k39_s10_a3_a2_t0p1/benchmark/short_30x/dadec/resources.time.txt	107	4ba562526f1862e079fdd3a9fc07de031b5c87cf136638b7523be33923c1b7bd
runs/arabidopsis_30x/arabidopsis_30x_dadec_dev_fix_a_k39_k39_s10_a3_a2_t0p1/output/short_30x/dadec/quast/report.tsv	1220	e7e509a966f4caab76531770add81bb9d3646d8ac204204af7934733c60a0778
runs/arabidopsis_30x/arabidopsis_30x_f_hero_original_k21_k59_hs10_hi1/benchmark/provenance.json	2090	5e070d472c52c32b2eeea9be8969243805b171fdce23c3d44da2ca4a09cfcd77
runs/arabidopsis_30x/arabidopsis_30x_f_hero_original_k21_k59_hs10_hi1/benchmark/short_30x/f_hero/resources.time.txt	110	a5f507c4ad54e35c09b2ed549d219ff43b190649ee9012ddb9050753d6546e1b
runs/arabidopsis_30x/arabidopsis_30x_f_hero_original_k21_k59_hs10_hi1/output/short_30x/f_hero/quast/report.tsv	1217	fdfd9b6d9038e4ec0a5c6475bc9d84334203f4f6b1963c2fb0f661408af737a8
runs/arabidopsis_30x/arabidopsis_30x_fmlrc_original_k21_k59/benchmark/provenance.json	1935	6b5c10064a6fa3d8c28fe068e2ca940654215c7de0cc20bf6887ce4f4a55225d
runs/arabidopsis_30x/arabidopsis_30x_fmlrc_original_k21_k59/benchmark/short_30x/fmlrc/resources.time.txt	103	be864bc7acdf72e7fc0a87b0b71747831151e5ca5d09478fbc22a922afe0aff2
runs/arabidopsis_30x/arabidopsis_30x_fmlrc_original_k21_k59/output/short_30x/fmlrc/quast/report.tsv	1214	a2c7b0f46f1ce743577a8a66f3886a0fb63216a8619c33a6bef8338130def1b5
runs/arabidopsis_30x/arabidopsis_30x_l_hero_original_k39_ls5_hs10_hi1/benchmark/provenance.json	1961	8dbb23090ae357c9c956473ed413f064ea8fde9994ce89ba849f97b337f4878e
runs/arabidopsis_30x/arabidopsis_30x_l_hero_original_k39_ls5_hs10_hi1/benchmark/short_30x/l_hero/resources.time.txt	120	7912e03b68710b7dc813d44aa2aa95fcf1fcc3a52622c9c4a385cffa98c512dc
runs/arabidopsis_30x/arabidopsis_30x_l_hero_original_k39_ls5_hs10_hi1/output/short_30x/l_hero/quast/report.tsv	1209	0a9c34b74a1bb644d7289ea803bc0b8ca3a8e178b211b291b7d9fb27cc80b233
runs/arabidopsis_30x/arabidopsis_30x_lordec_original_k39_ls5/benchmark/provenance.json	1811	27f4665e29feb4e6299c60a3e294cc7b57234b403b8e091b05a19635424f104e
runs/arabidopsis_30x/arabidopsis_30x_lordec_original_k39_ls5/benchmark/short_30x/lordec/resources.time.txt	105	9577070595fee6ff7ac761dae7f8fd8c1481d7002dd85b4328634642153509a0
runs/arabidopsis_30x/arabidopsis_30x_lordec_original_k39_ls5/output/short_30x/lordec/quast/report.tsv	1209	53f9a563a132b02d7d792c1bceb764278df1de947560dcdd1ee92bfaee6fd357
runs/arabidopsis_30x/arabidopsis_30x_proovread_original/benchmark/provenance.json	1797	245d68be80c0272d64ed6d0636d22f60f08c15e482d38820550b10be5db2f6ff
runs/arabidopsis_30x/arabidopsis_30x_proovread_original/benchmark/short_30x/proovread/resources.time.txt	114	33935239f0ae9b67106be24871127fda614c67fffdc5f7cdbcd256d067487363
runs/arabidopsis_30x/arabidopsis_30x_proovread_original/output/short_30x/proovread/quast/report.tsv	1215	af1ca36cb30307a3da1058919896ad48a414f13d84fa378273bec9f7e2061127
runs/arabidopsis_30x/arabidopsis_30x_r_hero_original_k21_k31_hs10_hi1/benchmark/provenance.json	1947	56057e2d74cc0f393d9ec4558f9b073c3ddd202d0c04a66e6f5b19b1337eba2d
runs/arabidopsis_30x/arabidopsis_30x_r_hero_original_k21_k31_hs10_hi1/benchmark/short_30x/r_hero/resources.time.txt	111	6d5f878746694fc1d5f45f45f07a1bb0e2fe8d8413442ac020882bf48e22ee2b
runs/arabidopsis_30x/arabidopsis_30x_r_hero_original_k21_k31_hs10_hi1/output/short_30x/r_hero/quast/report.tsv	1197	77400f32beaa070e868ff009d6330315308fea8141212b4bc82f73b95dca19c9
runs/arabidopsis_30x/arabidopsis_30x_ratatosk_original_k21_k31/benchmark/provenance.json	1807	b44ed1de5d0c17bc179440e318e728f780f668f944788fd04059696f7350f00b
runs/arabidopsis_30x/arabidopsis_30x_ratatosk_original_k21_k31/benchmark/short_30x/ratatosk/resources.time.txt	106	8bdfdebea8771fd07f10aee15d4b0886a8ca3f9d022118579441c00c74319c33
runs/arabidopsis_30x/arabidopsis_30x_ratatosk_original_k21_k31/output/short_30x/ratatosk/quast/report.tsv	1215	a40c16a540d6b951b9ec7b652bcfccc3ab9a39cda9653379fe5bedf1a25240c1
runs/arabidopsis_32x/arabidopsis_32x_colormap_original/benchmark/provenance.json	1770	ea02e9712384f494153ef53d0bca52e07f703745e99128c39d75c01839db814d
runs/arabidopsis_32x/arabidopsis_32x_colormap_original/benchmark/short_32x/colormap/resources.time.txt	109	0e4d66cc295056889d9aeb3e2fbf43f2f089fbeb8b0f96c32c004aa3de315766
runs/arabidopsis_32x/arabidopsis_32x_colormap_original/output/short_32x/colormap/quast/report.tsv	1214	9947aeeb33a7ca196f7d18a9a30d27dd4a39c53c0a3cbe1aa1a9fad8c94330d2
runs/arabidopsis_32x/arabidopsis_32x_dadec_dev_fix_a_k39_k39_s4_a3_a2_t0p1/benchmark/provenance.json	1837	01ea46a99e1dfa6d0e1c352314033d5fb46bfcfe0104617a71b8b5b25af6c809
runs/arabidopsis_32x/arabidopsis_32x_dadec_dev_fix_a_k39_k39_s4_a3_a2_t0p1/benchmark/short_32x/dadec/resources.time.txt	107	50aee4d82636591581e541d7367c737fec693dd10195154dcd43eb5cbcbc2a93
runs/arabidopsis_32x/arabidopsis_32x_dadec_dev_fix_a_k39_k39_s4_a3_a2_t0p1/output/short_32x/dadec/quast/report.tsv	1220	81e90740f70f77e1a8629784f5e3f9ae7ef2898c0a0b0a0f1159decf6063c62c
runs/arabidopsis_32x/arabidopsis_32x_f_hero_original_k21_k59_hs10_hi1/benchmark/provenance.json	2067	07c5b7fd84a08b7b56eaee1b60af45cc771899c5a2242ec00573811f62e2dfbd
runs/arabidopsis_32x/arabidopsis_32x_f_hero_original_k21_k59_hs10_hi1/benchmark/short_32x/f_hero/resources.time.txt	119	4bd5ce159b4498d87f9253145a97f5c3cd42b7ffe15746d4e0856df771fe5a53
runs/arabidopsis_32x/arabidopsis_32x_f_hero_original_k21_k59_hs10_hi1/output/short_32x/f_hero/quast/report.tsv	1215	c4781779c638d8444aae52fd6cae27f1b9d222e0177aa740feeec502f5709a46
runs/arabidopsis_32x/arabidopsis_32x_fmlrc_original_k21_k59/benchmark/provenance.json	1912	5a1292893d5533086333972f9cf47131b6045830abb0fe466a4a96ff9ed2cf78
runs/arabidopsis_32x/arabidopsis_32x_fmlrc_original_k21_k59/benchmark/short_32x/fmlrc/resources.time.txt	104	a62fcfb37e535af5898f893e17a070163f115f119ae2544d118f50a3cc9f9358
runs/arabidopsis_32x/arabidopsis_32x_fmlrc_original_k21_k59/output/short_32x/fmlrc/quast/report.tsv	1214	235b60b61486163131119b38b31643e0a88abfea60b1ba4c232c10604d5848f2
runs/arabidopsis_32x/arabidopsis_32x_l_hero_original_k39_ls5_hs10_hi1/benchmark/provenance.json	1938	88ebe86e3c931b73665ea05e19772d1e9872aea1ec0bf97fd57988b0aad99cd9
runs/arabidopsis_32x/arabidopsis_32x_l_hero_original_k39_ls5_hs10_hi1/benchmark/short_32x/l_hero/resources.time.txt	121	85da79438b9ef65769f712e9498c19a44e8f4288c026f158b7301c086413cdd1
runs/arabidopsis_32x/arabidopsis_32x_l_hero_original_k39_ls5_hs10_hi1/output/short_32x/l_hero/quast/report.tsv	1209	eb4d5311890aff1ca15406534bef2be8565ef9ccdf141344b5f5835a5d80d7af
runs/arabidopsis_32x/arabidopsis_32x_lordec_original_k39_ls5/benchmark/provenance.json	1788	d80d000f640d6e668ea36adde2940987951e40f8bd993871d9a69f2792e78ad5
runs/arabidopsis_32x/arabidopsis_32x_lordec_original_k39_ls5/benchmark/short_32x/lordec/resources.time.txt	105	72c43f5bf4edb636584982f5de95c462d8d60a3fe5f96504853026bb83e04bac
runs/arabidopsis_32x/arabidopsis_32x_lordec_original_k39_ls5/output/short_32x/lordec/quast/report.tsv	1209	4cefb0b2491d4665654d99eaaa8893605bcb8d4d7814b7a928608ffe8a5ab6bb
runs/arabidopsis_32x/arabidopsis_32x_proovread_original/benchmark/provenance.json	1774	e6f049a4dc8992153dc76b98859e39d9413d726bf9213acf16d3eaf959e9c650
runs/arabidopsis_32x/arabidopsis_32x_proovread_original/benchmark/short_32x/proovread/resources.time.txt	114	b76ef448bc5004eb9152349b6a86949bd552814a50739ad4c7ab3580c8c16c0d
runs/arabidopsis_32x/arabidopsis_32x_proovread_original/output/short_32x/proovread/quast/report.tsv	1215	f8ef5fa2aa5785dc447584c0914673be02a92fdf00875d3e7ddd20d5df6bf016
runs/arabidopsis_32x/arabidopsis_32x_r_hero_original_k21_k31_hs10_hi1/benchmark/provenance.json	1924	3a0963c73942316a17ab31d0e3250aadfdf16bd083a4fda11ed29bb5a43126b0
runs/arabidopsis_32x/arabidopsis_32x_r_hero_original_k21_k31_hs10_hi1/benchmark/short_32x/r_hero/resources.time.txt	112	522ba5de7df21f6f667f6abbbafb01a62df032bfc57a06e07c9a721ef2b290fd
runs/arabidopsis_32x/arabidopsis_32x_r_hero_original_k21_k31_hs10_hi1/output/short_32x/r_hero/quast/report.tsv	1216	0756d50b92549a06494124c3f44f4efb55568ba2cf9d74f9ed4ae142296777cf
runs/arabidopsis_32x/arabidopsis_32x_ratatosk_original_k21_k31/benchmark/provenance.json	1783	06911aa54260d915dc9218b3b42e21303dfad15663842760ce534654e7b43d53
runs/arabidopsis_32x/arabidopsis_32x_ratatosk_original_k21_k31/benchmark/short_32x/ratatosk/resources.time.txt	107	2476bbbaf7fe8296f1c504dea3f8a054ef108d9cae226e21986c7a6723a50b63
runs/arabidopsis_32x/arabidopsis_32x_ratatosk_original_k21_k31/output/short_32x/ratatosk/quast/report.tsv	1215	5b782033dd4c041bb46e6a809082ae56a747bc29afed7f7e1b2fdd22a0ced47d
runs/arabidopsis_5x/arabidopsis_5x_colormap_original/benchmark/provenance.json	1761	351284bbf48f35595a35c79cd01fecec6fd8198c1d2a01b8558d5ccdefc79362
runs/arabidopsis_5x/arabidopsis_5x_colormap_original/benchmark/short_5x/colormap/resources.time.txt	106	1d1d7a3eb7da4879fbd0683eff13b408b912ea0de86c69b6631ca1702a83e284
runs/arabidopsis_5x/arabidopsis_5x_colormap_original/output/short_5x/colormap/quast/report.tsv	1207	17d57fa1d257b5cc34967cd8b4dec4c4b0f2a4d3a7be5148115229ee25df0bdb
runs/arabidopsis_5x/arabidopsis_5x_dadec_dev_fix_a_k39_k39_s1_a2_a1_t0p1/benchmark/provenance.json	1875	c3f71bb9a3b8c0b3982ab0c1cde0e9974e506f7c7ae2dbc10deb4d918a16c029
runs/arabidopsis_5x/arabidopsis_5x_dadec_dev_fix_a_k39_k39_s1_a2_a1_t0p1/benchmark/short_5x/dadec/resources.time.txt	107	3105d7db639d922cd84450564f09b356f083ae3247ee0d3a660f85d9abcc432d
runs/arabidopsis_5x/arabidopsis_5x_dadec_dev_fix_a_k39_k39_s1_a2_a1_t0p1/output/short_5x/dadec/quast/report.tsv	1206	44a71e6dc0766290df655e8c54a3b8938d69521b85d566595f995c2f7bf4fd87
runs/arabidopsis_5x/arabidopsis_5x_f_hero_original_k21_k59_hs10_hi3/benchmark/provenance.json	2058	e1206e3d4b313b4e70bb1e60f79f00d725e28637868d2ef6fe2c2028d8e44d22
runs/arabidopsis_5x/arabidopsis_5x_f_hero_original_k21_k59_hs10_hi3/benchmark/short_5x/f_hero/resources.time.txt	110	06465008511c75dfd8dc6095ce11879ff2975a34025d7bf79bb256d52be5a5af
runs/arabidopsis_5x/arabidopsis_5x_f_hero_original_k21_k59_hs10_hi3/output/short_5x/f_hero/quast/report.tsv	1205	b2943000edb56b5c55d237fd9da2f90731fc75fa70a32ed7b292f5b48a8d1151
runs/arabidopsis_5x/arabidopsis_5x_fmlrc_original_k21_k59/benchmark/provenance.json	1903	4f3aff30f661b9517f2ff911ca1e041b0e91100acc069fc88988f582791be74d
runs/arabidopsis_5x/arabidopsis_5x_fmlrc_original_k21_k59/benchmark/short_5x/fmlrc/resources.time.txt	102	70137eff2c9d696d96f7c8fe164cd899cc9e8fc7e77c26ab3d72e8b99616180e
runs/arabidopsis_5x/arabidopsis_5x_fmlrc_original_k21_k59/output/short_5x/fmlrc/quast/report.tsv	1203	58d3ef1d2ee228282f2c9509f5f99d2c87b0c11ee6b59649c76221e7621b725f
runs/arabidopsis_5x/arabidopsis_5x_l_hero_original_k21_ls5_hs10_hi3/benchmark/provenance.json	1929	4e7e946ffb99b1328f716ccebfe52c771e40424d9b318bf89139b85daee115e3
runs/arabidopsis_5x/arabidopsis_5x_l_hero_original_k21_ls5_hs10_hi3/benchmark/short_5x/l_hero/resources.time.txt	110	80aee415b25dd82eeb99b7eb4442bc8ee86f35641154392234ae6a23d2047d45
runs/arabidopsis_5x/arabidopsis_5x_l_hero_original_k21_ls5_hs10_hi3/output/short_5x/l_hero/quast/report.tsv	1204	e1f8f1f68a940fb6edee87f968ce56f4379607ec636bd9bf94fe5732eb03545d
runs/arabidopsis_5x/arabidopsis_5x_lordec_original_k21_ls5/benchmark/provenance.json	1779	021e0dc37b15df3b3e448574c8f2796ab9977e562209486d0eb5008625a09175
runs/arabidopsis_5x/arabidopsis_5x_lordec_original_k21_ls5/benchmark/short_5x/lordec/resources.time.txt	104	ad383dc27fb2f4d6dc76d8a86028d13c83626c6814ba22eb079c37dd27d330dc
runs/arabidopsis_5x/arabidopsis_5x_lordec_original_k21_ls5/output/short_5x/lordec/quast/report.tsv	1204	2724362c3d965eaa84e4abef71008afdcca2dc555bf7946b7eedabd25464f5f2
runs/arabidopsis_5x/arabidopsis_5x_proovread_original/benchmark/provenance.json	1765	8824bf9004307b4c05be7230d74024c1c124311737a584b2c8d56e18dc1bd238
runs/arabidopsis_5x/arabidopsis_5x_proovread_original/benchmark/short_5x/proovread/resources.time.txt	111	a020a1cf34903a0463fc8112cdaf181eb78c972a52921cf581aed15bd56f7254
runs/arabidopsis_5x/arabidopsis_5x_proovread_original/output/short_5x/proovread/quast/report.tsv	1205	4754ccfec56155936cd2777c0a4f16e87c83c8239612b2df4d8ba2eda98e8292
runs/arabidopsis_5x/arabidopsis_5x_r_hero_original_k31_k63_hs10_hi3/benchmark/provenance.json	1915	ec64c38952cb1ee193eddadf907759e5ea68d9d975708632a2d64363f5101bcb
runs/arabidopsis_5x/arabidopsis_5x_r_hero_original_k31_k63_hs10_hi3/benchmark/short_5x/r_hero/resources.time.txt	110	9e53328cfe43a6a75e249839d0e1ec9d29b4cd9d65f83eb25671bbec1cb7d4ca
runs/arabidopsis_5x/arabidopsis_5x_r_hero_original_k31_k63_hs10_hi3/output/short_5x/r_hero/quast/report.tsv	1202	8f733a844624581895f402f73d531df7cc9e3724338ea633e476a8a54389a69f
runs/arabidopsis_5x/arabidopsis_5x_ratatosk_original_k21_k63/benchmark/provenance.json	1775	b48cbc81a97a94ca9b079d7849800335478a0b2accc43bc8970302a3a293a585
runs/arabidopsis_5x/arabidopsis_5x_ratatosk_original_k21_k63/benchmark/short_5x/ratatosk/resources.time.txt	107	8c7d20197885db86a6c40651f219a8297d315d8883f276d08fa318db902b08e5
runs/arabidopsis_5x/arabidopsis_5x_ratatosk_original_k21_k63/output/short_5x/ratatosk/quast/report.tsv	1203	7eb3299ffcdbf4510b32948708b929af45300f9f5396dd4aa5ff1827a6fd7dae
runs/drosophila_43x/assembly/dadec/canu/provenance.json	754	8b28414467bbc9c5f633e755b36ee3b0072acaa5b31f49f32141168dc6c9fe6f
runs/drosophila_43x/assembly/dadec/canu/quast/report.tsv	1171	3f9548c7777968f489aa08b4b96ef9d938ac276203c6d166743e3c36b9f4e3bf
runs/drosophila_43x/assembly/dadec/hifiasm/provenance.json	823	e2c6bb450d08ea99fb64527de0c9820a77f95d31c875bcdc11a4fd5aacfdc719
runs/drosophila_43x/assembly/dadec/hifiasm/quast/report.tsv	1164	ad65f3e304251874a2697bb058bd3e8ec21f4190fd40af62e659509d061fa445
runs/drosophila_43x/assembly/f_hero/canu/provenance.json	662	b42ddcb3bc14592f481608d9043d6106f4a8ced688fae7a18161d3c8e3b7ce10
runs/drosophila_43x/assembly/f_hero/canu/quast/report.tsv	1169	e8c8e44b6378be7694a4c26489d594af77df00a7071bb1acbc72653586391256
runs/drosophila_43x/assembly/f_hero/hifiasm/provenance.json	682	5b43f57f88ed07c05ba6d1dbcaeb67aa724ff59a929d8c722f6c1b52ecde4540
runs/drosophila_43x/assembly/f_hero/hifiasm/quast/report.tsv	1162	eb422f6ae03f4e06b729beaacc726062cca9af1414ad340ec6f0dfb2d231a698
runs/drosophila_43x/assembly/fmlrc/canu/provenance.json	660	5aacbacca674f320ad77437a0c0fcb2acfa10514d49ef43479124de670dc41b4
runs/drosophila_43x/assembly/fmlrc/canu/quast/report.tsv	1169	3292de2f977f9cb0e53b6e2cb062f50199e2180b40727602c539987b438cb0c0
runs/drosophila_43x/assembly/fmlrc/hifiasm/provenance.json	680	3147e88a786c7993411bac6af5f51f0d44b1e626d0ac9a98cbed24938b54a1f2
runs/drosophila_43x/assembly/fmlrc/hifiasm/quast/report.tsv	1163	ac4508f66430563aec7f9ca7392c21410520c9431a48521290e36b2eb99ce354
runs/drosophila_43x/assembly/l_hero/canu/provenance.json	662	c9dba1a8de6581e7ba6a7f97fc2a1020305c2a889ca60f321ee6e7981d099d8b
runs/drosophila_43x/assembly/l_hero/canu/quast/report.tsv	1169	af650235643878b716414148059ac337a82f50ae1ad437427b08b645f5a2835c
runs/drosophila_43x/assembly/l_hero/hifiasm/provenance.json	682	427b7da595c220d2539074778dff39a9d4633cc05599248dad9af94adc534533
runs/drosophila_43x/assembly/l_hero/hifiasm/quast/report.tsv	1146	842e0ee0cb30e12056aac37f975b75ff8572ca53a481735274679d35a66acc72
runs/drosophila_43x/assembly/lordec/canu/provenance.json	664	8f6fad70e62311ac8557eb629df219172ad804a54d1dd75e636acc7c1e743ffb
runs/drosophila_43x/assembly/lordec/canu/quast/report.tsv	1170	c984a8a1ced7dfa541bf73de66cb3f04193b16b78b57231604782c08cd60ea3c
runs/drosophila_43x/assembly/lordec/hifiasm/provenance.json	684	cd7f6746d5ae456da44cadca2e95ea05d79fc1aeb5607a553d52a8dbfd22558a
runs/drosophila_43x/assembly/lordec/hifiasm/quast/report.tsv	1146	6b79304029412896d124eb91416e3351b7de149fdee474d878732446dacb4a59
runs/drosophila_43x/assembly/r_hero/canu/provenance.json	662	542ed9f604907f83ff4bbbc25a21f09ac087cafa71c4a333acebec3494f8cc4a
runs/drosophila_43x/assembly/r_hero/canu/quast/report.tsv	1155	78e8fa1890658f63fb25ad219549dd6abcdd82e1d49a4052601bac87fa50dff8
runs/drosophila_43x/assembly/r_hero/hifiasm/provenance.json	682	3f175f7ba5673d0a36d2ba516314d8d25918384c5a0a48747eb9e4a09cd93b34
runs/drosophila_43x/assembly/r_hero/hifiasm/quast/report.tsv	1146	7bcb95a294b3fcf5ca6d41e9331488fde66d827c925adf0c09d6350f22a87dda
runs/drosophila_43x/assembly/ratatosk/canu/provenance.json	672	a2f12298767f1377e21170d886655c2f4fd4279a74675a4cecb8eb0dd409196b
runs/drosophila_43x/assembly/ratatosk/canu/quast/report.tsv	1149	cea8e107d7291ca03d17911545d2b5db92eb8750ccd000b30155a42706048e6d
runs/drosophila_43x/assembly/ratatosk/hifiasm/provenance.json	692	ace182f8b83607c4066e711ed958b66f7dd3814db173bd8129d02d3e36a8f033
runs/drosophila_43x/assembly/ratatosk/hifiasm/quast/report.tsv	1148	010b1c65f1b76de80b546c2fa665bc34f4607a0f0a19195fdd2cc6dfe5897b63
runs/drosophila_43x/drosophila_43x_colormap/benchmark/provenance.json	1665	a6b4dcadc7787af16a846562dcb19a04e4c3d9137dc2c86c859042adb800eab9
runs/drosophila_43x/drosophila_43x_colormap/output/short_43x/colormap/quast/report.tsv	1183	4c35668637a6fc94ef5c7aa27f10f0b54fe39dc89aa7c819c616e2df4714d483
runs/drosophila_43x/drosophila_43x_dadec_dev_fix_a_k39_k39_s3_a3_a2/benchmark/provenance.json	1859	e2fb12ce2b8a6d5e77d7b8553e238e429e8079d38daae58659b0333b60c873c6
runs/drosophila_43x/drosophila_43x_dadec_dev_fix_a_k39_k39_s3_a3_a2/benchmark/short_43x/dadec/resources.time.txt	108	514cbff3bf55c7fae2a631c628f5f0df25e6ab8c494757fcbad8c831710b234a
runs/drosophila_43x/drosophila_43x_dadec_dev_fix_a_k39_k39_s3_a3_a2/output/short_43x/dadec/quast/report.tsv	1208	52f3eefec65befc21454f6905831ae17a6016a3406f062a95020111983eaeedb
runs/drosophila_43x/drosophila_43x_f_hero_k21_k59_hs10_hi1/benchmark/provenance.json	1692	26f7661981f8ae6f0e5d780ebc6b6e242051594914964d937e611bd06e70a9f0
runs/drosophila_43x/drosophila_43x_f_hero_k21_k59_hs10_hi1/output/short_43x/f_hero/quast/report.tsv	1207	6228b93a7d68a054a4e56f7b21faf0e68307f1701dc03d022405cd4b86dec4b7
runs/drosophila_43x/drosophila_43x_fmlrc_k21_k59/benchmark/provenance.json	1661	a86c131729c96b5c4b3969a2ff7bb2cadb7dd6a98ffd0d64da9e42df06542f55
runs/drosophila_43x/drosophila_43x_fmlrc_k21_k59/output/short_43x/fmlrc/quast/report.tsv	1202	457c259d3aa19cdad93cac51a7f6da07ceb8e3b53a1212600e066cee0416acd2
runs/drosophila_43x/drosophila_43x_l_hero_k21_ls5_hs10_hi1/benchmark/provenance.json	1692	ffe52a2c67f6c3c7cbc0c42ec25f888112f7b1e9bc9f8b2ca249879fda8298b9
runs/drosophila_43x/drosophila_43x_l_hero_k21_ls5_hs10_hi1/output/short_43x/l_hero/quast/report.tsv	1208	1f2f835d9e667876e2bcf255b8c7c7943409bf5a5a357d4517907b7b2aa2dc16
runs/drosophila_43x/drosophila_43x_lordec_k21_ls5/benchmark/provenance.json	1667	9eca3857351738987718182c761948a1d2e2fea92c5b89eace63b5f57a3dc3d6
runs/drosophila_43x/drosophila_43x_lordec_k21_ls5/output/short_43x/lordec/quast/report.tsv	1206	ae308cc81d458afabca7343a9aa02295e6eafe8891f8b89e9c79881b50bf9b4a
runs/drosophila_43x/drosophila_43x_proovread/benchmark/provenance.json	1663	56750376cf283272c0426fdb89e07135753cd7ab0706a59260d650dbfb600ebe
runs/drosophila_43x/drosophila_43x_proovread/output/short_43x/proovread/quast/report.tsv	1171	70e3328dc14488ff917237c855d6cf204489c1add4e6d79408b3e75af55c788b
runs/drosophila_43x/drosophila_43x_r_hero_k31_k63_hs10_hi1/benchmark/provenance.json	1692	b924170a3b7fdba5a38d6c3fa8076994365c98b00bb9daffaeafab0c7fa88109
runs/drosophila_43x/drosophila_43x_r_hero_k31_k63_hs10_hi1/output/short_43x/r_hero/quast/report.tsv	1210	0bcc6041da0b6fb49093db81467063557a48ad12347c975476eccdb06a5579fb
runs/drosophila_43x/drosophila_43x_ratatosk_k31_k63/benchmark/provenance.json	1682	96289729bad889f96636c8c7722dec0a353fae8d121717b122f8907c2c11dfd7
runs/drosophila_43x/drosophila_43x_ratatosk_k31_k63/output/short_43x/ratatosk/quast/report.tsv	1203	4ce7fd982e9695622a16eb6a30dd137f6030c1e00875e197d303f2d27eef7137
runs/ecoli3_20x/ecoli3_20x_colormap_original/benchmark/provenance.json	1805	3a3721dfe2414bc2b0a41defb5bb1b68bd2fc3753d3429435b650f07abd89e63
runs/ecoli3_20x/ecoli3_20x_colormap_original/benchmark/short_20x/colormap/resources.time.txt	105	77d205a338b022b3f06dcb3b279cba09f64290381ff86852d4575bf985c36b30
runs/ecoli3_20x/ecoli3_20x_colormap_original/output/short_20x/colormap/metaquast.ambiguity9999/combined_reference/report.tsv	1019	a41b67305ef67fd97141b9d12ee7e1d43f8e48f64f416628fe5868fb1fd56de8
runs/ecoli3_20x/ecoli3_20x_dadec_dev_fix_a_k31_k31_s1_a2_a1/benchmark/provenance.json	1833	828ad73fb0afbbf9fb4dd7bfc17c62cad2aa2e26a834e699ad3c5ae09e2d16d7
runs/ecoli3_20x/ecoli3_20x_dadec_dev_fix_a_k31_k31_s1_a2_a1/benchmark/short_20x/dadec/resources.time.txt	102	6aa3c644492f8a7e7a6e1a4c38a5b16d71c35048f9b956c8bb4f0a832d3953b9
runs/ecoli3_20x/ecoli3_20x_dadec_dev_fix_a_k31_k31_s1_a2_a1/output/short_20x/dadec/metaquast.ambiguity9999/combined_reference/report.tsv	1019	7463e69f3cf5bdb6c73e102c88f89b1fd87f51fdc74a1aaace66555bd1155376
runs/ecoli3_20x/ecoli3_20x_f_hero_original_k21_k59_hs30_hi3/benchmark/provenance.json	2102	036d9ceac00720a7c362576a84791e4ebe533cb3ecd844e6c9a901956de05499
runs/ecoli3_20x/ecoli3_20x_f_hero_original_k21_k59_hs30_hi3/benchmark/short_20x/f_hero/resources.time.txt	114	50446da5afb1cb68515fb366538aaa522dfd1b24db14845a24ea84718d95559c
runs/ecoli3_20x/ecoli3_20x_f_hero_original_k21_k59_hs30_hi3/output/short_20x/f_hero/metaquast.ambiguity9999/combined_reference/report.tsv	1022	d4362f3e57367ca02b5ad36d317b0f310a9b3c9d9ced6c2cb9ac5c60694c1bb5
runs/ecoli3_20x/ecoli3_20x_fmlrc_original_k21_k59/benchmark/provenance.json	1947	141677c4c184cffcb6729cf27a40ee28f26c44d13caa132ed3ba0926f3f3023f
runs/ecoli3_20x/ecoli3_20x_fmlrc_original_k21_k59/benchmark/short_20x/fmlrc/resources.time.txt	98	001ab5cc3ce967ce7d971aaaddf1b8974ecf4f445b71805fb5cc34378cb745b7
runs/ecoli3_20x/ecoli3_20x_fmlrc_original_k21_k59/output/short_20x/fmlrc/metaquast.ambiguity9999/combined_reference/report.tsv	1022	30f2e9f8cf7e59bfd7bdd4f2330c93217381ab58067ca3ef275e235a998d9617
runs/ecoli3_20x/ecoli3_20x_l_hero_original_k31_ls5_hs30_hi3/benchmark/provenance.json	1973	3ba1b2e300f839916a844925af37851d7652316a067f060108c06234bec789f4
runs/ecoli3_20x/ecoli3_20x_l_hero_original_k31_ls5_hs30_hi3/benchmark/short_20x/l_hero/resources.time.txt	105	0819e901af9f88b6bebfcd572128b265846bcf3124432d05de029ca4c12e6d25
runs/ecoli3_20x/ecoli3_20x_l_hero_original_k31_ls5_hs30_hi3/output/short_20x/l_hero/metaquast.ambiguity9999/combined_reference/report.tsv	1023	8d018475acea78626c9eb6b1a29438000148451d7ae75df3fb1b642eadf4feaa
runs/ecoli3_20x/ecoli3_20x_lordec_original_k31_ls5/benchmark/provenance.json	1823	7356ef223fdfce43ec1c274849c77ad733e81e91530f1e73b8d310fb1df47095
runs/ecoli3_20x/ecoli3_20x_lordec_original_k31_ls5/benchmark/short_20x/lordec/resources.time.txt	102	7123f70215e78e917999cc4704b9bcda850349d587889115b3e9c7e2c4566c15
runs/ecoli3_20x/ecoli3_20x_lordec_original_k31_ls5/output/short_20x/lordec/metaquast.ambiguity9999/combined_reference/report.tsv	1021	3598aac3b7cdd451e8ba3d3f235cc45279ab3a5a83ad7d22b3a7718086872c2f
runs/ecoli3_20x/ecoli3_20x_proovread_original/benchmark/provenance.json	1809	cab5ffc4256e7ca89ec1528f500cf4bd90520f3c6571f711e327691d1ab29a66
runs/ecoli3_20x/ecoli3_20x_proovread_original/benchmark/short_20x/proovread/resources.time.txt	104	e574548c3166c7b3dbb23c11335c2b5be652d45814b92d977c901fbf3bda30e7
runs/ecoli3_20x/ecoli3_20x_proovread_original/output/short_20x/proovread/metaquast.ambiguity9999/combined_reference/report.tsv	1019	3130656147ba2a0ab450cfe5f866bf4a28e9c88ac5a0fda0c2526a03f375795d
runs/ecoli3_20x/ecoli3_20x_r_hero_original_k31_k63_hs30_hi3/benchmark/provenance.json	1959	4881ae69933dd72a7e703a87f09cac580acd9bd6bd99a0e999db4bf848d77ae6
runs/ecoli3_20x/ecoli3_20x_r_hero_original_k31_k63_hs30_hi3/benchmark/short_20x/r_hero/resources.time.txt	104	fd5184fa55fec7db9c5321d4e764b6673ba5f8cb2b24bba3475bb263ddcbd94c
runs/ecoli3_20x/ecoli3_20x_r_hero_original_k31_k63_hs30_hi3/output/short_20x/r_hero/metaquast.ambiguity9999/combined_reference/report.tsv	1025	ea62dfe5c8b0eaa2f91671748de5cc42c7201758c71a85662c97d39b6e90dd0a
runs/ecoli3_20x/ecoli3_20x_ratatosk_original_k31_k63/benchmark/provenance.json	1818	3aff0b7d78eca4678a16c74333d905d2947cc553be688218aa52afaca68a4f15
runs/ecoli3_20x/ecoli3_20x_ratatosk_original_k31_k63/benchmark/short_20x/ratatosk/resources.time.txt	101	825df64f9bf7144f99bc34bcec8f8ef801c48633c2e98797f9eeea2ea23add04
runs/ecoli3_20x/ecoli3_20x_ratatosk_original_k31_k63/output/short_20x/ratatosk/metaquast.ambiguity9999/combined_reference/report.tsv	1025	c0d9a9413223367d201d6d33e79205bdec7a523afa1e2ab391182e3eedc2d88e
runs/ecoli3_error_readcount_hiseq/ecoli3_error_readcount_hiseq_dadec_original_dev_fix_a_k31_k31_s1_a2_a1/benchmark/provenance.json	3228	e775831d280879276bf5865ed0fdc01138c9c98fe4f9d04aa71be2d6fe60d869
runs/ecoli3_error_readcount_hiseq/ecoli3_error_readcount_hiseq_dadec_original_dev_fix_a_k31_k31_s1_a2_a1/benchmark/short_23x/dadec/resources.time.txt	102	94a1fd14fd555f4e5b672a86f1ccf9742533912f199878d77a0e8c0e78acd666
runs/ecoli3_error_readcount_hiseq/ecoli3_error_readcount_hiseq_dadec_original_dev_fix_a_k31_k31_s1_a2_a1/output/short_23x/dadec/metaquast.ambiguity9999/combined_reference/report.tsv	1021	74af3bc690ab171f7d131bd2d5c9a37da0385a5580ded2a22ac2a97f73f337e4
runs/ecoli3_error_readcount_hiseq/ecoli3_error_readcount_hiseq_dadec_original_k31_k31_s1_a2_a1/benchmark/provenance.json	3194	d88527d46c16f1014b25382b092d1f66f10a954d6eacf6d607c0866de7ea62a3
runs/ecoli3_error_readcount_hiseq/ecoli3_error_readcount_hiseq_dadec_original_k31_k31_s1_a2_a1/benchmark/short_23x/dadec/resources.time.txt	102	8c7cfea1d54cb59ba6321a542d338b7ef2754013e6fe2e2f3a61dabef9a9ee22
runs/ecoli3_error_readcount_hiseq/ecoli3_error_readcount_hiseq_dadec_original_k31_k31_s1_a2_a1/output/short_23x/dadec/metaquast.ambiguity9999/combined_reference/report.tsv	1021	d5be02386ff11039d51ba4d49b33defe2c49d07d9cb92329da2cb0ec32dccce0
runs/ecoli3_error_readcount_miseq/ecoli3_error_readcount_miseq_dadec_original_dev_fix_a_k31_k31_s1_a2_a1/benchmark/provenance.json	3228	62555ddeee6226efa6faa2a3acfba08643112b8974949b31db3499498d7777de
runs/ecoli3_error_readcount_miseq/ecoli3_error_readcount_miseq_dadec_original_dev_fix_a_k31_k31_s1_a2_a1/benchmark/short_20x/dadec/resources.time.txt	103	32b14c6659d1aa1e2248e995d932144011b9230f2c6bc66dfa591d5f4cbf2958
runs/ecoli3_error_readcount_miseq/ecoli3_error_readcount_miseq_dadec_original_dev_fix_a_k31_k31_s1_a2_a1/output/short_20x/dadec/metaquast.ambiguity9999/combined_reference/report.tsv	1023	161994e5098d8c49160717b21c11b0063530d797a16512868970e57f353fd548
runs/ecoli3_error_readcount_miseq/ecoli3_error_readcount_miseq_dadec_original_k31_k31_s1_a2_a1/benchmark/provenance.json	3194	ecc802689681b86bca8daf6ecf9211d1382030457ef4cb76a0eced20cfff776a
runs/ecoli3_error_readcount_miseq/ecoli3_error_readcount_miseq_dadec_original_k31_k31_s1_a2_a1/benchmark/short_20x/dadec/resources.time.txt	103	19142c99f7baa1b7613cc62c32d9a4cf5d2314c6ba65342b3afb4cf860398b43
runs/ecoli3_error_readcount_miseq/ecoli3_error_readcount_miseq_dadec_original_k31_k31_s1_a2_a1/output/short_20x/dadec/metaquast.ambiguity9999/combined_reference/report.tsv	1022	27c3eefb726b671c69f9dec4b2380546f20f81976d5d48cda33e0393dfbafbb7
runs/ecoli3_error_readcount_nextseq/ecoli3_error_readcount_nextseq_dadec_original_dev_fix_a_k31_k31_s1_a2_a1/benchmark/provenance.json	3240	c7398c8381c095cf29370b50780d57cde89525cfee8566dc266a1b1bac1f132b
runs/ecoli3_error_readcount_nextseq/ecoli3_error_readcount_nextseq_dadec_original_dev_fix_a_k31_k31_s1_a2_a1/benchmark/short_21x/dadec/resources.time.txt	103	2b95142704aaf042e17c6235c73c848f00923b832e4f02fdc49a8426495bf7e1
runs/ecoli3_error_readcount_nextseq/ecoli3_error_readcount_nextseq_dadec_original_dev_fix_a_k31_k31_s1_a2_a1/output/short_21x/dadec/metaquast.ambiguity9999/combined_reference/report.tsv	1021	27cfe5210e5729d9b5375a81eb203e9d4b3980d02923e9a51e57c875b5051a3a
runs/ecoli3_error_readcount_nextseq/ecoli3_error_readcount_nextseq_dadec_original_k31_k31_s1_a2_a1/benchmark/provenance.json	3206	ede6baa0503b78ca698798e635ad8ac8f1e7d186c11468e9fb03faffbad723b7
runs/ecoli3_error_readcount_nextseq/ecoli3_error_readcount_nextseq_dadec_original_k31_k31_s1_a2_a1/benchmark/short_21x/dadec/resources.time.txt	103	7f34f31968ef4f29deb8ef96d1cc92e2f5f71a5a5f3a7dfca170b025a00f22fb
runs/ecoli3_error_readcount_nextseq/ecoli3_error_readcount_nextseq_dadec_original_k31_k31_s1_a2_a1/output/short_21x/dadec/metaquast.ambiguity9999/combined_reference/report.tsv	1021	81d5f42070114a18d15ce4b479af6caa1c54e0aa93c6dae66f2b5431d084a95e
runs/ecoli3_error_readcount_novaseq/ecoli3_error_readcount_novaseq_dadec_original_dev_fix_a_k31_k31_s1_a2_a1/benchmark/provenance.json	3240	296362f593552b8c15819fcb5718cc28c3d67fd790ea0888ebe7b41176d3a29f
runs/ecoli3_error_readcount_novaseq/ecoli3_error_readcount_novaseq_dadec_original_dev_fix_a_k31_k31_s1_a2_a1/benchmark/short_22x/dadec/resources.time.txt	102	c96902ad5cf0de459ea752776b6ff0951a0e67b0c3087633e696c52bc34b225a
runs/ecoli3_error_readcount_novaseq/ecoli3_error_readcount_novaseq_dadec_original_dev_fix_a_k31_k31_s1_a2_a1/output/short_22x/dadec/metaquast.ambiguity9999/combined_reference/report.tsv	1021	f2549ac233d015a5bcf0f8f2ce7641c7e8ae3f6e104a6598ec9190c00e929f6b
runs/ecoli3_error_readcount_novaseq/ecoli3_error_readcount_novaseq_dadec_original_k31_k31_s1_a2_a1/benchmark/provenance.json	3206	b096fbf7fa97b7bf0e20183afd5be8474057837cb7115da91791623e7589900a
runs/ecoli3_error_readcount_novaseq/ecoli3_error_readcount_novaseq_dadec_original_k31_k31_s1_a2_a1/benchmark/short_22x/dadec/resources.time.txt	102	0dc4a3c4dbddf7635237db269c7b5d7cdde2f090d086b97004091a0c7017ea5e
runs/ecoli3_error_readcount_novaseq/ecoli3_error_readcount_novaseq_dadec_original_k31_k31_s1_a2_a1/output/short_22x/dadec/metaquast.ambiguity9999/combined_reference/report.tsv	1021	b7ea9a60900d6adf7b28e1aea0e9a541fbec8081f92f8c1b611e7c6a6bff7734
runs/mhc_ont_50x/mhc_ont_50x_colormap_original/benchmark/provenance.json	1641	9fba41417e82d0f335a22c37256b4adf8dbf72eab28e75c7e213f744f7f965d1
runs/mhc_ont_50x/mhc_ont_50x_colormap_original/output/short_50x/colormap/metaquast.ambiguity9999/combined_reference/report.tsv	1020	6c4b38791c209290bff845ae8d8f2012e7fb6c61f28217c00615c6d72db1a8ac
runs/mhc_ont_50x/mhc_ont_50x_dadec_dev_fix_a_k63_k63_s1_a2_a1/benchmark/provenance.json	1833	5ff0c9f38ae7272fecb9cbb2c790951aca4484335bf963e2bc1873fb5bee5309
runs/mhc_ont_50x/mhc_ont_50x_dadec_dev_fix_a_k63_k63_s1_a2_a1/benchmark/short_50x/dadec/resources.time.txt	102	a23020ef3f31faa1306bab4ec19e6433d2fa8c6212e7a7b08258dc6fd840a3ba
runs/mhc_ont_50x/mhc_ont_50x_dadec_dev_fix_a_k63_k63_s1_a2_a1/output/short_50x/dadec/metaquast.ambiguity9999/combined_reference/report.tsv	1021	0fef3d638ec062c1eaaa956f0f65eef256e26b155c44fce920f23880aa679069
runs/mhc_ont_50x/mhc_ont_50x_f_hero_original_k21_k59_hs5_hi1/benchmark/provenance.json	1665	e2c0742909b773f73ff6d51cfbc960dfd06ab361bd6cf8110f6f17e5e26248c7
runs/mhc_ont_50x/mhc_ont_50x_f_hero_original_k21_k59_hs5_hi1/output/short_50x/f_hero/metaquast.ambiguity9999/combined_reference/report.tsv	1019	d184ccece56e8efd30ce863a5dfb83870ae7f7fb97a7624cfa37796047a5f2e5
runs/mhc_ont_50x/mhc_ont_50x_fmlrc_original_k21_k59/benchmark/provenance.json	1637	cf99d96d9396ec2148377a4c5f8e9145b669097b4f8003b0759c511cc2ac2f5b
runs/mhc_ont_50x/mhc_ont_50x_fmlrc_original_k21_k59/benchmark/short_50x/fmlrc/resources.time.txt	98	e20ce0b27091ea2177c2e7fd8d4844cece920539ea8145a86677030a8ad7b632
runs/mhc_ont_50x/mhc_ont_50x_fmlrc_original_k21_k59/output/short_50x/fmlrc/metaquast.ambiguity9999/combined_reference/report.tsv	1016	c03d89451ef684a223128df44eeb15eb5baf874dd6693e2e037e708fbcce6ab8
runs/mhc_ont_50x/mhc_ont_50x_l_hero_original_k31_ls5_hs10_hi1/benchmark/provenance.json	1669	bd86f726f4a2899fcba6c1bc1686230b63050e7c3b3bcd69ddd0476476c06cae
runs/mhc_ont_50x/mhc_ont_50x_l_hero_original_k31_ls5_hs10_hi1/output/short_50x/l_hero/metaquast.ambiguity9999/combined_reference/report.tsv	1022	d387ed08c8cd447740255716fe8d5f75ad305bc7079243fe409565df471ba292
runs/mhc_ont_50x/mhc_ont_50x_lordec_original_k31_ls5/benchmark/provenance.json	1645	3e7cac6d312e94f8dfb8a37bb36a8074898c46a4fece3e87c9f3b7ae35fb3977
runs/mhc_ont_50x/mhc_ont_50x_lordec_original_k31_ls5/output/short_50x/lordec/metaquast.ambiguity9999/combined_reference/report.tsv	1014	91c3be66a06ac25706c40ea8826a893a4629ab4c2acc0026b81e7484a2452e1c
runs/mhc_ont_50x/mhc_ont_50x_proovread_original/benchmark/provenance.json	1640	5354d2ebcb4bbfb783ba53bb998da047892d2b58b476a1e3c135c98e126e548e
runs/mhc_ont_50x/mhc_ont_50x_proovread_original/output/short_50x/proovread/metaquast.ambiguity9999/combined_reference/report.tsv	1009	9ed12c368e617c232bd5ecba9b830762cac8ec4894405a91b0ce01e4f6deaa49
runs/mhc_ont_50x/mhc_ont_50x_r_hero_original_k31_k63_hs10_hi1/benchmark/provenance.json	1669	a6fe47fbfd23b7471d2314923ae0c129da7003e3561f2b46a205a99ff232fcfd
runs/mhc_ont_50x/mhc_ont_50x_r_hero_original_k31_k63_hs10_hi1/output/short_50x/r_hero/metaquast.ambiguity9999/combined_reference/report.tsv	1020	6bcac73ee069cd2a21aaef9f06cd3a708de266e4643369a35b64ba145ef90b8a
runs/mhc_ont_50x/mhc_ont_50x_ratatosk_original_k31_k63/benchmark/provenance.json	1659	b6e9a3c44c19289507348092e2ea62014f0c63ef0490c571241871b7a9f3d4f4
runs/mhc_ont_50x/mhc_ont_50x_ratatosk_original_k31_k63/output/short_50x/ratatosk/metaquast.ambiguity9999/combined_reference/report.tsv	1016	d23c299dfe403eb7f5baded1f0d36b7d2f533e1f76a55052e87f1e4b0c17874d
runs/mhc_pac_50x/mhc_pac_50x_colormap_original/benchmark/provenance.json	1639	2799471536e19f15e10c25b0ce492b79ccf7c4d02471f83fd52116ff1712d5b2
runs/mhc_pac_50x/mhc_pac_50x_colormap_original/output/short_50x/colormap/metaquast.ambiguity9999/combined_reference/report.tsv	1014	b9a12e394ae5d0106e072804c1886ef9f7487d60f12ea83da3787c559661361c
runs/mhc_pac_50x/mhc_pac_50x_dadec_dev_fix_a_k63_k63_s1_a2_a1/benchmark/provenance.json	1833	490b3afc5f7108066fb33156aaecea3e7c4b1cb2bafee91b2f5f0c9eadf8e7e6
runs/mhc_pac_50x/mhc_pac_50x_dadec_dev_fix_a_k63_k63_s1_a2_a1/benchmark/short_50x/dadec/resources.time.txt	102	1328d4e5a850b9ca84718100247a33173b3b44cde70fa44fa814e30141f6a41b
runs/mhc_pac_50x/mhc_pac_50x_dadec_dev_fix_a_k63_k63_s1_a2_a1/output/short_50x/dadec/metaquast.ambiguity9999/combined_reference/report.tsv	1007	a9fb5c3c4d77c02792c90c2009b33face3bfd3eeb68c1315531c29afabc3ce41
runs/mhc_pac_50x/mhc_pac_50x_f_hero_original_k21_k59_hs3_hi1/benchmark/provenance.json	1662	2aa15710056448e97b7e864e66d2a5521cf3b05ee4bb420c5f905ca963169240
runs/mhc_pac_50x/mhc_pac_50x_f_hero_original_k21_k59_hs3_hi1/output/short_50x/f_hero/metaquast.ambiguity9999/combined_reference/report.tsv	1007	2499af40fc7b2b05f289effa122017164035126fe1506585d19f0b37feb02e5c
runs/mhc_pac_50x/mhc_pac_50x_fmlrc_original_k21_k59/benchmark/provenance.json	1634	315e5621b4c0f43318a276d160609194b9936d90c3ad5d1b48c86af5e3dedb4b
runs/mhc_pac_50x/mhc_pac_50x_fmlrc_original_k21_k59/benchmark/short_50x/fmlrc/resources.time.txt	98	d3d1cf591ab7cd41360b2cffedf00c2cccd3527b45cfc2a766cb5693f6f35cc7
runs/mhc_pac_50x/mhc_pac_50x_fmlrc_original_k21_k59/output/short_50x/fmlrc/metaquast.ambiguity9999/combined_reference/report.tsv	1006	e142e165197a08c4634a69ad83d51d67547764b971fbb7b3a54dd0bf0219f51e
runs/mhc_pac_50x/mhc_pac_50x_l_hero_original_k59_ls5_hs10_hi1/benchmark/provenance.json	1666	51e39c5a28d960332309e398c0a36c30466bde89b133145f53e81bee687adf5f
runs/mhc_pac_50x/mhc_pac_50x_l_hero_original_k59_ls5_hs10_hi1/output/short_50x/l_hero/metaquast.ambiguity9999/combined_reference/report.tsv	1010	b679fac7ac7ab77b26fc0b1c9ff5d7ca6f8a30c5d5e12342df8bc8154b5826a4
runs/mhc_pac_50x/mhc_pac_50x_lordec_original_k59_ls5/benchmark/provenance.json	1642	ba6153b780543cfd49ecc6c0111cc81f3b9c69514605e57673243a3bc662af71
runs/mhc_pac_50x/mhc_pac_50x_lordec_original_k59_ls5/output/short_50x/lordec/metaquast.ambiguity9999/combined_reference/report.tsv	1011	dc7cc3c4af3ec3b5bc762a47e8b807a53f32e45298a1e186f963cbd353ea64af
runs/mhc_pac_50x/mhc_pac_50x_proovread_original/benchmark/provenance.json	1809	778318af6875c958bbbf826fd268012a6fa0958074767621ba6f58bc2b4427f9
runs/mhc_pac_50x/mhc_pac_50x_proovread_original/benchmark/short_50x/proovread/resources.time.txt	104	eea468ae7d1fa73f9c5a92267b45ad88749adc2ff9ed3318e68c3c2bd0ee5f88
runs/mhc_pac_50x/mhc_pac_50x_proovread_original/output/short_50x/proovread/metaquast.ambiguity9999/combined_reference/report.tsv	1000	964404b0b48dd9107dd851d57a55f2db8f514436a38cec360141a2cb3367087b
runs/mhc_pac_50x/mhc_pac_50x_r_hero_original_k31_k63_hs10_hi1/benchmark/provenance.json	1666	0964e4845735182f4ef13e76d1aae789863d2f0607e4ace674b566e21eafb894
runs/mhc_pac_50x/mhc_pac_50x_r_hero_original_k31_k63_hs10_hi1/output/short_50x/r_hero/metaquast.ambiguity9999/combined_reference/report.tsv	1003	3bab8c997393b2c3b180c3dcc9eb5ee0534f50541f04cc8a656cdccbbccdc8da
runs/mhc_pac_50x/mhc_pac_50x_ratatosk_original_k31_k63/benchmark/provenance.json	1656	2ca7b060bab49d59e704e0851234a82fb299840b9f92c5a78e5b764a4fe4a6a3
runs/mhc_pac_50x/mhc_pac_50x_ratatosk_original_k31_k63/output/short_50x/ratatosk/metaquast.ambiguity9999/combined_reference/report.tsv	1011	12737eddcb65bfd8162eec28599867a53bb81c23c9d543b670be5ef6c6cdfaf8
runs/zymo_10pct/zymo_10pct_colormap_original/benchmark/provenance.json	1858	abff3b0a1059633944f5f30f127f180f967afc520307360a306d28d317abd0e2
runs/zymo_10pct/zymo_10pct_colormap_original/output/short_10pct/colormap/metaquast.ambiguity9999/combined_reference/report.tsv	1049	511c652223f97be842c1c7b3c9f58872741ca7aa08fb886f969c86ae6aa2982e
runs/zymo_10pct/zymo_10pct_dadec_original_dev_fix_a_k59_k59_s1_a2_a1/benchmark/provenance.json	2012	f04ee577508e47a5a37ef6f0515d0ac71d70d8c7a2fc033f71a2016d674a8946
runs/zymo_10pct/zymo_10pct_dadec_original_dev_fix_a_k59_k59_s1_a2_a1/benchmark/short_10pct/dadec/resources.time.txt	106	a5b92ac2abce7e2f96506b74232a2b1736746a2b2cf843e2fafa62003a9f0b71
runs/zymo_10pct/zymo_10pct_dadec_original_dev_fix_a_k59_k59_s1_a2_a1/output/short_10pct/dadec/metaquast.ambiguity9999/combined_reference/report.tsv	1053	a662f514136fb5edbbb7777c683dddc5d117bb2553f9aff4839e31aec2c8b355
runs/zymo_10pct/zymo_10pct_dechat_original/benchmark/provenance.json	1782	c9f7f7dd601a7c529f77a3630d3a09bf6d1df8eac414cd08e7e63a7ba07e7f79
runs/zymo_10pct/zymo_10pct_dechat_original/output/short_10pct/dechat/metaquast.ambiguity9999/combined_reference/report.tsv	2223	7fb5f0ee9ea6e4ae84bc8f6c8e312e93569000821015bc3337efa55a96e1ae74
runs/zymo_10pct/zymo_10pct_f_hero_original_k21_k59_hs30_hi1/benchmark/provenance.json	1885	c8b169dc27de913a0cb003762b1c54ba402b98523381f3e70dc1a42e17cd192e
runs/zymo_10pct/zymo_10pct_f_hero_original_k21_k59_hs30_hi1/output/short_10pct/f_hero/metaquast.ambiguity9999/combined_reference/report.tsv	1052	7544052a4788c6bc67d02fa7e0699c590853b58aeb5ab1ba1dc3ac3647ce4fe5
runs/zymo_10pct/zymo_10pct_fmlrc_original_k21_k59/benchmark/provenance.json	1854	8317d30bb3a2bc3225b243537525c6102ed6edc130bab5f1f966b3fe095d0d52
runs/zymo_10pct/zymo_10pct_fmlrc_original_k21_k59/output/short_10pct/fmlrc/metaquast.ambiguity9999/combined_reference/report.tsv	1048	7fffed42ed6e656a4e78bc89417806dac35f76d0519696ac7dcda247709c21e1
runs/zymo_10pct/zymo_10pct_l_hero_original_k31_ls5_hs30_hi1/benchmark/provenance.json	1884	18466f7f56a768ea4751b7235f68989f2c94c1df7679945578ffc3084c681c84
runs/zymo_10pct/zymo_10pct_l_hero_original_k31_ls5_hs30_hi1/output/short_10pct/l_hero/metaquast.ambiguity9999/combined_reference/report.tsv	1044	c52dbf1284046dc1675fa4b2800496ba2f195d0e34226cbfbb5ccf0b3692d563
runs/zymo_10pct/zymo_10pct_lordec_original_k31_ls5/benchmark/provenance.json	1860	799dc929394ede6b03528866ca50dcbd54c3b1c7e5e3500c9e43e73d1289a9d7
runs/zymo_10pct/zymo_10pct_lordec_original_k31_ls5/output/short_10pct/lordec/metaquast.ambiguity9999/combined_reference/report.tsv	1044	0087b342609b4fc16bced1ed4867b757b62264a706f4c035105ec009f3940b74
runs/zymo_10pct/zymo_10pct_proovread_original/benchmark/provenance.json	1856	beaaf87bf23ce95910f2d761372bb53956c94a18f111d394db0ff8070e0d61ac
runs/zymo_10pct/zymo_10pct_proovread_original/output/short_10pct/proovread/metaquast.ambiguity9999/combined_reference/report.tsv	1054	07c77a05567e64f31eba9becb3813add405666962254b01d00f73ec2f788ab4d
runs/zymo_10pct/zymo_10pct_r_hero_original_k31_k63_hs30_hi1/benchmark/provenance.json	1885	729878aa53887493178e6ce08bdf4e1fcf8647176731d5fdd94cfb35539ad188
runs/zymo_10pct/zymo_10pct_r_hero_original_k31_k63_hs30_hi1/output/short_10pct/r_hero/metaquast.ambiguity9999/combined_reference/report.tsv	1044	69240161b926ce73f714b1bdc12bd32cb2eb08d8005f33fdfe8f53ee34b4c1f7
runs/zymo_10pct/zymo_10pct_ratatosk_original_k31_k63/benchmark/provenance.json	1875	eeb7c846072295c13b34e017d202ef1caa7d01c9cea55e4fed502eb7d3065f61
runs/zymo_10pct/zymo_10pct_ratatosk_original_k31_k63/output/short_10pct/ratatosk/metaquast.ambiguity9999/combined_reference/report.tsv	1048	db3b8bf5534c18d4f43729a53be5219fad8e09381d2a4b925d7ffcf54897e6ab
runs/zymo_10pct/zymo_10pct_vechat_original/benchmark/provenance.json	1781	281bd418e4630bca8303f11f9c55808aeed9ff3d37ca6d9f5f7fbfc1115b6c7f
runs/zymo_10pct/zymo_10pct_vechat_original/output/short_10pct/vechat/metaquast.ambiguity9999/combined_reference/report.tsv	2051	bd303fa4dd3b5ef2f1c8024fa2c2be71addfcae0f12160941a648f18118e3541
runs/zymo_20pct/zymo_20pct_dadec_original_dev_fix_a_k59_k59_s1_a2_a1/benchmark/provenance.json	2012	39b25c8b8d59d87ef0ba2747b87a2d639ef90c79c5ed898b8b574e3b60ca279f
runs/zymo_20pct/zymo_20pct_dadec_original_dev_fix_a_k59_k59_s1_a2_a1/benchmark/short_20pct/dadec/resources.time.txt	106	e91e071c43f080959e75e4480893a4abd1aea27a32904e6bbfcfc480ccda22d9
runs/zymo_20pct/zymo_20pct_dadec_original_dev_fix_a_k59_k59_s1_a2_a1/output/short_20pct/dadec/metaquast.ambiguity9999/combined_reference/report.tsv	1059	135ee8597aad8f142ef9b54052fa31195d58801280031ea32281c5b66b899e7f
runs/zymo_20pct/zymo_20pct_dechat_original/benchmark/provenance.json	1782	3d38045eabc769994ebed9693f0c7c8574b9a4911a510718fc3b61cf6c70fe73
runs/zymo_20pct/zymo_20pct_dechat_original/output/short_20pct/dechat/metaquast.ambiguity9999/combined_reference/report.tsv	2223	b5fc12c29d23dac2912e4f57b34261b674b11349e3c285369f342da73cdffc06
runs/zymo_20pct/zymo_20pct_vechat_original/benchmark/provenance.json	1782	b5c3a9fa43ef6cdadaea8a2978292c7b03e9d5a16b0c7333d8cb314c83c3b3ed
runs/zymo_20pct/zymo_20pct_vechat_original/output/short_20pct/vechat/metaquast.ambiguity9999/combined_reference/report.tsv	2094	d147f1d879a63842255247366ce67489e84b7e89af38081ad46e0671f7ea184f
runs/zymo_30pct/zymo_30pct_dadec_original_dev_fix_a_k59_k59_s1_a2_a1/benchmark/provenance.json	2012	f8f17157271e2029b9de80a8756b8e49d0a922c3b79af1fddb110a37fbe207b5
runs/zymo_30pct/zymo_30pct_dadec_original_dev_fix_a_k59_k59_s1_a2_a1/benchmark/short_30pct/dadec/resources.time.txt	107	8e104cc655b3e0737e05b0884c087d521b3f262ff4d6b885c5691dd766af2f52
runs/zymo_30pct/zymo_30pct_dadec_original_dev_fix_a_k59_k59_s1_a2_a1/output/short_30pct/dadec/metaquast.ambiguity9999/combined_reference/report.tsv	1061	339301cd53e9e7f23d81c866256cbd2fa0350356f039c9dfc59716bb61842a96
runs/zymo_30pct/zymo_30pct_dechat_original/benchmark/provenance.json	1782	90862e64cfd208177670c9538854bba7949cfd0a12c02a893c88f2cbf37b3c16
runs/zymo_30pct/zymo_30pct_dechat_original/output/short_30pct/dechat/metaquast.ambiguity9999/combined_reference/report.tsv	2223	a661244ff578396cb51e44736f44a81de681e23ffb72053a51dd19f4c2b68c15
runs/zymo_30pct/zymo_30pct_vechat_original/benchmark/provenance.json	1782	c84917f30367d61d899ec24d2676c1224f97c5ea807ad929897ce8c4a67f2273
runs/zymo_30pct/zymo_30pct_vechat_original/output/short_30pct/vechat/metaquast.ambiguity9999/combined_reference/report.tsv	2094	eb3d00627e141c66f4c17971e3487c1ed305f83c958507127e78cdb8e716c88c
runs/zymo_40pct/zymo_40pct_dadec_original_dev_fix_a_k59_k59_s1_a2_a1/benchmark/provenance.json	2058	69250df4f4fb07104e02b371e44e40fef911eba2976c6593961cff1a0ee0600d
runs/zymo_40pct/zymo_40pct_dadec_original_dev_fix_a_k59_k59_s1_a2_a1/benchmark/short_40pct/dadec/resources.time.txt	106	66c9198dea152ca1f30e04c7b0cb8b386fb830c3f0c322f0db6e45fa6900f0a3
runs/zymo_40pct/zymo_40pct_dadec_original_dev_fix_a_k59_k59_s1_a2_a1/output/short_40pct/dadec/metaquast.ambiguity9999/combined_reference/report.tsv	1065	fadda02fca52b4773f7cd5ca949a31fbfacc2c1755420a64d5fb005e05321eff
runs/zymo_40pct/zymo_40pct_dechat_original/benchmark/provenance.json	1782	ffbaa05685e8223891bf886b2eed9d3810fd2e70d5557eaca90c80c46ad8c35b
runs/zymo_40pct/zymo_40pct_dechat_original/output/short_40pct/dechat/metaquast.ambiguity9999/combined_reference/report.tsv	2223	c2b5668c27f46389d72abe768c4ec3b9860210f40e92caa91093b5bcec02279d
runs/zymo_40pct/zymo_40pct_vechat_original/benchmark/provenance.json	1782	188e10002c118645338d42122567eda96eb33d494b1e5cbdc48acb96375ab74b
runs/zymo_40pct/zymo_40pct_vechat_original/output/short_40pct/vechat/metaquast.ambiguity9999/combined_reference/report.tsv	2094	ea4f453a1bc9390bf15a0bcc85fa4984f09b221144f018fad2ef9b2ef4b392a1
runs/zymo_5pct/zymo_5pct_dadec_original_dev_fix_a_k59_k59_s1_a2_a1/benchmark/provenance.json	2007	f847f95031b0ac86103b2a0dedc1c5d8607f64f24bf10bbdd8d42b718b6a773d
runs/zymo_5pct/zymo_5pct_dadec_original_dev_fix_a_k59_k59_s1_a2_a1/benchmark/short_5pct/dadec/resources.time.txt	106	89e06bd527680b352ba089f45dc50912b4b5dac963cde580a3f626a04b72123e
runs/zymo_5pct/zymo_5pct_dadec_original_dev_fix_a_k59_k59_s1_a2_a1/output/short_5pct/dadec/metaquast.ambiguity9999/combined_reference/report.tsv	1041	6c0365406929d49c52cee499f3380a45f46815156bbd3ac40c794c9113fd87d5
runs/zymo_5pct/zymo_5pct_dechat_original/benchmark/provenance.json	1775	6e62306a870ea86fbad1894ae1b18be46fb10b4556eb50504a6225f7292ad6d9
runs/zymo_5pct/zymo_5pct_dechat_original/output/short_5pct/dechat/metaquast.ambiguity9999/combined_reference/report.tsv	2223	07e77d2251615676c40b3da0588553c87f64a98249a879cb29cb06b4e520114e
runs/zymo_5pct/zymo_5pct_vechat_original/benchmark/provenance.json	1775	f11f716ed837aab5f9f950ceea25aaae5d4902c3a7f5a74f5091995a6f5eb2e7
runs/zymo_5pct/zymo_5pct_vechat_original/output/short_5pct/vechat/metaquast.ambiguity9999/combined_reference/report.tsv	2008	80b6cf2eca1e916e157bd92903828f047fca4ba5d96da6c43f9fb9f7b77303b2
validate_bundle.py	8414	9cef029b229d7e3c8d5611abe87d4ed9114bc530f2e7a9dd5da2a202b91a86d2
workflow/benchmark/README.md	21959	0e6177d50407770a3e895992ccd935885112b0f185e6ef602bc5be865a610d53
workflow/benchmark/Snakefile	22196	9f7f0230448638656f399dc217966f43a03a6a94bc42c2c06c6e2904e678dfbf
workflow/benchmark/Snakefile.ecoli3	6189	2aab2f3ca26a7209dec6b2c775a36c4f89a37852f7532209ecc8b19d576ddfbc
workflow/benchmark/assembly/Snakefile	8469	009b5ebc4548c8de3dbd97a5dbcd92c3705ea35b1ba2ce0f2944336fcf70c0c7
workflow/benchmark/config/classification/30strains_legacy.yaml	15735	c5a6f6fb75da40731e23c753b16a10913ee3ba8f2a59e8fec19ab98ce84408a0
workflow/benchmark/config/classification/config.example.yaml	1790	62e45317374f6c95370aec8dcab44afd30deb326797d71268e6d2bca7379a6c3
workflow/benchmark/config/common.yaml	2365	7648ff523de8c01763b626219ef8239784a536d08e1b97d24b92c00a2bc2636f
workflow/benchmark/config/datasets/100strains.yaml	445	22bdbfa3baf67da41b37ad9c6a241c11819faea34c0a158a828e9d7678e3b138
workflow/benchmark/config/datasets/100strains_legacy.yaml	410	a0019344a1579481c0bea307a3249086dfc476816635fbc8a5244a14f4aaccfb
workflow/benchmark/config/datasets/30strains.yaml	874	7cd3f79f0fd928d3fd80aceead553851961940a77ea4142dbf40ecec9b968f3c
workflow/benchmark/config/datasets/30strains_legacy.yaml	854	937d165b63a1799da28d1f640c283237693209de57ca018691b62b8c42ad6265
workflow/benchmark/config/datasets/arabidopsis.yaml	782	71ed3a48683fc1b8335ffd18c85189441d30bb53d463bd519793c08c57aa717c
workflow/benchmark/config/datasets/arabidopsis_genome_to_id.tsv	86	ad727cd0ec61cd16cf5274b6b8f379f901a44c63e21205a97fb8b4323e856065
workflow/benchmark/config/datasets/arabidopsis_sim.yaml	414	0405c6f130fae215b0430188a58f4cf3fe1ede23519ba7ce5185f3f68324d917
workflow/benchmark/config/datasets/drosophila.yaml	685	50032f2d57bd586d7a706272dd2bfe2742ab3b003e6ae554b911eb3ba112976e
workflow/benchmark/config/datasets/drosophila_genome_to_id.tsv	108	051723ec91838811e12f55a677a6842f6d26b38e2dd4d5e5b8d835c3faea1601
workflow/benchmark/config/datasets/drosophila_genome_to_id_GCA_018904365.tsv	106	8440f3df7b1e59f644591a9a7b343d9f5d2b30fbf3396a700c3e4c941cf0bc17
workflow/benchmark/config/datasets/ecoli3.yaml	356	e8bc44830ec35312bb5aaa09570d960d8f7ac96740d16ba72d8c6e2935a26f10
workflow/benchmark/config/datasets/ecoli3_error.yaml	767	6f6724a0b921d5999e356949807c2b482c92599254e432ec0dd0f6a8e0eb2aa4
workflow/benchmark/config/datasets/ecoli3_error_readcount.yaml	1149	73cb61f94f953998b4c9f35b43814e9af8f68b531056a3dbd708114448d23945
workflow/benchmark/config/datasets/ecoli3_genome_to_id.tsv	189	94db41a84a6561ef7f238c9b5bc3eba8a23ba0379838afa84fd0a56d70536592
workflow/benchmark/config/datasets/ecoli_error.yaml	658	acb9c484994e19da6b35508875ee0eddc1a0ccc608ac073ae6ef388d318f4d1a
workflow/benchmark/config/datasets/ecoli_error_genome_to_id.tsv	62	307b7bb3d061d7e48bc017909cfadab38458ee3b8cf0a827aa85df3348b5d37a
workflow/benchmark/config/datasets/ecoli_error_tech.yaml	645	f28b647b517d92ac22f8a246f974165ef72a2b57d645f4f48f26b477e528ac3b
workflow/benchmark/config/datasets/mhc_genome_to_id.tsv	54	d23d4e4837b978cd1f8b08cf7e4886a1e7c1431a04244f1b8f5c6b62593240f1
workflow/benchmark/config/datasets/mhc_ont.yaml	405	6348fc0d78df9f07bdf51c50c3b1a452d238ba9da2915cb82a233b73e22ae52d
workflow/benchmark/config/datasets/mhc_pac.yaml	404	175fffa42b3c1c46121cbbbaa56699f693838b3aaa3cdc659ff4772013c4c322
workflow/benchmark/config/datasets/zymo.yaml	1121	f523e8321b43a010d7247f9df3d00cda152f9eb3fb8678afe96c26f3627afce6
workflow/benchmark/config/datasets/zymo_genome_to_id.tsv	1090	7eda75d5a7bd085a5baf493a1fa340fb839a8054c96d69ea544d839ded80afb3
workflow/benchmark/config/legacy_single_dataset.yaml	1479	03eca761e2554ae5af64f4bb41bb825639ff6f741e95bf1960b49d0c8e6e9847
workflow/benchmark/config/overlays/dadec_dev.yaml	223	a497f39ae7f551d7185a9d0c73511360f567e81fad07503792a4c55a2222fc64
workflow/benchmark/config/runs/100strains/30x_colormap.yaml	132	aa02868cb0d145f2c92498f8227348241244cde7c4962788a2961787de6b2dfe
workflow/benchmark/config/runs/100strains/30x_dadec.yaml	220	12a72ac69c50dfd73d4ef8ca040014f33f37ea37260dffee0e2012b0bc683e9c
workflow/benchmark/config/runs/100strains/30x_f_hero.yaml	188	a700003a26fac848e1053a2c8bf248c01ffe2549803833de7913dd38e7089db9
workflow/benchmark/config/runs/100strains/30x_fmlrc.yaml	152	e02de14db463c7543968c35a4bff34e60ea2d1ba8f5706483bc8c2b3aa3fde97
workflow/benchmark/config/runs/100strains/30x_l_hero.yaml	191	7b8f2874c151a6c6fba6a286b3e0b1bc75133846da0f7f2240cb06fdd2648a89
workflow/benchmark/config/runs/100strains/30x_lordec.yaml	157	f61f7283ca3a2d01cdd73e4d75d5de9e9eeb1ea11bf08526ea55ba20c2b462f5
workflow/benchmark/config/runs/100strains/30x_proovread.yaml	134	3712b7d6fd12f9b85477f7b1365f3a7065811685e4e7a162c767083e7ebd28a6
workflow/benchmark/config/runs/100strains/30x_r_hero.yaml	194	558cbfea86efdd7b4a4200e8280ba4324e1deeaaf47c52db49b241f6e70807fc
workflow/benchmark/config/runs/100strains/30x_ratatosk.yaml	164	9e6d8028f225bda3d0a2410c002a1e5affd560445c52a137b2f0ee36fa1eec4a
workflow/benchmark/config/runs/100strains_legacy/30x_colormap.yaml	223	9d87a72ac48c8cee1cbf7ccc4582c1fddd9a6578dad1f08042f7dade9f69854d
workflow/benchmark/config/runs/100strains_legacy/30x_dadec.yaml	319	a5889b462cda81fefaf0eaaec09cffa587d596c9c80c7be278e6269b1f925181
workflow/benchmark/config/runs/100strains_legacy/30x_f_hero.yaml	274	29773c137f99c43b75a8c0e966f3b3e2c8c6202cdca9a7d139ca26545ccfe6fb
workflow/benchmark/config/runs/100strains_legacy/30x_fmlrc.yaml	238	7aeffbb7708331a280a32f9e9362ef8b21682b89200c8a9d377efbfe8d3420ed
workflow/benchmark/config/runs/100strains_legacy/30x_l_hero.yaml	277	6309c6bd1a11cd64d0996c0ba5f2c78e84e99b84a0890057b5bd7cfe8d44c2ef
workflow/benchmark/config/runs/100strains_legacy/30x_lordec.yaml	244	bf26c29eed669d9ed685e7b8c9b3c62965da543adec8a8d192733f80518f7253
workflow/benchmark/config/runs/100strains_legacy/30x_proovread.yaml	223	2e1bace55779652ca0d71177dafd3edfeb0f179ed0a676b41e5bd120a38382a1
workflow/benchmark/config/runs/100strains_legacy/30x_r_hero.yaml	280	02014e03032e713beef590596565d32fedd0c404844573f2a3fd8e23a9bd4f83
workflow/benchmark/config/runs/100strains_legacy/30x_ratatosk.yaml	253	67cf975ff09a1c65bd78ee2542d2efbc09108f8f6324ee15a3c6acfc5a4a8930
workflow/benchmark/config/runs/30strains/10x_colormap.yaml	101	f4ab406122c1bc7f92bd051be3deee03edcc317020bda2135ec08c51e8eadd2b
workflow/benchmark/config/runs/30strains/10x_dadec.yaml	190	aeb72f087422e620e214b86085ee7cc9207605ada0d8fb65b7d4f430322160ff
workflow/benchmark/config/runs/30strains/10x_f_hero.yaml	157	9367cf9818a5ccb1428c0b30e95b9ae573721aed4662801d9ff5cb2ce2498719
workflow/benchmark/config/runs/30strains/10x_fmlrc.yaml	121	17e9756e20575f5e94f9fdabd4b01bc783968e5e065d4333796b588c346b6dd8
workflow/benchmark/config/runs/30strains/10x_l_hero.yaml	160	6b6f79f183ccc5006d4bdcb3d389a8322fefaea77afe60adbd3cb751c1934787
workflow/benchmark/config/runs/30strains/10x_lordec.yaml	126	8ddf65ea4fbe053ad75b8b2db05105722be85057c84c5a068cdeba5b5dc2621a
workflow/benchmark/config/runs/30strains/10x_proovread.yaml	103	87b3be8da00a29e0ca3a44938b5b4306d917cac2f6a31763379dfa6bdb991f93
workflow/benchmark/config/runs/30strains/10x_r_hero.yaml	163	bb516dbf70c5b6478383c39efcb25d021afd817b342b4b30b3f34e88958a4d29
workflow/benchmark/config/runs/30strains/10x_ratatosk.yaml	133	7e6180972549f606cee52bc8f1d1e78a7ba1565f251d8e459e72e78cbd49727d
workflow/benchmark/config/runs/30strains/20x_colormap.yaml	101	d0d2c14d3a9640ce119db3beac18dc13f90fcf2bd8bd697ea6960733dbafe0a4
workflow/benchmark/config/runs/30strains/20x_dadec.yaml	190	80425cfb7f9fc79f74eb4327bfd7a80a7f4df9201baa15fbab6803e31f0acf02
workflow/benchmark/config/runs/30strains/20x_f_hero.yaml	157	f8ffa0a174880ec97f3843e17a378a10b40b7f2b16da415148f4482fe622a6c9
workflow/benchmark/config/runs/30strains/20x_fmlrc.yaml	121	44aed6bca18006819ba161ce9ab6613edf0dbaf70c99c43da8e9e80ed18e2a3e
workflow/benchmark/config/runs/30strains/20x_l_hero.yaml	160	a5baca12bedda50472ac75f0f70320ea226da1f38d687aacc74591e07faa9e97
workflow/benchmark/config/runs/30strains/20x_lordec.yaml	126	0ea9187728c9b54e1ca44259012972c40987c37302e647e269fe55e0fd92a5b9
workflow/benchmark/config/runs/30strains/20x_proovread.yaml	103	c869f87904bbf40f17724023c71f35e6f3383f2be4f73d8ad536220b5d81217a
workflow/benchmark/config/runs/30strains/20x_r_hero.yaml	163	173e0d40489fb30afafa0b567157b027dc446f876ea6302cb429d76f3f2f1c4d
workflow/benchmark/config/runs/30strains/20x_ratatosk.yaml	133	dfe5496cb27cd73fc92604ec14da7ccbe32254bd00d97c296793028f4fabd478
workflow/benchmark/config/runs/30strains/30x_colormap.yaml	101	197683370f51caf98785678b15655232337ae57a246be84f5e889718e71a194f
workflow/benchmark/config/runs/30strains/30x_dadec.yaml	189	414df63551c3f2bebf7c4ab2787959c5dddd36363e08cc0526fc9c5c2f726059
workflow/benchmark/config/runs/30strains/30x_f_hero.yaml	157	228068ab7c91a46ce86cf51991493874494152a23091995670ca0a42488fc833
workflow/benchmark/config/runs/30strains/30x_fmlrc.yaml	121	6edf92d50ef5ffa76345ec811f5243a31cb95a56e22d35ffa93510d577086ab2
workflow/benchmark/config/runs/30strains/30x_l_hero.yaml	160	09c489dc8ea5ac3c796fdbf1e46d04b6a9356005963484dac8257187b662671c
workflow/benchmark/config/runs/30strains/30x_lordec.yaml	126	ac76e3ba4b19620202a8c779c1c5629b73fd884e8f2927f138c33a055ea4de31
workflow/benchmark/config/runs/30strains/30x_proovread.yaml	103	8c95f3a4b5f2c9959fbe133ec41a2e7123881c8776e8f5642fef253687aa73cb
workflow/benchmark/config/runs/30strains/30x_r_hero.yaml	163	07a4d393b8899f7986d13d713ddf03b2b28783bb272ffbf9f7b42fbb2b1712f5
workflow/benchmark/config/runs/30strains/30x_ratatosk.yaml	133	18fb0c1b191400783097cdbb566ed6588e22701c7b1c53793e4245607ee3865e
workflow/benchmark/config/runs/30strains/40x_colormap.yaml	101	5be348dfa42641436cea57e6322218e1e15e6c137809b64accb3a45e14f35d44
workflow/benchmark/config/runs/30strains/40x_dadec.yaml	189	fd7f8eff7661eac8ddd113a26021d493840836ac7d7e13850341b821f07350d7
workflow/benchmark/config/runs/30strains/40x_f_hero.yaml	157	43fb8b2299b7d5573c578f9ab859cab1cdf99dbefcbf8779f2b095e896e9c3cc
workflow/benchmark/config/runs/30strains/40x_fmlrc.yaml	121	63391bcbb8388a466acbb0babc4e0adbffce8cc12adfc90eff938cbb2da059fc
workflow/benchmark/config/runs/30strains/40x_l_hero.yaml	160	34b85a4054fed3f99ceedd8e19f31da5f86853e50bd1adb053ecea71a632e952
workflow/benchmark/config/runs/30strains/40x_lordec.yaml	126	aa4e1e5cc3c9829cb7e7abb7148cc90c0dad7c28d1cde0705b31bffc3a858896
workflow/benchmark/config/runs/30strains/40x_proovread.yaml	103	bca4f5b4cd10b60b1831e31e6f925a7e2a140e9ff2a25506096c82742d022a85
workflow/benchmark/config/runs/30strains/40x_r_hero.yaml	163	7743d16973ba98659842d75a74907bb9d4bbbc60b9191664270b61eb9487d5c8
workflow/benchmark/config/runs/30strains/40x_ratatosk.yaml	133	714fa66086cb91476ebfb8fc30d8335e232b722fe340d00618623a6e7931521a
workflow/benchmark/config/runs/30strains/50x_colormap.yaml	101	7c693b1ea1b8d594b32727413544d4b3766d6d420be31e0f4df75a086dead4a2
workflow/benchmark/config/runs/30strains/50x_dadec.yaml	189	c3dedeb3db2241447a619409cae8f227f43edae829fbfbedebd0ec7cd42b68c9
workflow/benchmark/config/runs/30strains/50x_f_hero.yaml	156	fbf5663d6709941fc5cf3c81e68176856f6a3b3893feaf2899d16f3964368042
workflow/benchmark/config/runs/30strains/50x_fmlrc.yaml	121	aa50eb97dbd9d74f91418c055bfcb2ef77853110848d8cf32b3fee0d09f34332
workflow/benchmark/config/runs/30strains/50x_l_hero.yaml	159	8a866858c0724a3423edcdf54a57ea74d9058864d79f12e38460215a956a89ef
workflow/benchmark/config/runs/30strains/50x_lordec.yaml	126	2da1cd4d07fd44d56f55ddc7327b460013c08ae1936160980c295a2f0d3125a6
workflow/benchmark/config/runs/30strains/50x_proovread.yaml	103	ae50cce8648875e708395ccfb382e1b79f091802c0c5f1ada29822291387e2c4
workflow/benchmark/config/runs/30strains/50x_r_hero.yaml	162	8f54fbfcafa978dfe339640f3c21a9767e7bf2ea4afbcc0fdc502978ee4adae6
workflow/benchmark/config/runs/30strains/50x_ratatosk.yaml	133	7dda28cd8f146ea696fcbcfa32182924775ff4fd24e27164818c15750e81c317
workflow/benchmark/config/runs/30strains_legacy/10x_colormap.yaml	108	7eab23d564e400889372835b293e76c4fe30e26a59f510088e283cbb3ac0e7a8
workflow/benchmark/config/runs/30strains_legacy/10x_dadec.yaml	196	db022dfbb4eabdb70c5dcf6eef5545e7d0e13edfeebd696b37121e7121275614
workflow/benchmark/config/runs/30strains_legacy/10x_f_hero.yaml	164	d77e44da82588f5e3eb4e4345e982297b40eccc60ddb0a7d9c9eea0084569b00
workflow/benchmark/config/runs/30strains_legacy/10x_fmlrc.yaml	128	9a85eab2ddb0855af2412cfadb1d0680ed7c8c508168446147e1d6682bc5178a
workflow/benchmark/config/runs/30strains_legacy/10x_l_hero.yaml	167	198f0541a5f4d83448268b97587c22ff5d42eaf7d5aef2f0488a211077e54576
workflow/benchmark/config/runs/30strains_legacy/10x_lordec.yaml	133	e1c051454a6f460545850460e2c971653f2b1372cc001563c7bb016acc7c486e
workflow/benchmark/config/runs/30strains_legacy/10x_proovread.yaml	110	5511fa40fa9110aa4656b93408a437c3fd2b006e0a885b03780ce34f13d99594
workflow/benchmark/config/runs/30strains_legacy/10x_r_hero.yaml	170	86e6f4348820f532c4426b0e9c3ecb2b2794b13cb349b75c24d2d4b68a40967e
workflow/benchmark/config/runs/30strains_legacy/10x_ratatosk.yaml	140	2986d9985f18b43847cd4390a1a7eda51c756fb0b7929a72452cfe092b28764c
workflow/benchmark/config/runs/30strains_legacy/20x_colormap.yaml	108	665b7d1623762dd528a856aabd2104d70c2e04989f6000b5e8e6eaaf99e32409
workflow/benchmark/config/runs/30strains_legacy/20x_dadec.yaml	196	2623b4f5c06b9e556463ccde9ba816cac816fcb4a1192989aff988c196293114
workflow/benchmark/config/runs/30strains_legacy/20x_f_hero.yaml	164	f736e0033b96e71bf3a886023d93b8a111a7f6796be128cc1dba2b57431d519c
workflow/benchmark/config/runs/30strains_legacy/20x_fmlrc.yaml	128	30cedb1b8455ded676d066e2c62928d57527301ec0655eabc0d34cf1b6726d43
workflow/benchmark/config/runs/30strains_legacy/20x_l_hero.yaml	167	7228cc687a7c35ae2e250e7545fe350692ea515f1b798df74797ec74add0a71a
workflow/benchmark/config/runs/30strains_legacy/20x_lordec.yaml	133	c4898e6f44563ac38a3586c833fb8790ba21a5c696a15b1b1023681ff093b4a0
workflow/benchmark/config/runs/30strains_legacy/20x_proovread.yaml	110	16c8996641e1b32f4658f43b8d6659be177daeb61bdf1fa0d6a42a63eb8225d8
workflow/benchmark/config/runs/30strains_legacy/20x_r_hero.yaml	170	bfc85365bbbf4821186a08d8a59b2e77a53500aadb677cc1113a94aa1b00f955
workflow/benchmark/config/runs/30strains_legacy/20x_ratatosk.yaml	140	8958c202f53bfc242584c57740b8b309f82a604084e0b62bda30fdde6ed8303a
workflow/benchmark/config/runs/30strains_legacy/30x_colormap.yaml	108	2ae78cf224178cf37edde435a8f2beb66b001bec8c31349e8cbe00f88d48d9f4
workflow/benchmark/config/runs/30strains_legacy/30x_dadec.yaml	196	d3401e83070cde8a0d09e5c5e09188dcba0bf01366b167e1109898da0fba65c7
workflow/benchmark/config/runs/30strains_legacy/30x_f_hero.yaml	164	feb7d0e5cfb21ba599ba198c6f18a37b35fe55d1ce75e384b6a70505eb688bad
workflow/benchmark/config/runs/30strains_legacy/30x_fmlrc.yaml	128	4775dd3bf6f2ee2da58b8770620d200d61ca0cba697cb46c12341eb37fdb23d7
workflow/benchmark/config/runs/30strains_legacy/30x_l_hero.yaml	167	59cb278d26075ea7c40a4b0c304a9ebb8cab60def0c481d30cf865de43252f67
workflow/benchmark/config/runs/30strains_legacy/30x_lordec.yaml	133	2163e4621ff222c114d76e3657d3831e9d59716dc6271ebfbc216726ce566e4f
workflow/benchmark/config/runs/30strains_legacy/30x_proovread.yaml	110	fbe485d9c3b8d403db1a914cd526b474c9cd02a41a4d618ed1b604b15d8e3569
workflow/benchmark/config/runs/30strains_legacy/30x_r_hero.yaml	170	e5491be464927161693e7852f4f008bfa2405c3c68697f55d9f1f269f8aa1dcc
workflow/benchmark/config/runs/30strains_legacy/30x_ratatosk.yaml	140	c89edc296724b9e520618e12223528fc2d0457794b1333392c62a110497b7b7a
workflow/benchmark/config/runs/30strains_legacy/40x_colormap.yaml	108	427b2727a5733dd2b0c801b8086b2dc3016f2767c2ea47a22ebcc772fa33239d
workflow/benchmark/config/runs/30strains_legacy/40x_dadec.yaml	196	e976d11a293952f8d4a4eacf5601f9e2b0e5d0c8df8209abba2f84c1caf0e0d4
workflow/benchmark/config/runs/30strains_legacy/40x_f_hero.yaml	275	3ea2b6e4f9636b7f6ba57a2f135d2d95bed2e6e3fa633b79e2447fa367eba4c4
workflow/benchmark/config/runs/30strains_legacy/40x_fmlrc.yaml	128	58ac9166cbca139913ae05105445922b21d0ffabd0f691297274ead89b6f21d4
workflow/benchmark/config/runs/30strains_legacy/40x_l_hero.yaml	278	35d8670ec57b3114a48416981b51551936ac321250e7b6ceef7710b392f83063
workflow/benchmark/config/runs/30strains_legacy/40x_lordec.yaml	133	bff3015209e0bd7aa6344aa68e089b5cc8ca281bce3a8a46666eb9e9ec3d06d1
workflow/benchmark/config/runs/30strains_legacy/40x_proovread.yaml	110	73324f72d4519fb639c1da26399f2f95299a48a627d0073b1ab8883d0deca23a
workflow/benchmark/config/runs/30strains_legacy/40x_r_hero.yaml	281	90ddd0e944ba11bc6e24a1fed50493e2f0d3d4fb57ec0b152a874d3e32e3572e
workflow/benchmark/config/runs/30strains_legacy/40x_ratatosk.yaml	140	d5350d25272a9ba899088bb8b3ba866849ea3c61577b721a1cf2f56388682939
workflow/benchmark/config/runs/30strains_legacy/50x_colormap.yaml	108	f0ec1fa10964a0f5ffe3a99f92fbbe325f065bfb0ec784aa34c434dd84826a60
workflow/benchmark/config/runs/30strains_legacy/50x_dadec.yaml	196	e304484e7867a11b0232ac6dc382ddba7126debe25074bce24d3c0198cf61120
workflow/benchmark/config/runs/30strains_legacy/50x_f_hero.yaml	275	71871a672f59c57657a5e45770e9822da97cd3956cf75e6944ae380a91290d35
workflow/benchmark/config/runs/30strains_legacy/50x_fmlrc.yaml	128	1eb0acb9af832f0a0fe64d366be757d90384c4e865d1687b9458f424dbead474
workflow/benchmark/config/runs/30strains_legacy/50x_l_hero.yaml	278	56a4ac26d05489eb830e8ed6916d979a4005b29a430e4f44d5334152cbc5a6ae
workflow/benchmark/config/runs/30strains_legacy/50x_lordec.yaml	133	4a9ecfd87fcacb190e7aa9ea65e0cc0809e6f39e82bd82633773581b39cf959b
workflow/benchmark/config/runs/30strains_legacy/50x_proovread.yaml	110	9c7571d81a1d3ab360a3b9970e95ab2115fed68140021e2d86546c07afb37df1
workflow/benchmark/config/runs/30strains_legacy/50x_r_hero.yaml	281	827d87def17291848fd1d4494a116d04c7aef627dfd5f689d20c0e81943a6de5
workflow/benchmark/config/runs/30strains_legacy/50x_ratatosk.yaml	140	dd80c415f89266b856b8c90662e1e324c95a455fd013a8031f7447f23086c620
workflow/benchmark/config/runs/arabidopsis/10x_colormap.yaml	129	d8b94a9f8617e70c2929080d3998aee8e6cc96e0d0964e17d1bce404ed3875d5
workflow/benchmark/config/runs/arabidopsis/10x_dadec.yaml	240	92316f3c4044471276de6d47ddda3126f1f05a8fa19b2a5be9c9b82cdeb54165
workflow/benchmark/config/runs/arabidopsis/10x_f_hero.yaml	186	b0f6b2cfd5cee6edcd7d26b73cd7b4ffe336403d820bc9ae592bfa34416e3068
workflow/benchmark/config/runs/arabidopsis/10x_fmlrc.yaml	149	c39e88d4be2459baccf9fd0ec95350253f6ec118c8071a4a922ebd7a64baffde
workflow/benchmark/config/runs/arabidopsis/10x_l_hero.yaml	188	fa5777772fd923d23f11fefc031ed1ce128a0ef26437072f2b7eb980b2780414
workflow/benchmark/config/runs/arabidopsis/10x_lordec.yaml	154	cc62451ad7c0d6e33556f3fa49023dabe2b1cac402604807aa65d0e35ab73341
workflow/benchmark/config/runs/arabidopsis/10x_proovread.yaml	131	c55bbba61ef5c37af721f0f5a05d94363686d0845e12b4c300aaf8833ba4e372
workflow/benchmark/config/runs/arabidopsis/10x_r_hero.yaml	191	7ca20034bfe05770dc92105060529e1d37c8f0c366ac0b52dee6e8ea4f9d4f1a
workflow/benchmark/config/runs/arabidopsis/10x_ratatosk.yaml	161	cc68ea46df0c825328009d312f9b27b8a573997facf97d0725fcf51f9e42f737
workflow/benchmark/config/runs/arabidopsis/15x_colormap.yaml	129	d6fdb652e88e52f1bc0b0e4bbe8cea0c41a1c3e3aba5b1519d5d0d935a3c705a
workflow/benchmark/config/runs/arabidopsis/15x_dadec.yaml	242	8772af617a28c84d65390961e808060e9eb2324278abffca02cf4a7a1aeee5b5
workflow/benchmark/config/runs/arabidopsis/15x_f_hero.yaml	185	725b240043e408feb8ff7ce3b6d770a13b3fd8ba81897eb34fa7ba2581711682
workflow/benchmark/config/runs/arabidopsis/15x_fmlrc.yaml	149	201f50cd66eb4020aead65ffc38ce7dcc1b37a910a4a84c63fd6651e0ab5a9d7
workflow/benchmark/config/runs/arabidopsis/15x_l_hero.yaml	188	5fe8bfda76b841998c61b74f4dbfca360b1edc75a34dff252bfb42474dabe5b3
workflow/benchmark/config/runs/arabidopsis/15x_lordec.yaml	154	10e1ce60d1440fa6a8581069ea560880e89d8f8db99b74e97ca4a5128520abd6
workflow/benchmark/config/runs/arabidopsis/15x_proovread.yaml	131	1767fad970a9f0f712ba489fd7e833e50adfa1684047442d619f2ec4c8fd399a
workflow/benchmark/config/runs/arabidopsis/15x_r_hero.yaml	191	b6fd7819895e27acb7ce6398a94290a1a4a0022801e1e1c9777e4b4aab9c27db
workflow/benchmark/config/runs/arabidopsis/15x_ratatosk.yaml	161	070af6e2bf1b4e75864ba24db42aba4e24b331bad06da66d7f67e49ca3877869
workflow/benchmark/config/runs/arabidopsis/20x_colormap.yaml	129	4204707d82830a8c4b3f99ef2ad5e426374339ec1a6dc86bc5049bbf178624c0
workflow/benchmark/config/runs/arabidopsis/20x_dadec.yaml	241	c6c02d09acf5b4419481fcaa34284d26f3be241be31f34dc6e6d57ea270fd9a9
workflow/benchmark/config/runs/arabidopsis/20x_f_hero.yaml	186	badc27a088135bd9ea7c7c31fad9a3307d8e275c0d76d9706db2b926a994c872
workflow/benchmark/config/runs/arabidopsis/20x_fmlrc.yaml	149	646ff1effb821da6e763f77749290d75b73239a8135bf134d4709e3c7db04371
workflow/benchmark/config/runs/arabidopsis/20x_l_hero.yaml	188	2239d43831050818deeecc4bac4b91bf17b3df71cfd89bce5f06c1de45007c2c
workflow/benchmark/config/runs/arabidopsis/20x_lordec.yaml	154	51ae648e42305bb589711bd8a3e45b27232855847177f8c5a710951d6d5d3cd7
workflow/benchmark/config/runs/arabidopsis/20x_proovread.yaml	131	f9797dfc9a9e9f40b37a633fb4bc5cdda585079f8cd1944b900e481c1c8777d0
workflow/benchmark/config/runs/arabidopsis/20x_r_hero.yaml	191	6e613398ceda6375c9e6397f4866b269d41eff394dce22f08a513ee085291456
workflow/benchmark/config/runs/arabidopsis/20x_ratatosk.yaml	161	400ed28cb3306fe80ae39473210f60a65ee9776da5cb303a0214f0c32fd5a33f
workflow/benchmark/config/runs/arabidopsis/25x_colormap.yaml	129	5b31128ed9a233a9cc25b413a518f663d40752a9cf6f470db79ba7ccb8df957c
workflow/benchmark/config/runs/arabidopsis/25x_dadec.yaml	242	2ef7479a8bba3301d6e483259eff56a57af54c5cf122636fc97ce77a6209947c
workflow/benchmark/config/runs/arabidopsis/25x_f_hero.yaml	185	f718d1f31abaa4167c20801f703bf708b10346ae1a4777d7f634615793a62f2e
workflow/benchmark/config/runs/arabidopsis/25x_fmlrc.yaml	149	a667f2370c1a40a0fbecc3164858053e6732f1265cfecba484e144d07ec127de
workflow/benchmark/config/runs/arabidopsis/25x_l_hero.yaml	188	3063631ff7dd5cefb6a2f329ee603f5fdc93226ba785b545e85082100b858f22
workflow/benchmark/config/runs/arabidopsis/25x_lordec.yaml	154	ed023d7dbae5b22de08e1f31946f022a126878694d693ad5e0c79287fef3931c
workflow/benchmark/config/runs/arabidopsis/25x_proovread.yaml	131	3a83783dccd3d1a58b8f85ff6311b5a822a40175c02ec8c7d9b7f7ec1670c957
workflow/benchmark/config/runs/arabidopsis/25x_r_hero.yaml	191	d40a889fb88aaf2df5f2fcda835915553f1800b30a322e768012bb9fa4709b2b
workflow/benchmark/config/runs/arabidopsis/25x_ratatosk.yaml	161	c18a71bf21fd9a36ef597642a9a3d27d9f57cea3e2d271b94126b45d816ed037
workflow/benchmark/config/runs/arabidopsis/30x_colormap.yaml	129	2b577ae364b7b34ce941a33df433a4d4470a1349a300cb8fe16e054375698524
workflow/benchmark/config/runs/arabidopsis/30x_dadec.yaml	242	74f1d85aabb11abc5c3a3f8301789077918bd80d3a563f356b2609ef6b3bc8a2
workflow/benchmark/config/runs/arabidopsis/30x_f_hero.yaml	185	817ed4ea5173e60a49043870e191742c74157407370a5d3f8dd620b7e6929446
workflow/benchmark/config/runs/arabidopsis/30x_fmlrc.yaml	149	179c040ad61b42f4b44c26ca6dc02cac8d5810f651d4970a4602bbfa2cf12515
workflow/benchmark/config/runs/arabidopsis/30x_l_hero.yaml	188	267faae23796ab35147946e6b1888b34fb7440326cb6c0acc43ec194ab48b2de
workflow/benchmark/config/runs/arabidopsis/30x_lordec.yaml	154	c1c89ab7a5b6053451e60e09c33ac529c085d01787b460464207c303e9134503
workflow/benchmark/config/runs/arabidopsis/30x_proovread.yaml	131	525d4b762404702c96a6e4c148231d9d1b7ea28c6002ec47b414c3d4984a0b03
workflow/benchmark/config/runs/arabidopsis/30x_r_hero.yaml	191	5c7545e4b0ff1cc299ce19772e968e266b66f6ccdc96b0568c209a97af8f6ffa
workflow/benchmark/config/runs/arabidopsis/30x_ratatosk.yaml	161	644626c5a0f47041c6498abb248ec1bf0fe5176c0dc5a95785a8d2386e9cda43
workflow/benchmark/config/runs/arabidopsis/32x_colormap.yaml	129	ca579e6ba708016fdcb163848dfc6a375b350a1e14bad0e7fdd8683dc892192d
workflow/benchmark/config/runs/arabidopsis/32x_dadec.yaml	240	4077722b1ef4d4fae74614e1e587f057af4cd605ccbc435561935baee219e709
workflow/benchmark/config/runs/arabidopsis/32x_f_hero.yaml	185	5a9c8f4b67ef7662b5b826ad982f4fc38d9539939c744029abfa7c42b48b8c43
workflow/benchmark/config/runs/arabidopsis/32x_fmlrc.yaml	149	ba8f4d9d696717c4718b3db89428e91cd2437fc513234d223b095cc31b05d3b8
workflow/benchmark/config/runs/arabidopsis/32x_l_hero.yaml	188	662d1b38f8b1f228de8b653dbf86c08172fb8291778deb1734ad0be0cc404329
workflow/benchmark/config/runs/arabidopsis/32x_lordec.yaml	154	6798c56647b40b3c8601cc243e5cd1e41b051f93cf6fd0a7170ebde3e7352156
workflow/benchmark/config/runs/arabidopsis/32x_proovread.yaml	131	5db004a1f0dd587f6a5b1979359a87037587baca9253c63f9117146002047af9
workflow/benchmark/config/runs/arabidopsis/32x_r_hero.yaml	191	2357955fd2cdda59c65b7dd984061cb630adc69b285ef06a181fb31616ad2889
workflow/benchmark/config/runs/arabidopsis/32x_ratatosk.yaml	161	bd40d43aae0e811ba08dd5251a92a792e5c79bbe6f71bf22d97d267235dc9a93
workflow/benchmark/config/runs/arabidopsis/3x_colormap.yaml	127	0857ca3927e1dc1232662e2b534b1ae3c862bfedb9372cb194eee3e99e954e86
workflow/benchmark/config/runs/arabidopsis/3x_dadec.yaml	240	4b7633a284742f516efa68f3562e804212340cdb5d8b9b8124e2c539b3b3479a
workflow/benchmark/config/runs/arabidopsis/3x_f_hero.yaml	183	d317b44ee5e9b45bbc1c31f7ca96b6524ec7ed3199fb38a305d8273aa2366b6e
workflow/benchmark/config/runs/arabidopsis/3x_fmlrc.yaml	147	6e6bcd91c5c720f300ab5b1b297d5da170be65a0483821dd4d0f8a44a4e19c2a
workflow/benchmark/config/runs/arabidopsis/3x_l_hero.yaml	186	526175f076a48b12d2802921ea62e174a258769a7c962c431df0a5e577a79853
workflow/benchmark/config/runs/arabidopsis/3x_lordec.yaml	152	3ca41c9d3c0898aedbd58642a3e22580356073913898b32f601d8125ba4a11ff
workflow/benchmark/config/runs/arabidopsis/3x_proovread.yaml	129	5616e2ebadb65364359506cc4e5cddfef27f53483693059db548eaf20565a9ad
workflow/benchmark/config/runs/arabidopsis/3x_r_hero.yaml	189	51714d1ca5e823a8d892312b501555aeeb7a47ecbfeed7fc1efea9105db05eb5
workflow/benchmark/config/runs/arabidopsis/3x_ratatosk.yaml	159	12aa6f6bad0e7379fe18813823babf5f9d4bfc8ce121e6bb3fd938190578faf3
workflow/benchmark/config/runs/arabidopsis/5x_colormap.yaml	127	74c4212526f748b8cccbeda7d9734bfbd33daff81322f9071097e88908af0883
workflow/benchmark/config/runs/arabidopsis/5x_dadec.yaml	239	5d35e54f75bf732efca7bc8ebc668c4b514235f30abba8bbd44619a1b5e3554f
workflow/benchmark/config/runs/arabidopsis/5x_f_hero.yaml	183	de3ac57cd72428901516ae5a1fffef7208bce8a8e317fa99a45785f77955f719
workflow/benchmark/config/runs/arabidopsis/5x_fmlrc.yaml	147	1186f4704daccf18e7c5ba502ab9de86dc8396aca02feca045f160fc027a190e
workflow/benchmark/config/runs/arabidopsis/5x_l_hero.yaml	186	e1c56cefe9ad5272a800414d66e01e58566887e67f8f719d93b57a392b882c28
workflow/benchmark/config/runs/arabidopsis/5x_lordec.yaml	152	ec8bdf5a9f94a8013535437304f21187910d0f7234467cabdaae5a949ba5fedf
workflow/benchmark/config/runs/arabidopsis/5x_proovread.yaml	129	185255b65b734dd7cb17111e99f95bbd83cffa35596e9ff7091861ffe5fce6c9
workflow/benchmark/config/runs/arabidopsis/5x_r_hero.yaml	189	64e912dc42e48c305fa3148c8547154a2029d15fd25c95d1da88237facc62fc5
workflow/benchmark/config/runs/arabidopsis/5x_ratatosk.yaml	159	29f7ea6ce0a8e9880a5af17f1ea15870b79ac5a4d6d490b31fb8fc05c77fe787
workflow/benchmark/config/runs/arabidopsis/8x_colormap.yaml	127	59c4063ed55e4952bbb4871f040e2220838ff02436afb598cd026bf3d3dc38f3
workflow/benchmark/config/runs/arabidopsis/8x_dadec.yaml	240	4ac910b85a2dde4ac2e188f7739e95d306bf5c152d7d47d0ce746b3cc95130c3
workflow/benchmark/config/runs/arabidopsis/8x_f_hero.yaml	183	119da8f2931b2d126f50fb76163f12cfe87c4418bb15347e69767cdd243adfd9
workflow/benchmark/config/runs/arabidopsis/8x_fmlrc.yaml	147	d8df2b60eab24cababd318b793759db757df37e2abd3595880936652c42f3fbe
workflow/benchmark/config/runs/arabidopsis/8x_l_hero.yaml	186	af005e0b38afba472abd51defc71c534b0f6b1cc364e6f35c979ba31fafe4fa2
workflow/benchmark/config/runs/arabidopsis/8x_lordec.yaml	152	6e57cfcdba1a512d17711ef31fcad50f2ae562827ef5d306c1c139afb55169a4
workflow/benchmark/config/runs/arabidopsis/8x_proovread.yaml	129	63c4c36a1985a1bb35253723411b7e19a32aae103fc6a777f0647b1b73b5dea4
workflow/benchmark/config/runs/arabidopsis/8x_r_hero.yaml	189	ce5fd5faf23f2acc7428c5c85b15e1a5efa9f2992677f96f6369382914325889
workflow/benchmark/config/runs/arabidopsis/8x_ratatosk.yaml	159	74fe4ebc33d34e3e1764d8dde534078904c938234b23d1911a4924efed29f80f
workflow/benchmark/config/runs/arabidopsis_sim/32x_colormap.yaml	223	1d911086b1adbd8116216f31b14855e90165312348d5aa2c340516828f5e1f91
workflow/benchmark/config/runs/arabidopsis_sim/32x_dadec.yaml	254	209170a402b30085bfa31a1a40e07e0f0a86927f890019f583f4dc356c9b92b0
workflow/benchmark/config/runs/arabidopsis_sim/32x_f_hero.yaml	273	8352e6546e18967cdfeb6c3802114dfb3a8b0a76f09abdb7861b5be0cba291c9
workflow/benchmark/config/runs/arabidopsis_sim/32x_fmlrc.yaml	238	8e351de3fbfed73c83434bec1ea7cd964c5e70e924458c3c2c7287d5d9063e62
workflow/benchmark/config/runs/arabidopsis_sim/32x_l_hero.yaml	276	09c6e5a3ceb2a9dc645ce7f5b15c361c089b2bada2b30640b5c02e96a776314a
workflow/benchmark/config/runs/arabidopsis_sim/32x_lordec.yaml	244	5b1a9d9c4592ac86f9722ad7ab3eaee565503016af6968c03bd95d3b6df605ae
workflow/benchmark/config/runs/arabidopsis_sim/32x_proovread.yaml	135	4808db05160b3ecfc128073d6e6d4bdd4ab75e4ed22e7c9b7cf17f9666260253
workflow/benchmark/config/runs/arabidopsis_sim/32x_r_hero.yaml	279	8e2dd1eb6637eb4c4cc958abfcec4d52a962deb5342d88c383e013a21f881600
workflow/benchmark/config/runs/arabidopsis_sim/32x_ratatosk.yaml	253	0b27162a671e81452c8eb073f704598bae60fb9c728f1d1976504a684218dd60
workflow/benchmark/config/runs/arabidopsis_sim/hifieval/32x_colormap_hifieval.yaml	880	a0823e5f0dffa11cc689b122631fa137c137d5d00b0e14ce02646deb9c142f87
workflow/benchmark/config/runs/arabidopsis_sim/hifieval/32x_dadec_hifieval.yaml	948	61d3a817b1f4f24a1899f20b436508cf45ef55b29eb526a6c58213040ebf8d53
workflow/benchmark/config/runs/arabidopsis_sim/hifieval/32x_f_hero_hifieval.yaml	869	62ad4408ff0f30bac97e6faab84975cacb87f20350d5ef7e4e849b4c2c30fdb3
workflow/benchmark/config/runs/arabidopsis_sim/hifieval/32x_fmlrc_hifieval.yaml	866	ae9e4568b228d147abc3e8805369c9b9e1fd3ee64a42cd0f986f18c723d5b66b
workflow/benchmark/config/runs/arabidopsis_sim/hifieval/32x_l_hero_hifieval.yaml	869	58a5332f55348cdba9e080deecd81d793d0630be2409fc20c12bfc0ff3e4b828
workflow/benchmark/config/runs/arabidopsis_sim/hifieval/32x_lordec_hifieval.yaml	870	4aea3f75fa53a3acdd642426d122a1ceef46188ecf5ffde61bd5931513424de6
workflow/benchmark/config/runs/arabidopsis_sim/hifieval/32x_proovread_hifieval.yaml	926	d6e2c446d5d49da1144ee6a7ef93986e0966ecf7135c6e90ac64103922951d57
workflow/benchmark/config/runs/arabidopsis_sim/hifieval/32x_r_hero_hifieval.yaml	869	e919a904a4a21db033e28e12946d6eca9a63f9d04923bf997740229fc2bdda8d
workflow/benchmark/config/runs/arabidopsis_sim/hifieval/32x_ratatosk_hifieval.yaml	878	e60d675b9cb4fb3ea0cc0b677b339a44abfd3b8746adcdf825305b76d12519a7
workflow/benchmark/config/runs/drosophila/43x_colormap.yaml	269	afd04174e346803149474dae961388c8907cd943f167dc8217e9f79a7a81c4d9
workflow/benchmark/config/runs/drosophila/43x_dadec.yaml	216	de507bd6666ddc2db9f106a21a778e32ad7223824aec84e561eac732bd94101d
workflow/benchmark/config/runs/drosophila/43x_f_hero.yaml	320	7cc8e651db6d360132e5b8e74f097c4b686e4f254fb60794c98cb7fcd8aec81d
workflow/benchmark/config/runs/drosophila/43x_fmlrc.yaml	284	0e654d957cb02f65ea5f23c279fa3392bb6bafa95e125006f120a2fa864a80f0
workflow/benchmark/config/runs/drosophila/43x_l_hero.yaml	323	66494f5380b5d2f0628d1a1a88730e2fab32b7871c772768ee25b10b277805dd
workflow/benchmark/config/runs/drosophila/43x_lordec.yaml	290	f693d1ea238ed280bd9912c76b775553473169460d87539bf0daf31cf0f0229d
workflow/benchmark/config/runs/drosophila/43x_proovread.yaml	269	e986d7a99feb726574ce4806c5cda08edbe5e44be713b38f8edd51778c5a4e90
workflow/benchmark/config/runs/drosophila/43x_r_hero.yaml	326	96d1573724a70797234b9ee73168e87a0cc85aa080647bfea66ee63be0aada54
workflow/benchmark/config/runs/drosophila/43x_ratatosk.yaml	299	93f8e76a66466bf7235dbd25b0d5cc125b90226b7468b5237d904e83dac3a6c4
workflow/benchmark/config/runs/drosophila/assembly/config.yaml	2821	8ca3e3a093f607ba81cbfa294e5463823f9905bbdb98d864ae6de40bc6c8d3d9
workflow/benchmark/config/runs/ecoli3/20x_colormap.yaml	128	805163c605fffb8e517fbb420314e9a35a6df03d8835935ad381c3cddcc3e21d
workflow/benchmark/config/runs/ecoli3/20x_dadec.yaml	216	14068d6409d07ea274e4eebaaebd508e1eb4a02329e0c3e3125930625bf3c06e
workflow/benchmark/config/runs/ecoli3/20x_f_hero.yaml	184	558e39d8bb0b0d8ea274efbbd88a9df91877b240c15541943c835e2c1feeec42
workflow/benchmark/config/runs/ecoli3/20x_fmlrc.yaml	148	455ef507d1ee5a686497b18367186b4b732912558c02b8059b1e95dafd68e16d
workflow/benchmark/config/runs/ecoli3/20x_l_hero.yaml	187	acb646da1cc26a7746cfa771e61e21688ee94bfbc5115b280664dbfca8f490fe
workflow/benchmark/config/runs/ecoli3/20x_lordec.yaml	153	c416a0e406297f1c70a52623ddb05d0e37bed29de5c50bae95b06c2ed03ac7c1
workflow/benchmark/config/runs/ecoli3/20x_proovread.yaml	130	b4d883e02c98d2e5681acdfbef7391f7c7295b79f03ef9c3ee511f74a58d0dc4
workflow/benchmark/config/runs/ecoli3/20x_r_hero.yaml	190	721e7be5c158cb687022458ca9b1ac890ac35fe6f47122bce6830a06eaeeaa29
workflow/benchmark/config/runs/ecoli3/20x_ratatosk.yaml	160	d36b45353332db285f76897cc3fac8e73e87f6547fb3620503660a8844991f2a
workflow/benchmark/config/runs/ecoli3/hifieval/20x_colormap_hifieval.yaml	825	9a09ba6f5f25b4c821f1389429fcf5e79ad511fb5f789ffdbf9c53c40ad143cf
workflow/benchmark/config/runs/ecoli3/hifieval/20x_dadec_hifieval.yaml	838	105dc8c3a86bab80f9daa65d9dc19176b10483d0d3ad0589729e85946567ea64
workflow/benchmark/config/runs/ecoli3/hifieval/20x_f_hero_hifieval.yaml	832	111fc9f90e7b99f9b5309c7bda27f89941a57f55bbf16256ee9560652dea01ed
workflow/benchmark/config/runs/ecoli3/hifieval/20x_fmlrc_hifieval.yaml	824	65e11b0e7bdd5369a93b16240e2a6f0938ea382c92b96e9ce361f88e13e91773
workflow/benchmark/config/runs/ecoli3/hifieval/20x_l_hero_hifieval.yaml	832	b59b576479cc31aaf7c8d8be219215399fa8a0ef5c86b4eb993baf2be0902790
workflow/benchmark/config/runs/ecoli3/hifieval/20x_lordec_hifieval.yaml	823	e8ddfee3919e1f2ad7e4c1be02176d7aa8bb1ed30991221844e7f19e931a640c
workflow/benchmark/config/runs/ecoli3/hifieval/20x_proovread_hifieval.yaml	830	250fa461c0d8b945b19e4e86ffcc40a35aa198061cc7767f87f0ac698e326195
workflow/benchmark/config/runs/ecoli3/hifieval/20x_r_hero_hifieval.yaml	832	e6db7a442cf61df12bfd1e0fac38dfb40edd6df591b913aa2a63ff78234d64fb
workflow/benchmark/config/runs/ecoli3/hifieval/20x_ratatosk_hifieval.yaml	833	a008439d28784e2a8814b0bfddbddf382938f923ad51fb9a1dff6d43628bafa7
workflow/benchmark/config/runs/ecoli3_error/hiseq_colormap.yaml	136	1e5e409e85f8432dd4a0db536a4c89c62ba8cbc8a0206f972b975aa7bc4e649d
workflow/benchmark/config/runs/ecoli3_error/hiseq_dadec.yaml	233	2e19e39da236f47d6407eaed7f15ef7af8fd1ff8f4396e95c9859d5fc2f42ee0
workflow/benchmark/config/runs/ecoli3_error/hiseq_f_hero.yaml	192	f64a35895d5fe930520c2aed33a0817c2e8cb004ab10f82d93ca207ff476fb40
workflow/benchmark/config/runs/ecoli3_error/hiseq_fmlrc.yaml	156	2a2c595b0e16962892e4c079960465fcf040696547a8cee68692a87423b6597e
workflow/benchmark/config/runs/ecoli3_error/hiseq_l_hero.yaml	195	2c669b7f68a63ba8b2ddfda7cefa37775f3b2a6c2fa4c379f44be57866fd4f94
workflow/benchmark/config/runs/ecoli3_error/hiseq_lordec.yaml	161	5594c9a9bcabcbbd1279ce913df6aea0d48f2d44ac85bfac3913083240ed6111
workflow/benchmark/config/runs/ecoli3_error/hiseq_proovread.yaml	138	29258f689facc439f369e4534367a502af6906afd1d39b2b32a0543d5c398fca
workflow/benchmark/config/runs/ecoli3_error/hiseq_r_hero.yaml	198	2982e7d9f34b6e4873a7f9fc42c0723c724cbfeaf507d9a2c337a365de843a47
workflow/benchmark/config/runs/ecoli3_error/hiseq_ratatosk.yaml	168	3119621d1f6803b391d9d7412bb6994e057061c85c260c3884487437977362ef
workflow/benchmark/config/runs/ecoli3_error/miseq_colormap.yaml	136	ba86cdddb37fea6696559d8d271b29945a527aa9404b5d1ac95636c4c303ee75
workflow/benchmark/config/runs/ecoli3_error/miseq_dadec.yaml	233	f8581dfe41e57a9489fd43809f350115c33c6b7c54ff07889cf42e9d3cb66fd8
workflow/benchmark/config/runs/ecoli3_error/miseq_f_hero.yaml	192	53cbde3cea8136a25ed61578fa0d8af096ea760efa6038b9a4284cc3a51d1e0e
workflow/benchmark/config/runs/ecoli3_error/miseq_fmlrc.yaml	156	6be2df3fcc8e46d173e7297d62d529e93c01c6c56b4f18006ae61825c32c238d
workflow/benchmark/config/runs/ecoli3_error/miseq_l_hero.yaml	195	5b70b2c289074bbc6340372f5b46ee4681c7b75bc4c36616f151f8f1d609088a
workflow/benchmark/config/runs/ecoli3_error/miseq_lordec.yaml	161	d99e3098edbf17554ebe327be8056b4cd17f8f813b4fd2945e85dd77b6654082
workflow/benchmark/config/runs/ecoli3_error/miseq_proovread.yaml	138	eba0c176e25ccdbc7623117bee892372ac67b7ff08d20035d03abda4fec47cf2
workflow/benchmark/config/runs/ecoli3_error/miseq_r_hero.yaml	198	cd9c9b7c85a0681084dd1ac3c744e9eedc838cca37a79c953498cdb49eb7602d
workflow/benchmark/config/runs/ecoli3_error/miseq_ratatosk.yaml	168	fddd858db75d3f656168b1933dbee25121029d747da4ade751188b7db5a9bcce
workflow/benchmark/config/runs/ecoli3_error/nextseq_colormap.yaml	138	1b94c034b4e9580e17b7e2180564599cb654d4d1486738a5230bd4c622143a1a
workflow/benchmark/config/runs/ecoli3_error/nextseq_dadec.yaml	235	d2b160d1437fef8be6b0f55719cba339c87bddefad29ed35c94acfc5e50ec87a
workflow/benchmark/config/runs/ecoli3_error/nextseq_f_hero.yaml	194	d692690ecbcb2d462c4c06b571bf38bd14badc40585017c38c233f4ef6caceec
workflow/benchmark/config/runs/ecoli3_error/nextseq_fmlrc.yaml	158	6ff7ec90ae9dec70305c393ff2d60d7b17288a174e363d301900713ae70d1e97
workflow/benchmark/config/runs/ecoli3_error/nextseq_l_hero.yaml	197	a17df3b0d385a6572fe3541150003373adcb42e09db71be71658c268cc0b94c8
workflow/benchmark/config/runs/ecoli3_error/nextseq_lordec.yaml	163	04d4933274d50f65f8ffeef9cd495594bf4c614760e20a01acced601d4fb8e7d
workflow/benchmark/config/runs/ecoli3_error/nextseq_proovread.yaml	140	0f47a1e77570154794bc03a6c29c0d2882ba5c3e50ce60f0673f9905aa0db338
workflow/benchmark/config/runs/ecoli3_error/nextseq_r_hero.yaml	200	adad5ab4f68eba7d53de3f713f43aac881e7e358d33eb73ccca893472dcce803
workflow/benchmark/config/runs/ecoli3_error/nextseq_ratatosk.yaml	170	d77c4322562d1fa6d330f50c19403da1bb7411b619cd4bcc32d6bde277c7db63
workflow/benchmark/config/runs/ecoli3_error/novaseq_colormap.yaml	138	3d433d6e5853593d8d9456085bfadc7395a3e64c65cce8781182eb6d6757e432
workflow/benchmark/config/runs/ecoli3_error/novaseq_dadec.yaml	235	04a48d3da2a786afd2a459ee1b8fe61982581f676aac4a89ab2236f626af5da2
workflow/benchmark/config/runs/ecoli3_error/novaseq_f_hero.yaml	194	112b75f92e845bce10d25dcd95b939f45b13a2041f0d7ac0a8a6e48bdd47e294
workflow/benchmark/config/runs/ecoli3_error/novaseq_fmlrc.yaml	158	e7c4b5caf3910675a8de6ee39804ea7b567ab0557ca9ad03481b875f95a2736b
workflow/benchmark/config/runs/ecoli3_error/novaseq_l_hero.yaml	197	9e2084b143a545ade3ed121bae2ed7d44219093344c053e9fe855d12b6007dd6
workflow/benchmark/config/runs/ecoli3_error/novaseq_lordec.yaml	163	5eea81347325a5ff4d9dc5f905893308347474cfb819ea7c5a53f427936991c9
workflow/benchmark/config/runs/ecoli3_error/novaseq_proovread.yaml	140	12cd36d2634f1a5c78e5139298d6274a7b12b4cec7fb5c025cca10f8e8d9a414
workflow/benchmark/config/runs/ecoli3_error/novaseq_r_hero.yaml	200	858b277ed00d748653fa44eeb66035bef3c2e92d874b4caac0d139e5899f5cd8
workflow/benchmark/config/runs/ecoli3_error/novaseq_ratatosk.yaml	170	d7019e7f4756e21d51dbe62a04486756638afa74e99103c27d40ed3787ef2ff7
workflow/benchmark/config/runs/ecoli3_error_readcount/hiseq_colormap.yaml	146	98a0f4f2242bb7289da56a154f38ed5d0092eb17e7be908567926b499d5e088a
workflow/benchmark/config/runs/ecoli3_error_readcount/hiseq_dadec.yaml	243	28ba4da07ad3a476a0b86646e2c61ee18b219ff82a1dbd22dd9a4a0059f8cdcf
workflow/benchmark/config/runs/ecoli3_error_readcount/hiseq_f_hero.yaml	202	4c7cca39a3c2708825a0101ddc5c752c42da1ec1a9523db8eb58146f51ed086f
workflow/benchmark/config/runs/ecoli3_error_readcount/hiseq_fmlrc.yaml	166	4d5a5476c004d6bf43e74249faa5e3aaa3f4a59a0208db4772f72b7116eb6538
workflow/benchmark/config/runs/ecoli3_error_readcount/hiseq_l_hero.yaml	205	5043f0fc0ddbf11e98fb1ecec614cb949928f923d4e93298a7f91f2e316115e2
workflow/benchmark/config/runs/ecoli3_error_readcount/hiseq_lordec.yaml	171	ee15fecf4f06b3f4bc1033991cddd8c1a5ba73e21f3d63b36f9230e9fb6ab0af
workflow/benchmark/config/runs/ecoli3_error_readcount/hiseq_proovread.yaml	148	9305ad8756b1576f597d9f1350185a91baa9d81f62a53313270da61083c83d4c
workflow/benchmark/config/runs/ecoli3_error_readcount/hiseq_r_hero.yaml	208	b6bf16f77fc16282bc246cee929f4cc2423e5b1f246d6c2c4a102073db93c813
workflow/benchmark/config/runs/ecoli3_error_readcount/hiseq_ratatosk.yaml	178	b97be1b416ba0938cb9da60caeac4ea7cf234fe337ac38f061ed11dc1a34f9f4
workflow/benchmark/config/runs/ecoli3_error_readcount/miseq_colormap.yaml	146	7062b39f4327be41a584d526c6491c471b56bcfa0d92134e9c8f7a3aed29d5cd
workflow/benchmark/config/runs/ecoli3_error_readcount/miseq_dadec.yaml	243	042ac4645c5dc662ed60433aed0e06fea0381a1809ca4aa06f9b079e54a8ed11
workflow/benchmark/config/runs/ecoli3_error_readcount/miseq_f_hero.yaml	202	891421208488370e39d5cae1374d24233d2d8a973b877f7a9b109ad92ac4f4b8
workflow/benchmark/config/runs/ecoli3_error_readcount/miseq_fmlrc.yaml	166	a2f80c3cbcc253ee0327bf3afcfaa5760900c6b760265034b8f0538f45ffe1ed
workflow/benchmark/config/runs/ecoli3_error_readcount/miseq_l_hero.yaml	205	cc2c2a03ee692d41a1d5eb050a915e791af696527820fc3fe52ffe61c8bdcfe2
workflow/benchmark/config/runs/ecoli3_error_readcount/miseq_lordec.yaml	171	e39d0e4e034826730b7bb0e77ed2a2e814fe63b6dd66b5140526950a3682d8ef
workflow/benchmark/config/runs/ecoli3_error_readcount/miseq_proovread.yaml	148	f4136befaba86deca9d1f82385a7ec0dbd8897b2cc5372031c6f26a07eef331f
workflow/benchmark/config/runs/ecoli3_error_readcount/miseq_r_hero.yaml	208	f6352436c76c87dfe28c559d8cc7b7beda38fa7e521b8cd980d081f40d9c268e
workflow/benchmark/config/runs/ecoli3_error_readcount/miseq_ratatosk.yaml	178	42e38c97342db601d4d11d4806f86d4565849456fb0da373773942f4fdbe926a
workflow/benchmark/config/runs/ecoli3_error_readcount/nextseq_colormap.yaml	148	cc0c1ce015d90abb429b06bbce9f54aa266ec25025d88eb4f4ac4957331611a9
workflow/benchmark/config/runs/ecoli3_error_readcount/nextseq_dadec.yaml	245	4c5d59787005ed78e3639c3e5cb0b70fd304a4c3fef06872db5f24407ff73218
workflow/benchmark/config/runs/ecoli3_error_readcount/nextseq_f_hero.yaml	204	778c828e6e16aaef8bcfb7e761689c84fd4a2a892207520bd80973a526d43571
workflow/benchmark/config/runs/ecoli3_error_readcount/nextseq_fmlrc.yaml	168	52bba06ea31c545f1ab70fe73d8295ebfb31ee3759ddea6a5d2b23c5de2b3db7
workflow/benchmark/config/runs/ecoli3_error_readcount/nextseq_l_hero.yaml	207	0dc5d8d7f5898eb7789deeb3134c6a92dcacc515da8b405865d3d013d4dc3014
workflow/benchmark/config/runs/ecoli3_error_readcount/nextseq_lordec.yaml	173	b401cc9558942cef3becd335a549d5ef20452e5011f1e5b0addb1efec6c57536
workflow/benchmark/config/runs/ecoli3_error_readcount/nextseq_proovread.yaml	150	f1a5e9896ace5f71f0d1530f91752e4f041c39314ef3c81a186201d579e24330
workflow/benchmark/config/runs/ecoli3_error_readcount/nextseq_r_hero.yaml	210	ed957e71e336abee8c2c46f1f9612c5ca41ebe19057be5a72af7e21157ac63fa
workflow/benchmark/config/runs/ecoli3_error_readcount/nextseq_ratatosk.yaml	180	f45a2df52605cd3c12c6ba38cdf5e3c69eaf4207933c30f037d94007f2e95800
workflow/benchmark/config/runs/ecoli3_error_readcount/novaseq_colormap.yaml	148	0c518a185d88c76076ed5622412bdfb617e60730fee6fb2ba413aea9163dd214
workflow/benchmark/config/runs/ecoli3_error_readcount/novaseq_dadec.yaml	245	6bc6d446b225b654b4cef893f983d2bea7b9878ecb001575100f3b11773cf0ed
workflow/benchmark/config/runs/ecoli3_error_readcount/novaseq_f_hero.yaml	204	e71913de8c7cff3090ac3e09d596d3d1d1ba805295f0356a2387a0c714dd8024
workflow/benchmark/config/runs/ecoli3_error_readcount/novaseq_fmlrc.yaml	168	903c48f4ccfd0ee1e3dc40dd40dcee1d77ee99e253d44d56f7c7ac1de7d364d0
workflow/benchmark/config/runs/ecoli3_error_readcount/novaseq_l_hero.yaml	207	208adb6a51511e43b480702c957f88b7adc04b82e57d947bae6e4c35778b8064
workflow/benchmark/config/runs/ecoli3_error_readcount/novaseq_lordec.yaml	173	350f16b9312a07afae88ec02eaefb504a10df8bfaca083c0bc433db13e482d06
workflow/benchmark/config/runs/ecoli3_error_readcount/novaseq_proovread.yaml	150	46c6fd9afa4613e444452d05ba459d91ac8ba74a538e95534ed2066109b7c682
workflow/benchmark/config/runs/ecoli3_error_readcount/novaseq_r_hero.yaml	210	4cd2282b5b903fd889e7b5ff5443acf45fdff21ea96eedb0dd2fa03ce41f2aab
workflow/benchmark/config/runs/ecoli3_error_readcount/novaseq_ratatosk.yaml	180	3b0c3e469c7fc4fb9156121fad4b38e89d092dbdd37e8ac54c9a65d41411fff4
workflow/benchmark/config/runs/ecoli_error/hiseq_colormap.yaml	131	aca2d348f47a5a0cfc60747dd71ae98803316711370e0fc76151a49de9ee684b
workflow/benchmark/config/runs/ecoli_error/hiseq_dadec.yaml	228	b1df265a8457d09e9f83c55659db2517859444938bed73b67faabe36fe810ec7
workflow/benchmark/config/runs/ecoli_error/hiseq_f_hero.yaml	187	08124778835f1268ba8efcd8f89717a6e7842603e6685ac181291b401857d503
workflow/benchmark/config/runs/ecoli_error/hiseq_fmlrc.yaml	151	9de63e8f9ad71d968675a2f6568a88427e3c4ea5aeaa4439800d5009b0c56725
workflow/benchmark/config/runs/ecoli_error/hiseq_l_hero.yaml	190	c41f263a40f9d251e2e0c1134a80d2680f36492663e2735565e7280323cf4e4f
workflow/benchmark/config/runs/ecoli_error/hiseq_lordec.yaml	156	4385b863ce93388721e47087fc1be32ed0a7d38a34c763958045955bb4f53bb4
workflow/benchmark/config/runs/ecoli_error/hiseq_proovread.yaml	133	e872fc8765ca21799f8223dd431460b05c342b06d3d5392610b8a4a06581a755
workflow/benchmark/config/runs/ecoli_error/hiseq_r_hero.yaml	193	57bc7c71962b5bdd2a1900231bd8d4a94545d98675db22562e37f0878378bf09
workflow/benchmark/config/runs/ecoli_error/hiseq_ratatosk.yaml	163	16d2fd4b28cf477b8c9e005edfcc67e5271e7caa5aa751c3dd68d1580121e6b4
workflow/benchmark/config/runs/ecoli_error/miseq_colormap.yaml	131	1ff6d2a79cb94e53018047122097a63fcb150ee52d80078285aacfc2b4c87616
workflow/benchmark/config/runs/ecoli_error/miseq_dadec.yaml	228	ca824135a83346b52e88756a990c768b190eb3dc9d4d8eaf2f3bdc0ff5fb5f71
workflow/benchmark/config/runs/ecoli_error/miseq_f_hero.yaml	187	cd77b2782d44bf7120bb0ca5a567b81ff7fb2bec8bcf3fe11e21bf03d406563d
workflow/benchmark/config/runs/ecoli_error/miseq_fmlrc.yaml	151	0ba496c84184738c0f603458dfa97ed8f7ddd95f2daba2bdd0a1881a4d9c6bb1
workflow/benchmark/config/runs/ecoli_error/miseq_l_hero.yaml	190	7939e65d7737dca83cf2ccb879fd4777962c47cba9c4ba56ea0c75e7989207a2
workflow/benchmark/config/runs/ecoli_error/miseq_lordec.yaml	156	de733e99d680654add38eb2568d48397d2a6f9725c9d2a7d8191dfc7bb946632
workflow/benchmark/config/runs/ecoli_error/miseq_proovread.yaml	133	a70e1ce4f8ee370df8a8f1d1c0e919c94a9e8b9e83b87041de0886a0e8f3d0af
workflow/benchmark/config/runs/ecoli_error/miseq_r_hero.yaml	193	d1e4eb6973a2719081a959a9370e248ca8eb2a62952c64afe4e993d8b73661a3
workflow/benchmark/config/runs/ecoli_error/miseq_ratatosk.yaml	163	8c62528ed25b239a7141c68997451c86f0cb6c6987b077f1fb03aac680ba4509
workflow/benchmark/config/runs/ecoli_error/nextseq_colormap.yaml	133	cbd40cba7c272f41bb32ff04dba80438405df950421683da5eb69ed6e0403681
workflow/benchmark/config/runs/ecoli_error/nextseq_dadec.yaml	230	9caa6f23ec154e8b5d5b7935374862a213254bd1b13d5936e1e4e5283e4d1e52
workflow/benchmark/config/runs/ecoli_error/nextseq_f_hero.yaml	189	96d1526928ff229e0a9c05aea67481d665633ec541f604f5941d280f84008fe5
workflow/benchmark/config/runs/ecoli_error/nextseq_fmlrc.yaml	153	f666859b1b4684ec8855625d906e920df632a87c8f28e8e7a890127ef5b6a7d9
workflow/benchmark/config/runs/ecoli_error/nextseq_l_hero.yaml	192	15561853198287fb458ceb73ee23305f1d44f28133977867f5d4870ccf1a0535
workflow/benchmark/config/runs/ecoli_error/nextseq_lordec.yaml	158	f159b24e62a7c5faf3bf94bac4f4f7ce84fe0ab76b617bbe94be92cdb6824976
workflow/benchmark/config/runs/ecoli_error/nextseq_proovread.yaml	135	f47b037b5ffd98a067ae8fbb1d89a5c266e7aa5bfa4c24ef1c22854ab59b1e5b
workflow/benchmark/config/runs/ecoli_error/nextseq_r_hero.yaml	195	5b365a38df887a3a5a8600b67203f39b75a759e09c12d2306d0eb4824e45bd22
workflow/benchmark/config/runs/ecoli_error/nextseq_ratatosk.yaml	165	88a4ac77c46fc4f5143a2b65e5e011ea6399fe082a853b1f8228a19a85227869
workflow/benchmark/config/runs/ecoli_error/novaseq_colormap.yaml	133	ab2d0fe48237a9981561710e2f53540c552baee532007acb80aec345d982f11e
workflow/benchmark/config/runs/ecoli_error/novaseq_dadec.yaml	230	f5d7a57054cb7884a40b6c28bb496d065f94fd03cd3ea710ae77d1a0e1295c44
workflow/benchmark/config/runs/ecoli_error/novaseq_f_hero.yaml	189	a56caa925077c13d16fbcbd4712ccf28accf9498c95989d23c9738b0897ffa92
workflow/benchmark/config/runs/ecoli_error/novaseq_fmlrc.yaml	153	a254c17fdc0182e43357b3ef5c4755893398b0db6c13089d147a942802a462af
workflow/benchmark/config/runs/ecoli_error/novaseq_l_hero.yaml	192	94549a6c53988fc6a4a4c4a851b559cea28689fcfd144db4e76fdb19795315b4
workflow/benchmark/config/runs/ecoli_error/novaseq_lordec.yaml	158	40e626b224a0c81e5a39884451e8a957fc66a3b3c4164085aca294bcfb0943e8
workflow/benchmark/config/runs/ecoli_error/novaseq_proovread.yaml	135	b76aca9aeb6db369a96dc0d68395e094fa231790c252fb3e0626a5ca4f6b095e
workflow/benchmark/config/runs/ecoli_error/novaseq_r_hero.yaml	195	2f081d79eac81e27ffd704a07347a8f3d1d7b91bfbbdf29eef55d7abec341e99
workflow/benchmark/config/runs/ecoli_error/novaseq_ratatosk.yaml	165	c4d39a94f347835cd925b51fc67af6878aa94f236a4e92a445a8df58c34daf39
workflow/benchmark/config/runs/mhc_ont/50x_colormap.yaml	203	c99605f610b41800c07fec397b530e0b0d478c4da642b60fb0c3387b63036d42
workflow/benchmark/config/runs/mhc_ont/50x_dadec.yaml	242	464e82536e3c6ef4835ddecbd04601b7f1c8b9f2832a4f4ba237fce48c7b57f9
workflow/benchmark/config/runs/mhc_ont/50x_f_hero.yaml	253	df480d9eb2588de7c5be28233e6616a519f3520daf7fe3988456e7e47684670e
workflow/benchmark/config/runs/mhc_ont/50x_fmlrc.yaml	218	5290452d8a632082e39ee0483b2394d0ee113e812383dee443b335b2cd87428f
workflow/benchmark/config/runs/mhc_ont/50x_l_hero.yaml	257	959211fac210af1944adf68edc9c9bd945193abdb9552b62c2e959b4666829f4
workflow/benchmark/config/runs/mhc_ont/50x_lordec.yaml	224	fec01b7fc675954db7e90a06deeb22ded3aac4d69926274e849631a1a6fd9eee
workflow/benchmark/config/runs/mhc_ont/50x_proovread.yaml	203	d1578a1b223cf372cdc259884c60dd82b32dbdb1ac84ed513c9c89c046f5c7c8
workflow/benchmark/config/runs/mhc_ont/50x_r_hero.yaml	260	ddf2490d8e1d76a1ceea748c14a7bcb97b50d06d54104b548ee6430ef84a9ec5
workflow/benchmark/config/runs/mhc_ont/50x_ratatosk.yaml	233	a6661e639ad006dae42813210f92209c267d8d7219df5304e610c0df2919da60
workflow/benchmark/config/runs/mhc_pac/50x_colormap.yaml	202	aa69e99433616d73bb1bdb88d4c733bb770679608ea630830ac809663b4286b5
workflow/benchmark/config/runs/mhc_pac/50x_dadec.yaml	242	d29cdc6b15c9f119b5796a753a6e6fdcf7eebc8860e2485f88098ce31b28d06b
workflow/benchmark/config/runs/mhc_pac/50x_f_hero.yaml	252	a91269bae1b4ba2ac500db0215c9df4b84ada2dcf5906253e897970d445380c9
workflow/benchmark/config/runs/mhc_pac/50x_fmlrc.yaml	217	5ae5e2fdbb0d83af24dbae3e231ed195038cd93f949d0923fd15f0ac140b8f09
workflow/benchmark/config/runs/mhc_pac/50x_l_hero.yaml	256	7e23a5f938429fcf4415457e8e2db7d9b345453cbdf9b049b3660c235eb1ea06
workflow/benchmark/config/runs/mhc_pac/50x_lordec.yaml	223	5a6fb2fbe328e195dee8a190d7b45d04baebdee84c7c519baf9d1b944a7c9d65
workflow/benchmark/config/runs/mhc_pac/50x_proovread.yaml	202	5ad4882165e5de10d5713d70148f6230ddf0e3372ce6cf1233461fd313133756
workflow/benchmark/config/runs/mhc_pac/50x_r_hero.yaml	259	a8e333a7f357c7d07de4ca5af1ae1296fdd70c562f30e402c7bae241c6ad3c77
workflow/benchmark/config/runs/mhc_pac/50x_ratatosk.yaml	232	b6b6a910272a9c60f99f87d58100c66e30adfb2cebf48f5d12eb2a5d0691a7aa
workflow/benchmark/config/runs/zymo/10pct_colormap.yaml	386	cd8d7d62401a05df5c24ed9d3177ef25ada69c2ae75733c0597ada2f0b67096f
workflow/benchmark/config/runs/zymo/10pct_dadec.yaml	227	90f1b9c59e6a89cfc47f834de5102672bec3e6e748da526e9a8b5ab54d1bc2c1
workflow/benchmark/config/runs/zymo/10pct_dechat.yaml	333	5f26560296e3370293ac8730b125cb62afd1d3b6d91e626280c5326230ab687c
workflow/benchmark/config/runs/zymo/10pct_f_hero.yaml	431	6dab565bbf7f535a228dd92b513e735ee4e8c27a85837c6b770345dea47c9afc
workflow/benchmark/config/runs/zymo/10pct_fmlrc.yaml	396	d10cbd08531088a86f2b1958392d21f3be4f31a9bb4b4feb3fc884a08a76a4eb
workflow/benchmark/config/runs/zymo/10pct_l_hero.yaml	434	0fe6875ece708f243a6e7573fcf66d85ae6944b9de168b02e045131fc9d6bc4b
workflow/benchmark/config/runs/zymo/10pct_lordec.yaml	403	557e5f8002125a35d0601226ec56a52f6789d93664c854fc0967d2fa39ae9424
workflow/benchmark/config/runs/zymo/10pct_proovread.yaml	384	0c76316149ff64f91fb122fe72ca701ac634c6beaaf954449c195926287561cf
workflow/benchmark/config/runs/zymo/10pct_r_hero.yaml	437	7d4f6bd15a268840f2c0fc7c54e90e89e532762ec10115d929a13c429774362e
workflow/benchmark/config/runs/zymo/10pct_ratatosk.yaml	413	04aa28c873e3f7994205f7b3ada804dc9d5a80868e025ec41dda41f8bc456edb
workflow/benchmark/config/runs/zymo/10pct_vechat.yaml	333	0dec1694c74c8ec899c62cae300cfff16affb091db0518d16a38438d2582a33e
workflow/benchmark/config/runs/zymo/20pct_dadec.yaml	227	86059c448559f222c2add5c50503f668a2afd83c6d4e3db1a9184b8596594983
workflow/benchmark/config/runs/zymo/20pct_dechat.yaml	333	cf0e3953570d8e96374deed9eda495c82f4bc110df0c63a8c707149bf010f551
workflow/benchmark/config/runs/zymo/20pct_vechat.yaml	333	68facf582364213d34a96b3dc1ccc776adceea53a67d752c2b0130b5392639f9
workflow/benchmark/config/runs/zymo/30pct_dadec.yaml	227	944199c2d0e367d79dc1e01a7d0e3b5fb3822ee633c0088a70f6fae58a1f9929
workflow/benchmark/config/runs/zymo/30pct_dechat.yaml	333	73ceca3e5636b40223fbbf75b0cacb199377d7afb0ab41903d11440812634468
workflow/benchmark/config/runs/zymo/30pct_vechat.yaml	333	076843fabbc0f8a7e557e1f55f77be79a7aa8c3484acf59e78a24d316113af7f
workflow/benchmark/config/runs/zymo/40pct_dadec.yaml	227	218169d58a187173ae9e5fb202af8cea70b353dae5e24446abaf060ef15f0fb6
workflow/benchmark/config/runs/zymo/40pct_dechat.yaml	333	f1fbeb10b0852b1655019bb1915a3174935bc0eac410b7f833399ded4c027530
workflow/benchmark/config/runs/zymo/40pct_vechat.yaml	333	faa378e9ba799dae5494a71455f3710e9fb427181643a27ef20c79ddeb36013d
workflow/benchmark/config/runs/zymo/5pct_dadec.yaml	225	0e0b84033a385b00082e948feb14f3302195fd05270216acf02aef304a109fb7
workflow/benchmark/config/runs/zymo/5pct_dechat.yaml	330	e2059b839c143fd25f50eded8d681396c391dfdd185260d5936021ae414794a7
workflow/benchmark/config/runs/zymo/5pct_vechat.yaml	330	7cfbf3b99d2551febaad077a416dc1ed6fdff3100e361f4f273cd02f5472ea68
workflow/benchmark/migration_manifest.json	2959	f95e3e0e06ba40eb6a972559a869460b3b3c64c143521d45af352a2fae5c25ec
workflow/benchmark/quast_cleanup_incomplete_manifest.json	724	d8812d33b05607dcd5b5a5fbf415365ce6991b4f01c2f0d4055fd77aedb0a84e
workflow/benchmark/quast_cleanup_manifest.json	498575	70b422e9e438e47e79fef6ff1da31155ab5e2ed2798984aab16b27eef4d92211
workflow/benchmark/reproducibility/ecoli3.yaml	923	dd054956510b3d81b2be0f62eaa191953ffe01c60f5f7ebe7c4b0898710be1a0
workflow/benchmark/rules/correction.smk	23	ad46c24d5e892c4e64e583a57a0730d9a73394bfa1a8f2e8c05fd2482ec16a30
workflow/benchmark/rules/metaquast.smk	4851	26a3a01bf138f32998ff6a0dc68098f8387b76c13c1793876d095d4d71eaac37
workflow/benchmark/rules/methods.smk	16289	795249e58187a6e0a93fa561dabf34ddc3144d19d659c5582a4e0aa853bb0591
workflow/benchmark/run_dev.sh	923	fdd023a9e900771d65930b1d79434210df62201cc58364e7dd79a9698148df51
workflow/benchmark/run_drosophila_assembly.sh	151	87d451ef842404cb7127eed588a2f3b695cf476f131ab9c55c286e3232bbae74
workflow/benchmark/run_ecoli_error_quast.sh	1494	270826f03802a9ffea2b1bf8178c6bb085726b8d2c5a3d842cec722f2911868b
workflow/benchmark/run_layout_migration.json	52480	382b793b4b99d0b2f4fad5af0f4b4d60830f7653d4bf489bf44132f8d210a75f
workflow/benchmark/run_one.sh	7511	12e750ed9de7feb2b36089439f07a4db15293f80d8103f8e05f5d8f8aa4eedae
workflow/benchmark/run_tmp_cleanup_manifest.json	289451	0c2f0d95be24922aab41311796df17730839c80c3536a28d733cd58d1b54dd1b
workflow/benchmark/scripts/aggregate.py	2791	8866e5d4d18130c5622ccf462e2d553582b93fbb7ac9ee5ab778929a2893d84d
workflow/benchmark/scripts/assembly_pipeline.py	21275	8521a09ef65b49507c022fb5b8ae5b0e8c32938103896102d28ea14c46c00667
workflow/benchmark/scripts/classification/README.md	738	096b246620feaf57eb06a4bdb3dd37e87dd051a43c1cb7df109e3a0fd582507c
workflow/benchmark/scripts/classification/Snakefile	7102	88f80c1e4ff9eadfe59d27bed86ca3ea48bba3f78eee172735251a3e72a5ab11
workflow/benchmark/scripts/classification/scripts/aggregate.py	2346	97ddbcd598f5839aed34a7294dae66b4870dfcdb3e9f959eb44e20ff34499084
workflow/benchmark/scripts/classification/scripts/classify.py	795	b15d2ea5ad848f9141f8298d0cac0967fa5d74c315e480803326cf7b1efb7b24
workflow/benchmark/scripts/classification/scripts/common.py	11500	c1b97ba23b3cd10955f5253dc8621d9a8a42e866e164db405d328e1d6ac29e82
workflow/benchmark/scripts/classification/scripts/compare_reports.py	2549	6a4d86330cb6edd3ffbd3988665b294d2dd123dcc45b925e471725cc3973fca3
workflow/benchmark/scripts/classification/scripts/evaluate.py	9941	e907d6749ee8076f6bf683737fbfd50e5007d175d803797638315aafd6420553
workflow/benchmark/scripts/classification/scripts/materialize_import.py	1555	5bb59d48660480a705a4cc4a60d3039d5cb4f321fa290536169a684650939fb4
workflow/benchmark/scripts/classification/scripts/preflight.py	4705	9327096ad2d55e3940d801629b7cf1e5ed9564e6341fefcdd1f15b6c81b2418f
workflow/benchmark/scripts/classification/scripts/prepare_database.py	4034	0ab2c419b3e79f7e1a45858f60b979e3864cfd6bf30ab64a485bdf18da32a25b
workflow/benchmark/scripts/classification/scripts/resolve_fmlrc.py	3037	6589b8404e7789c670cc11965691e2f2b1f663358434869b108864efcc13a557
workflow/benchmark/scripts/cleanup_run_tmp.py	5193	cdfb83bb88b3320f3a37aef2fc96e0a502e29ef874456114dc2e0c1e489ad40e
workflow/benchmark/scripts/collect_hifieval_results.py	7138	aaed47fedc532c3170bfa0f9def731c6cbdb3dee4298393d2bb7830e4a079cf9
workflow/benchmark/scripts/collect_run_summaries.py	6931	574d5b6f9db6af8e95ccfc3c7607eb2dbd722eac689b01c2b1e03d763d14ee79
workflow/benchmark/scripts/collect_summaries.py	2147	32bb5d31bbbc87af3d1574a79d00c1f5b1dfb4e2a5e5c9d8eae8db3aee5317a9
workflow/benchmark/scripts/combine_resources.py	1014	0c69c1408d11ad67e3ee51bfb007b444f2efe50a2bd44be92db348fc03ae8606
workflow/benchmark/scripts/compact_quast.py	4921	8a67d5ff3249d4b1ec3ffebf49dd2596499ee756bb56819484976b04c052adfc
workflow/benchmark/scripts/compare_reproducibility.py	4375	c82306acc1ff8593c4089d7baec64b3463e7a4ff30487f5a486ae325cf692b6e
workflow/benchmark/scripts/evaluate_raw_long_reads.py	8326	97d734da7dd25cc0fcc9c521c4de675b4977ae0796ecda6a83549f42010e467c
workflow/benchmark/scripts/fastq_to_fasta.py	1691	c033a3a37f1bbda6ecfc31ef3b7c354f699b25b9b839c3cee98dd7548cd1f035
workflow/benchmark/scripts/inventory_legacy_zymo.py	9338	4602d03e1e469b0daa752477ef7eb8804115d04ab2e0e16b7d71e7359256fcff
workflow/benchmark/scripts/method_config.py	5075	73f79fda0b077f9714f92fbcc27f047568c119b0a5ff1854b269888996f5cb99
workflow/benchmark/scripts/migrate_legacy_layout.py	3430	0036746dc9217e4d186e0eec01f515f3c39861be56f7493ad951277e39c3c65c
workflow/benchmark/scripts/migrate_run_layout.py	4737	0a458d5e3ed7a43fe7042444e7bbe1535c387e1d725e2bf519ac904d132742fd
workflow/benchmark/scripts/parse_metaquast.py	3153	d3f68e155d92c45015d7304958d6eea65f423cb9c0a9a2385afd5d466993cb82
workflow/benchmark/scripts/parse_resources.py	4230	ae765af650ec16b30ed0fb69e8f9e94960bb1cb8d0d7313092a4779d7a891e1b
workflow/benchmark/scripts/preflight.py	5972	50a47816c4bee68bba47d66148ff7a2eef514dcdff1e5fcd1bc073bc4fd1d46a
workflow/benchmark/scripts/prepare_reads.py	1173	586f5c6aaa96d833d0a0c46c46752125b4cb59a778ccad3e2197173f0c4b2b75
workflow/benchmark/scripts/prepare_reference.py	2944	62d9261a6cb5c9e69b5b52e9b9304f28e8588db47dc5b5bc3c92552d9a499138
workflow/benchmark/scripts/provenance.py	2208	9c57d9d639a7be4a2ab718f96cc9e8853086d7009ceed8fd66773b809ea3f078
workflow/benchmark/scripts/run_hifieval_eval.py	24138	d64e2710a740eac6508b7ad52027f7af8003de326d09e636de6d39ab21082041
workflow/benchmark/scripts/run_layout.py	2889	9311c71fec2aaf941916a3f38d67851f408585151e430a170fc767ae5041e95c
workflow/benchmark/scripts/run_method.py	9361	5ffabc62874fb55d94c6ad5ec93631611eb49c9e9942b6011dbaa09d5a7333e8
workflow/benchmark/source_inventory/zymo/README.md	4892	44aac2ca91c8f5ce487cd5de765248b892202d1605acc31a559cc4928138ab7a
workflow/benchmark/source_inventory/zymo/article_crosswalk.tsv	1583	ddb3ac0613813582129c165a33563a8c311066e957f63f23114f195f27cbe462
workflow/benchmark/source_inventory/zymo/correction_summary.tsv	1812	42fd3343c830a347f3e0f7712f9bdbd139d856bb0facd66d4b9babe0462b2828
workflow/benchmark/source_inventory/zymo/coverage_summary.tsv	2120	3da085c575086548d4cf7bcfa37a3067f8df3ce3d1dbdd72e42d77336a952219
workflow/benchmark/source_inventory/zymo/method_categories.tsv	1859	abe2ce17921b12a2821c0d61c52427bea10e1990003fed2df8ac76ea13167165
workflow/benchmark/source_inventory/zymo/missing_or_unmatched.tsv	1494	7ff387de3bebad6ffa26bc1a6dcca5e6609e3af6d2d8e96b3b555843e1c4a2b1
workflow/benchmark/source_inventory/zymo/quast_metrics.tsv	12343	3e778e4c6098a31355a0928928a9f9e5f76d9717c2e326ef095f11d1e998c350
workflow/benchmark/source_inventory/zymo/source_files.tsv	43458	c0845006f32f66c1d02176ea5179bebd1cf89770541f39aa4a52f617efb60ed5
workflow/benchmark/tests/test_assembly_workflow.py	12303	88f46158d2367fe7b9af5d6eaa96f1266e5d198422f36a949ef1387ee5b3b196
workflow/benchmark/tests/test_classification_pipeline.py	4683	06a30edb1b38ade096a68e12f13d09bd0cbfde59518de56080b26448cd245b1c
workflow/benchmark/tests/test_cleanup_run_tmp.py	3474	324f1e21993d1dbc8892ae5f73143e03841c531cf0ba3e774f585f83f2964e2f
workflow/benchmark/tests/test_combine_resources.py	1152	0ab2c808729385c3acf805babb9ac175abba0342a7ca63e73aa27f84b9b5a177
workflow/benchmark/tests/test_default_parameters.py	8652	1553bf9153a4d6e05467fa8995fb91273eebd8946b81e6f2db931e27bab9f4c4
workflow/benchmark/tests/test_fastq.py	1217	b5bdf5308871644340e0799bff4659b5e464e6633e63dadfa9fc7d8091b52a6a
workflow/benchmark/tests/test_hifieval_eval.py	13425	ec88c139890a355fec55f8252974279dbea5b6245003144743c21603621bdfda
workflow/benchmark/tests/test_methods.py	2783	cd26ff932029fbe73cd8120915e41c6a8244cc2d76c2c4e69af16040291c1dcb
workflow/benchmark/tests/test_multidataset.py	4059	36191bfdf177de662811b9ce5f5e08e8836c18e32baebf17286d8f414f3efd7c
workflow/benchmark/tests/test_parsers.py	5036	666d35610cf9f7c1c3d7a162b0694c189915c9f438e349738c310e4d575e847c
workflow/benchmark/tests/test_preflight.py	928	7a9cab247e9d661da1101f221fee37571787cce4d664608bdf61053f076194d4
workflow/benchmark/tests/test_prepare_reads.py	754	fa412f1bcf9a0d30430a057ab9ff3f284c77e3191c2e9c20373f3cccbdf8f3bc
workflow/benchmark/tests/test_quast_cleanup.py	1796	e68a42e93716979d6b8543375c80eb62f4d050e557ea6a94ec15219dfac777a9
workflow/benchmark/tests/test_run_layout.py	3166	085e478ad2a545f630742ad3be30928a75d1cde80533d6104a50b1abeacf26fe
workflow/benchmark/tests/test_run_method.py	1592	9ec8c13dbcb7bf2e061a6a2b1048a3e042d89378f3fbafa54fb3b07c858393e2
workflow/benchmark/tests/test_workflow_dependency_isolation.py	20278	467a2d339d3256d4bffe0e2e040bfe6595b8f2962a1a484f5bedf0b95e561b9e
workflow/benchmark/work.sh	549	2d1e09521db9abb04e7d07c5fbbb13dde8b38fe446ac75cc37b54a269dc61e2c
workflow/benchmark/work_scripts/100strains.sh	678	004a10128a5ebc3f586a77600db69feb3a00a093724be82dc57460ac59806b52
workflow/benchmark/work_scripts/100strains_legacy.sh	2228	34443816bdcec20cfc6c65b7109dc48fb368fd805a9a49e0a431b48018165af0
workflow/benchmark/work_scripts/30strains_10x.sh	1407	01b1f7ddee6a9774a32a108f3b0064e776a0240e403593f14210e525a676a65c
workflow/benchmark/work_scripts/30strains_40x.sh	704	1302cf36a2933a19bbd81875f9d2a4fde0d54975fe4eb4b466c877de03fcb1b5
workflow/benchmark/work_scripts/30strains_50x.sh	1077	3c370800cf01cfb515d806c87b274a0e47c17e7a3f342b3c8422bc1dd5e0584e
workflow/benchmark/work_scripts/30strains_all.sh	2112	4a1d60c1bb19fb05e72499aa8f0156cf27fa6b00503d5e36d7e71c716b6b6054
workflow/benchmark/work_scripts/30strains_legacy_10x.sh	1076	3fb4e2ba1dc03caf4fe2172bfd0209a9b73150d7510ecbbe762cd961db6135a9
workflow/benchmark/work_scripts/30strains_legacy_30x.sh	1031	9ccffdc4106083efe9d33894dcc3cfeeeb9e1c360fd666507deb5b1a4fe93a41
workflow/benchmark/work_scripts/30strains_legacy_40x.sh	1070	04a64e3b86a33fe32df13a251bb8181a4a9253551a9e7d98daffcfb89d3b7251
workflow/benchmark/work_scripts/30strains_legacy_50x.sh	1070	e21fe925c97b4d33dd53c4d7a4100dbfcf55926f1576a457c4e5b654c26a0ded
workflow/benchmark/work_scripts/30strains_legacy_other2.sh	1383	377bcb9bc9ae1813864ed6d0d8cf1a1b598d8d0bd433a7a0249c843b74fa0419
workflow/benchmark/work_scripts/30strains_set.sh	989	60fbcb4044ecc1bf51f8d135bd3706101114842b3b97725ce39d9a0ab135e93a
workflow/benchmark/work_scripts/arabidopsis_10x.sh	968	5ad4f999c2815bf5e2760ccffdeaebb4f3b887f11ac016ec5c12d0fd122e6174
workflow/benchmark/work_scripts/arabidopsis_15x.sh	962	4854b67e81d4254ad668d01eced10b86bde0425f024b93a7fa16ecf3b4a623fd
workflow/benchmark/work_scripts/arabidopsis_20x.sh	962	40056cec1f629dec7bc44fdf82404d4a5d44ae7d3e07081d048c813f60722c62
workflow/benchmark/work_scripts/arabidopsis_25x.sh	962	bdca6c2514b7e3fc531d6721eda4e5e7bedd499d1640be168aaefe3e277f78c0
workflow/benchmark/work_scripts/arabidopsis_30x.sh	989	d065e7410ba52a480af14a8ff6da119bc3b89789acb1728f8136f868bf3fd68a
workflow/benchmark/work_scripts/arabidopsis_32x.sh	981	97bd4b6949fbc2f019aed4862989d8da4102cc07a9beee0919350c5e2cacd54c
workflow/benchmark/work_scripts/arabidopsis_5x.sh	964	c9f8f4e5703c99e23448904ece6cb9e6e89038f4edacb8119ec8963ce5b554d4
workflow/benchmark/work_scripts/arabidopsis_dadec_all.sh	1523	1ba90ab03f5003a8955999b13acd860ef4e91a0112f58aa50b358c37919a6f99
workflow/benchmark/work_scripts/arabidopsis_sim_32x.sh	718	53f89c4dd68456a09eacf4605cabae915a0ae3541a73a27db00715a0c27d6fc4
workflow/benchmark/work_scripts/assembly/README.md	1725	abb2059654002999f7b5b8abfeac3344309de84f41ee053cb5f5be2bb1c52bf6
workflow/benchmark/work_scripts/assembly/run.sh	824	ef2ce281540cc16ae94c68485d66f155bd98402b409e503512d3466cc8140dff
workflow/benchmark/work_scripts/assembly/start.sh	831	32ea8e661e739483d2903bde145486a5bcd46b9ff102d11f25cf0183ef3d9299
workflow/benchmark/work_scripts/assembly/status.sh	1253	8a8c76de6e04ab36c152d4f25fb770b3b2a0a41c4f48acce55aec0d59016c61a
workflow/benchmark/work_scripts/assembly/verify.sh	327	a4d8b59985de35e43bdb36129d64544f4d8faada5b7ea59a952b7531e36b89dc
workflow/benchmark/work_scripts/classification/30strains_legacy_10x.sh	623	182ab0a16fc7705237560066f96b5470fff80576fd9f53ce68bd009bbe04700f
workflow/benchmark/work_scripts/classification/30strains_legacy_20x.sh	623	db902d6a4fb0457e09a4a374685b58ea3c415256e9c450177d72f8a50be86ec3
workflow/benchmark/work_scripts/classification/30strains_legacy_30x.sh	623	afd68928d22c34b336315cc5ef8477dfbc11c9942bb436696cd26cb04f37a7e4
workflow/benchmark/work_scripts/classification/30strains_legacy_all.sh	623	faaa79cf5c49ff9afa01e41a0c276751f966159d72eb199c2a9b656c6f715da2
workflow/benchmark/work_scripts/collect_ablation.py	5577	d5edeb0023fc83c49c52a2450ca4318c9eb9238ebd2f01086cde83576af116b6
workflow/benchmark/work_scripts/collect_dadec_dev_results.sh	1201	a76d6f35b4679539b45651feb22d54dd172075266111b3da528a47705e58f356
workflow/benchmark/work_scripts/dadec_ablation.sh	14105	42bf23f3ff9bf5a7bcaf0914475c87030c67a7f665fdf1f47780e74f0d4caf9e
workflow/benchmark/work_scripts/dadec_ablation_cmd.sh	1719	7af5de7dc1e7d6ca0bcd8b05efe22955a932912be15b1c33af7c7f9d30b140ac
workflow/benchmark/work_scripts/dadec_ablation_cmd2.sh	2527	11fdfe741630b55b8c70dfb43068ec3a94f62b803c6bbc69a9c8b54dd40b0557
workflow/benchmark/work_scripts/dadec_ablation_cmd_dev.sh	3550	3457bbb322d4d1044307d23c7c11eff6e8a59b25749fbe23fa571250154407f2
workflow/benchmark/work_scripts/dadec_ablation_cmd_lr_10x.sh	626	5079d55820b7c8abefd959672e0cf427ddc7704c219d07d0463fd2014297b39d
workflow/benchmark/work_scripts/dadec_ablation_cmd_rust.sh	369	901ead30e0cf06faf69a939e645d7dc547c860dd5d3290927313bacd9a79d4ff
workflow/benchmark/work_scripts/dadec_ablation_ecoli.sh	3984	1bd0560080a66542d014776df92893acad536d20e8f2055063be72049ee90caf
workflow/benchmark/work_scripts/default_parameters/EXECUTION.md	2167	398077a6f1024278b1f1d188275c240efed705e196678f5efe9a34c65419a169
workflow/benchmark/work_scripts/default_parameters/README.md	1864	e2b00887eff468b0dace13422cfb031cea34b36048cb364e9d5de0d54a7b33f5
workflow/benchmark/work_scripts/default_parameters/__init__.py	49	07235ebadfc3046452bff6705c3711df8f0416785bb2d3290733e82b3983e0d9
workflow/benchmark/work_scripts/default_parameters/audit.py	1090	01cf92885b7286d9fbc0767af4d9527b9bba25b47338c8621ba1245abd00eb35
workflow/benchmark/work_scripts/default_parameters/comparators.py	8783	94d8747ff209cc8d0550abe5ede7c5cc8f7cd75867a8d2a2d3b830fae81a3339
workflow/benchmark/work_scripts/default_parameters/compare.py	9600	fd5ce24c2ad1e122f16eb7ac04c520cb24ab975a50b2f579b31575c6266695e0
workflow/benchmark/work_scripts/default_parameters/config.yaml	1182	0266681fed2d973ac635108343f8cad9b29987edabdafa624da8bbcb3b65c594
workflow/benchmark/work_scripts/default_parameters/core.py	15684	793b37232214c6f25a3b825225b8ef2a7dd3bf55c9f1dab21a6ce1863eeaed60
workflow/benchmark/work_scripts/default_parameters/fmlrc.py	140	4eadaa2aafd138cdb859d1019fa18f8f58727f38aad9eea32b518e3e2c3937b5
workflow/benchmark/work_scripts/default_parameters/lordec.py	141	bf5ba5696b4122206f2115ca52cc9005810333dd785ea5eea3710d87cd92bca6
workflow/benchmark/work_scripts/default_parameters/ratatosk.py	143	8975dfcd91012ebadba0dfcebf3c491f2b130a8584e26c28b4f6164259a1ea5c
workflow/benchmark/work_scripts/default_parameters/runner.py	8013	10fdff96471b1ff176e8e4f1116f028401635b9cb04a3e46a96d69ae436d2b0c
workflow/benchmark/work_scripts/drosophila.sh	970	76ef33d6e380c9e11ec0d0b5c0deb85e50fe7868dcdd67dabfed7641dabe8f3b
workflow/benchmark/work_scripts/ecoli3.sh	945	e9796ce5f4a602df8147629dd098537c50859a22c030cfd4078848a3895be3e3
workflow/benchmark/work_scripts/ecoli3_error.sh	1130	ce882804ff527214de28fafd95c372a92dd564f3b4bdd1a05da5fd634f72637a
workflow/benchmark/work_scripts/ecoli3_error_readcount.sh	1194	d150e5454ef5d72ae30ea028b4505f678d1c3bb2306fc4f246dcfd6651be9396
workflow/benchmark/work_scripts/ecoli_error.sh	1130	29df26c8a0ec40b075e9350228a6cc23a9a97145c3f38bafc2a72c4ba1d83bdf
workflow/benchmark/work_scripts/evaluate_raw_long_reads.sh	391	9313d79cfd4b853750f582d6816d0eab151728f84917930a50519dc38fcaf48d
workflow/benchmark/work_scripts/final_collect_res/100strains_30x/README.md	1250	08d12a542ae22f476f40f2c8fe65115dee2bf0a262bf991f980963034d055d92
workflow/benchmark/work_scripts/final_collect_res/100strains_30x/collect_results.sh	4773	bebb66bc0e7da5421920933373c91ae0f237ecfe4d08d80e7013bfbed67f2247
workflow/benchmark/work_scripts/final_collect_res/100strains_legacy_30x/README.md	909	8f356eb6fe50df13bb503190f5c3519747a5a7b7ec8b6403a510fb51bb365459
workflow/benchmark/work_scripts/final_collect_res/100strains_legacy_30x/collect_results.sh	4556	17a35159f73aa3ed1c5021001e4ab97796b21c3708604471e9bcd813ae616501
workflow/benchmark/work_scripts/final_collect_res/30strains_30x/README.md	907	dafee17fa0202bb650641bfea79ab4a1f9d1dd62dbedd565415bac0abf823369
workflow/benchmark/work_scripts/final_collect_res/30strains_30x/collect_results.sh	4085	6aa434d32c479c83d4b6d4a94b2772879206e141b9e4d2bca565cdf18991e485
workflow/benchmark/work_scripts/final_collect_res/30strains_legacy_30x/README.md	839	40b23c28208052a5d2a5ec09bf44e2e9e69f3e79645411284ca3d8d52cc5e787
workflow/benchmark/work_scripts/final_collect_res/30strains_legacy_30x/collect_results.sh	4187	51104497e73e0ead4d622df19a0393ab571a8e6d346bd511d17db3017831af28
workflow/benchmark/work_scripts/final_collect_res/README_classification_30strains_legacy.md	786	041e3b9ff736c406d1aaaa997485ef3e139c1fe3a7904c21c9b7ce8b245d532d
workflow/benchmark/work_scripts/final_collect_res/arabidopsis_32x/README.md	2467	7bee4548ec73cd79108dc55965cb2002d6a543a129f6040f29e5a58c47fbe9b5
workflow/benchmark/work_scripts/final_collect_res/arabidopsis_32x/collect_results.sh	4329	528382e338e16ab7faf18a90bfa05df7f7c0711202cb92cc7b30c2620ad3c3f3
workflow/benchmark/work_scripts/final_collect_res/arabidopsis_32x/evaluate_raw_baseline.sh	2185	99ec4c5fa821eefa44cfee04028fdbd18f40da4c096844dcf2d946c267bd9743
workflow/benchmark/work_scripts/final_collect_res/arabidopsis_32x/evaluate_raw_baseline_low_identity.sh	882	df4a87c4f0a809503fca47a6406748185dd749f6401b95b08b5cb26913bdf40b
workflow/benchmark/work_scripts/final_collect_res/arabidopsis_32x/evaluate_raw_baseline_metaquast.sh	816	8af63e1ffd0bd53e801d2dc821743cb1308cc05c69e1acd8d1dc7180f9994e4c
workflow/benchmark/work_scripts/final_collect_res/arabidopsis_32x/evaluate_raw_baseline_pac.sh	2094	1ca33b61f3d3007303881bf00408ec0548daf6c0241c6319c7d877797ddb2025
workflow/benchmark/work_scripts/final_collect_res/collect_classification_30strains_legacy.py	3693	e550a4f06f6e8c00fa85a2a99ab9fa1deb8bc8157aab0c879f9f72465b3808b1
workflow/benchmark/work_scripts/final_collect_res/collect_classification_30strains_legacy.sh	205	bdfb8f913b7b8c36e0f9591ad4b87694332a354ce49e2a6ee224cfc533dfd421
workflow/benchmark/work_scripts/final_collect_res/coverage_depths/README.md	1891	e3f3495dad579e64fff565f1b72454ff0a73d9827b79ae6be236dba56dc8024d
workflow/benchmark/work_scripts/final_collect_res/coverage_depths/collect_results.py	16070	725ca985140a837370a6f0e3932d3c108756e004de7aff10d4ef7ef45d09f9c1
workflow/benchmark/work_scripts/final_collect_res/coverage_depths/collect_results.sh	368	7bf0bc01c96d47ee21e8ca0d2f5358f39e04e42becf20db6abcd0e726bb14b63
workflow/benchmark/work_scripts/final_collect_res/drosophila_43x/README.md	2131	6d8bc1682e320ef5fa818c71f3ea350d188d7f6effdce3a2b5925ea024536e9a
workflow/benchmark/work_scripts/final_collect_res/drosophila_43x/assembly_README.md	960	56e85acd8e94b44dc13fe6b3c65a22f70e7a66b0530a60af39d393439a21285a
workflow/benchmark/work_scripts/final_collect_res/drosophila_43x/collect_assembly_results.py	4193	c6cdd92aa9e22670c393e48ef725ef97d8091e1c13d109bb7ed6a609f3048684
workflow/benchmark/work_scripts/final_collect_res/drosophila_43x/collect_assembly_results.sh	208	b007bb5745228663ad6bfeea329742a9e4bcf33070456cee71d277bf49052258
workflow/benchmark/work_scripts/final_collect_res/drosophila_43x/collect_results.sh	2631	844d62aa012234d6b3f1660d2c3402c6b0c6d4b806cb2364312a95555d828e4e
workflow/benchmark/work_scripts/final_collect_res/drosophila_43x/evaluate_raw_baseline_low_identity.sh	1115	7da1cc69d9a30ae6d165f3d17dacc00657c19a1142f63343a4cbe49d5834e213
workflow/benchmark/work_scripts/final_collect_res/ecoli3_20x/README.md	834	c3ad49e8a781dd35344f7f33d2609079bb5d826e365eb0838a04c277b7a18869
workflow/benchmark/work_scripts/final_collect_res/ecoli3_20x/collect_results.sh	3876	48539005bf6a5ad5e63e2da7fc23abfb36aa0a9b2fe73eac7d55a98e5c57fe1b
workflow/benchmark/work_scripts/final_collect_res/mhc_50x/README.md	824	0068bae110c2093da5d1bbfffa951acddbab51ecfcfabc378ec2ae9982436e84
workflow/benchmark/work_scripts/final_collect_res/mhc_50x/collect_results.sh	5418	6e4c0bf8a7379f54c8cdd02989b34db321bd8addbbde3e1f3ffae85d5017579c
workflow/benchmark/work_scripts/final_collect_res/plot_classification_macro.py	6198	7050e5ee7223a814abec32f53647ed27a9518579914bdaec8429e857e2d3fa15
workflow/benchmark/work_scripts/final_collect_res/plot_coverage_depths.py	8321	62c298824c27c4fe6047d31f63b8e6cd5dd92ee5dbc0accce291bc054de83118
workflow/benchmark/work_scripts/final_collect_res/short_read_quality/README.md	1526	281b702bbd06b6c35474639ca95ae5e99352565d0e999898ce978c0b4085176c
workflow/benchmark/work_scripts/final_collect_res/short_read_quality/collect_results.py	8370	66644f665993e527c165d0c715410d4bba1b8c581b9da82faaaa87920e37e6bc
workflow/benchmark/work_scripts/final_collect_res/short_read_quality/collect_results.sh	322	1d98df4c2814958335b41f545362be2666e6a147bfcf3e2d4e66e164291f6d75
workflow/benchmark/work_scripts/final_collect_res/zymo_10pct/README.md	759	8904f527d430ddc3a22ad037ea4e3ff76b97f9dd1892502e3f0792e9af74bb31
workflow/benchmark/work_scripts/final_collect_res/zymo_10pct/collect_results.sh	4810	5fa6b5170ee80f147505a92f30a91d49afa7dc2b6979deaa19e523d83bd0d500
workflow/benchmark/work_scripts/hifieval/arabidopsis_sim_all.sh	1796	1093d18113e4fc28cf8c2cbd5635f5b32c75ffbe2e2617a1e22367763770df6d
workflow/benchmark/work_scripts/hifieval/arabidopsis_sim_fmlrc.sh	312	f29084beac5afe525cfc9e3e646e53d48824b390b460a3c93dd1f9ef5dde7142
workflow/benchmark/work_scripts/hifieval/collect_raw_uc.py	3061	16cf61e696d6eeeff6003f6d756c178844b0c63ff3c3046b163d198656d3e66d
workflow/benchmark/work_scripts/hifieval/collect_supplement_tables.py	6528	56e000c9d2436ed97402f1049d24a337c6a4f92a5a22268abcf68be6821162b8
workflow/benchmark/work_scripts/hifieval/ecoli3_all.sh	1751	451c70d8b7a2a4d51e122eb80bfdac0ae5b2d94659019204982458771e4317be
workflow/benchmark/work_scripts/hifieval/ecoli3_fmlrc.sh	303	f6bc4c3b288ec4a0d4ac7f2259c03ad62cffa29f53f4771da5167ed58f2ad991
workflow/benchmark/work_scripts/hifieval/plot_oc_composition.py	3283	96770019b6fb534f5c1f7640b6dfe7333d04ac3a167ccfeccd626449f7b5a3ff
workflow/benchmark/work_scripts/hifieval/run_fmlrc.sh	133	6c1d33b2fb6444de1a66297491014f92d2d9fdeffb6663d1c39c043bfd2c0d71
workflow/benchmark/work_scripts/hifieval/run_one.sh	554	add5604f885ad7132aa4223c457df1b748134e2fbe881c3d93291eea5c1da907
workflow/benchmark/work_scripts/hifieval/run_raw_uc.py	4487	ac4f904ffd96d073f1b764c7284c17a2e2ad3e04742e240f56a07bfdf8dfe448
workflow/benchmark/work_scripts/mhc_ont.sh	716	e3268d875157eb27292c661202b4fa97bae14e8165d7e191107a5123eb974221
workflow/benchmark/work_scripts/mhc_pac.sh	716	69bdc735da17cb392eef5d78a22d661126e8c1a1fb1510de8cf4ce4d2d978a8c
workflow/benchmark/work_scripts/missing_ambiguity_nodes/01_30strains_10x.sh	134	d2c3e0ca13cf83f516c44ae3d8225a3858824a797f2cbeea661f3805a16ea774
workflow/benchmark/work_scripts/missing_ambiguity_nodes/02_30strains_20x.sh	134	428a09f24b9fbddbf36f9bb9db1de24eda59a337729409dfb92fbbb15cfc73b1
workflow/benchmark/work_scripts/missing_ambiguity_nodes/03_30strains_legacy_10x.sh	141	814a70b5cf2db6877402c7f88ab57e34060709245abd2c8fea6e99f58620ccf6
workflow/benchmark/work_scripts/missing_ambiguity_nodes/04_30strains_legacy_20x.sh	141	49603ce2ee730de38c4a77922c09461ff7bbe883405a74a8b77c5556b772ded0
workflow/benchmark/work_scripts/missing_ambiguity_nodes/05_30strains_legacy_30x.sh	141	12058b66172d543600874b49d9089760c2577b7c2c24765fe7a9ae9d1e44ec88
workflow/benchmark/work_scripts/missing_ambiguity_nodes/06_30strains_legacy_40x.sh	141	ae3d7587777d76f6c7b2756ee7d7ce0681b550fb5c1da0b9e1799fad85c82109
workflow/benchmark/work_scripts/missing_ambiguity_nodes/07_30strains_legacy_50x.sh	141	4861f7dc67b7975c9c7a35025468bb01ac7be40db08a35ae878083a1a007687b
workflow/benchmark/work_scripts/missing_ambiguity_nodes/08_ecoli_error_miseq.sh	138	4be07da69d376dd0864ac8b3397bf991cfb0bd881340c01f05be8887d6a7143a
workflow/benchmark/work_scripts/missing_ambiguity_nodes/09_ecoli_error_nextseq.sh	140	c47c87f82ceb0d7f4198b63b31ff410cd2ae7d849ca38a8294cc7aaf02dc4268
workflow/benchmark/work_scripts/missing_ambiguity_nodes/10_ecoli_error_novaseq.sh	140	c4747268eacc6a4c0fb008a0c7ab4815e3989dba42c0be2c3d405eb810f62181
workflow/benchmark/work_scripts/missing_ambiguity_nodes/README.md	3053	3d7e9e863ee1d874972f71de732ef4cd4b4adb3e822f051183a52f0361af7cb9
workflow/benchmark/work_scripts/missing_ambiguity_nodes/current_missing.tsv	16451	11e735b86563c856218bef5cf74a279c8268f45a3064b758cfc1e50df2367c0a
workflow/benchmark/work_scripts/missing_ambiguity_nodes/run_group.sh	521	849d8d99cb0cb56c36d276c6383787b82245420d237706ee54322ea363f8b1d5
workflow/benchmark/work_scripts/missing_ambiguity_nodes/status.sh	312	cfc7c5c9d90cbd7cb1c9ec52c93b11c72e66f76c5cac61ed02a0c13c7c2e100f
workflow/benchmark/work_scripts/missing_ambiguity_scores.tsv	16451	11e735b86563c856218bef5cf74a279c8268f45a3064b758cfc1e50df2367c0a
workflow/benchmark/work_scripts/run_missing_ambiguity_scores.py	9699	c8f03f74e42e49dbbd83b4b61a5a13f24bc6424e5744c27330d641b03c2a6bc5
workflow/benchmark/work_scripts/run_missing_ambiguity_scores.sh	374	011205a30ca97201b211c8c88249519da271cc5a0bca06b47a65c89003b758df
workflow/benchmark/work_scripts/stage2_test.sh	2458	72b17e0787e4128ae5a2abe7fd9242c7036e2b74cb209c433fbaf6f972abd96f
workflow/benchmark/work_scripts/sum.sh	560	6dbb9bc7755b4309d6e61bd067e53f2f722c90e703da83a83f515f5ad872f352
workflow/benchmark/work_scripts/zymo_10pct_other_tools.sh	1376	ab67a600bbcb34eff0c54fa2ee6d5769583584e52b54cbd5dcaaea636014795a
workflow/benchmark/work_scripts/zymo_self.sh	1083	1c5b5df01d74a930550c86b0c0a63db37d55b6ea505e5d6b8b9cd6e197f9eff7
workflow/legacy_final_result/100strains/100_cor/100_gra_msa.sh	2018	d660e1d760bdd8c4ba9a2df3b9f6481529f1a45d379e02dda6ec777807396d20
workflow/legacy_final_result/100strains/100_cor/100_other_method.sh	3066	15eb9c62c683245f17b035a5061c8dc3543b09200035e5b5cfe4bf19b8886df5
workflow/legacy_final_result/100strains/100_cor/quast.sh	429	c43ef40e494350ae87508ceef59d3a4b6dfe53a300932849c3d0fadc5ff11222
workflow/legacy_final_result/100strains/data/100art_config.ini	3713	78b5beb2d7ab93b799426269674e96d93bb46ff1082aae7ef824c15535f2134b
workflow/legacy_final_result/100strains/data/100pbsim_config.ini	3317	38fba76d217b290da076bb537303f7e6b25ba9799c0ee5c9eee41e097d04aaf5
workflow/legacy_final_result/100strains/data/data.sh	1779	b962897b40228652c22ff5b69f8228fa2567c854f98d41b839c9bb835b476d5b
workflow/legacy_final_result/100strains/data/long/config.ini	1291	108a93bdbc8ae810ba7b2c4638b1eef80ff32ac55de0eba2e6a4169700e9023e
workflow/legacy_final_result/100strains/data/pipei.py	8047	ea77ff7138128a40316ce3f48655f7f99c188ec1a157a9201065a636e8fb2d18
workflow/legacy_final_result/100strains/data/ref/ref/download.sh	2221	7632ec395e9fc4806b994640de90f0154ba86098d446d78e71db7e575e137bd6
workflow/legacy_final_result/100strains/data/short/config.ini	1259	bd4e98003d800e9d4a351d7f545236b2f0b6bb4e7884a3b4b604d3aff73d07f4
workflow/legacy_final_result/100strains/data/taxid.py	743	e06effd15f1060ce621b75d6a41e50855716cf69a91c9967176022300f8bbcb8
workflow/legacy_final_result/30strains/30_cor/10x/30gra_msa.sh	2126	e3d61ae0624c472a0067347289320ac6948855fbe4a322f0d413a15a2cd339da
workflow/legacy_final_result/30strains/30_cor/10x/30other_method.sh	3217	410cc9d5346bdcfda8edb8a73a2bf7f655cb5ec768485ce33765d9766fc5bfc8
workflow/legacy_final_result/30strains/30_cor/10x/quast.sh	482	92a194396fd5b88c0f712d71776db63b5a42f72056eba63df16fb70ec0328182
workflow/legacy_final_result/30strains/30_cor/20x/30gra_msa.sh	2538	5f25e38fa92e2e0d7df6eb1bfbb4132a3bcc79de5710a8755ec5d7b8c7a9c75d
workflow/legacy_final_result/30strains/30_cor/20x/30other_method.sh	3212	c6156910cbd235dc0c40afaa66849170b464c4b891881a6ec7569900fd214ced
workflow/legacy_final_result/30strains/30_cor/20x/quast.sh	435	f7d0e1a92861e2b4cfd26ae673192a95a2df2050a4806adc7f98a895f21307f2
workflow/legacy_final_result/30strains/30_cor/30x/30gra_msa.sh	2548	a9100ffef29baf79f05adaf503ff96b4beb96544a7b8268cdb9836ae5e1cb202
workflow/legacy_final_result/30strains/30_cor/30x/30other_method.sh	3297	f262a71d13445c38137ad4f1d67baba77a53996be4fb64122ae70e7be2fbcfef
workflow/legacy_final_result/30strains/30_cor/30x/DADEC_S1/DADEC.sh	942	0ec4ec44c64df3afe576356dbb7e56ae9e83399e2cba3b7fed6b1f6d3c928ff8
workflow/legacy_final_result/30strains/30_cor/30x/quast.sh	435	f7d0e1a92861e2b4cfd26ae673192a95a2df2050a4806adc7f98a895f21307f2
workflow/legacy_final_result/30strains/30_cor/40x/30gra_msa.sh	2538	92059b87644fc1f998e05c0302a7b6d6a31ff5c35503f5d6cf117be92c792076
workflow/legacy_final_result/30strains/30_cor/40x/30other_method.sh	3082	e382d29fccb14e36f99aadb7535d42780a3f114641656672e6a50eaefa01ef22
workflow/legacy_final_result/30strains/30_cor/40x/quast.sh	437	2114a1f4e4bd79aac939192dd46faf6795f8e4a651da838e99f4615ecc9a034d
workflow/legacy_final_result/30strains/30_cor/50x/30gra_msa.sh	2510	d38d21cee5641893745ac301e6ee2861433d06269df16777ae835e6d8a7027d1
workflow/legacy_final_result/30strains/30_cor/50x/30other_method.sh	3185	0c44a51e61eeeef1213303077ab732ef02a60775f9c1fc46294caba75a3555c8
workflow/legacy_final_result/30strains/30_cor/50x/quast.sh	484	919bf2713cb1c0f5ed141462d1618fd1caa89acf3e85410586609af2fbe57efd
workflow/legacy_final_result/30strains/30_cor/plot.py	2487	6ab8e2bf7a2656a0f64e975bc3069cafcdaca4876213ed86a94dba41eb6bb00f
workflow/legacy_final_result/30strains/30_cor/plot1.py	3069	3d4e9f8f97e8bff067acf07aa6d73ccfbe8bbd8c3c3d3cc5e77641212f101ae0
workflow/legacy_final_result/30strains/classification/10x/atiqu.py	1532	69e08ac8e1b319b220e3891d6e776e26e3111950874906736748eb862ed23e91
workflow/legacy_final_result/30strains/classification/10x/class.sh	2349	5edff4c8c4b0a525814d2860b8db47c3d5019f42c9d2bace16b733c50b2fdfce
workflow/legacy_final_result/30strains/classification/10x/evalue.py	8302	140fed1bc43dc3c168227db91f4e7af1f7369d0a6e283e4b4046d32587db8c16
workflow/legacy_final_result/30strains/classification/20x/atiqu.py	1532	69e08ac8e1b319b220e3891d6e776e26e3111950874906736748eb862ed23e91
workflow/legacy_final_result/30strains/classification/20x/class.sh	2349	57dd033d223ebe528d8bf07821af8133e12967794cd54ae6e6561ad23293ae93
workflow/legacy_final_result/30strains/classification/20x/evalue.py	8302	140fed1bc43dc3c168227db91f4e7af1f7369d0a6e283e4b4046d32587db8c16
workflow/legacy_final_result/30strains/classification/30x/atiqu.py	1532	69e08ac8e1b319b220e3891d6e776e26e3111950874906736748eb862ed23e91
workflow/legacy_final_result/30strains/classification/30x/class.sh	2517	5447f29f2022c627c7341d6adf625b898008068f1625536407b86af83d6e46f1
workflow/legacy_final_result/30strains/classification/30x/evalue.py	8302	140fed1bc43dc3c168227db91f4e7af1f7369d0a6e283e4b4046d32587db8c16
workflow/legacy_final_result/30strains/classification/40x/atiqu.py	1532	69e08ac8e1b319b220e3891d6e776e26e3111950874906736748eb862ed23e91
workflow/legacy_final_result/30strains/classification/40x/class.sh	2349	4e0306d3160350c9c8f4524be294b0f8059454740636d540d3134ffcc7e45bea
workflow/legacy_final_result/30strains/classification/40x/evalue.py	8302	140fed1bc43dc3c168227db91f4e7af1f7369d0a6e283e4b4046d32587db8c16
workflow/legacy_final_result/30strains/classification/50x/atiqu.py	1532	69e08ac8e1b319b220e3891d6e776e26e3111950874906736748eb862ed23e91
workflow/legacy_final_result/30strains/classification/50x/class.sh	2349	716bd6eb200be8be34c5d25b96f19fb3be11eb72e4bcf0140723b5141b8c7baa
workflow/legacy_final_result/30strains/classification/50x/evalue.py	8302	140fed1bc43dc3c168227db91f4e7af1f7369d0a6e283e4b4046d32587db8c16
workflow/legacy_final_result/30strains/classification/evalue.py	8530	ea7d83e3bf8139e61199300be6a67fc21ce28c43c65a520944d113f2a6bcfd72
workflow/legacy_final_result/30strains/data/30art_config.ini	3830	ab2fa23b94f5578202c4297376a68af9cb3161522a5cd0fdcf8b65af254d2489
workflow/legacy_final_result/30strains/data/30pbsim_config.ini	3313	c1ff9413992d72ffb5496ff71ecb085e49e361ee6da12ee73d8ac25667f6793a
workflow/legacy_final_result/30strains/data/data.sh	1340	8eff47d3c527008d76bd3ae1f79edaad9534d8abc8adba67ee99ba1edc28c780
workflow/legacy_final_result/30strains/data/long/config.ini	1291	132c44399e877454d9918eae017364968ba6f936fa6ff2bb61260168f694a6f8
workflow/legacy_final_result/30strains/data/ref/download.sh	336	4cf8f7671798ca5d9ec2ecb9f408916939bbfa209f8e66bc5ca1e763a58523e8
workflow/legacy_final_result/30strains/data/short/size1/config.ini	1253	6d147ba8c73860cdf9669929d51d28650087140ee9d015b28bc2caaa57e22f95
workflow/legacy_final_result/30strains/data/short/size2/config.ini	1353	41904226dd96ed8e4b0336d18d6272d0e05fd96f1cdf909d2983bc4ab21300fd
workflow/legacy_final_result/30strains/data/short/size3/config.ini	1354	04b195d96120e1451278cf9d3b9d167bf26af0eac2d97983a773a9df33d998ea
workflow/legacy_final_result/30strains/data/short/size4/config.ini	1353	3243f1cdbd33c0c8c0253e40df0f97ee6d1d0d99b9ae33d8253ed92c3696a343
workflow/legacy_final_result/30strains/data/short/size5/config.ini	1347	afb715cee6cfbed2440dc9cf167000231517425be612bf40c482a12efaa1d23c
workflow/legacy_final_result/30strains/data/sylph/sylphTest.sh	1149	950e24b158439824287f1d63c1aa4e11c3f11bf46a864acd5399906996f2d26b
workflow/legacy_final_result/30strains/data/taxid.py	2963	83630b06589c50e8d261244e5db26205428ddfd2f9954dcd11ef49155509d2ed
workflow/legacy_final_result/Arabidopsis/ara_cor/ar_gra_msa.sh	2519	eb09f899929df70a0a63676137b8d877cf4719524e0d3337a752a73543a08ad8
workflow/legacy_final_result/Arabidopsis/ara_cor/ar_other_method.sh	4184	887f1f005fbc29b2216e6c40bccd23e27602a9a96551b2f1da82d3b3541499dc
workflow/legacy_final_result/Arabidopsis/ara_cor/bulid_fmlrc.sh	109	06a6de980de805811b632c545d1e652320c1b3826868634500b1e51b5cb88a06
workflow/legacy_final_result/Arabidopsis/ara_cor/quast.sh	469	e4808351db954deddfc033163e49c6bab073ac1850c8e1ed30c04eeb61fd6d92
workflow/legacy_final_result/Arabidopsis/assambly/canu/atiqu.py	2568	449ae7593e07d3c00a5f0d34b9f522b95612a012109b8c42d3ed3b2d31b4a796
workflow/legacy_final_result/Arabidopsis/assambly/canu/canu_evalue.sh	338	7fa132c130261bff3a6e9a819a98b609769f324c3f1a09216b6b8639d9a32902
workflow/legacy_final_result/Arabidopsis/assambly/canu/canu_quast.sh	667	e70f70fb9a6c47e93b83760b6987043d2794bc215896735973885168abc6353c
workflow/legacy_final_result/Arabidopsis/assambly/hifiasm/hifiasm_quast.sh	672	ef6ff412197340760af893c29a698d18e72d6961cefcb9e3ca5b15f10cc02eef
workflow/legacy_final_result/Arabidopsis/assambly/hifiasm/hifisam_evalue.sh	255	3a91e307cfa376eb04e0b5709975dfb2001b6e480d9dfb61777e11074f46e008
workflow/legacy_final_result/Arabidopsis/data/long/quast.sh	491	37857c58c11f056746448ae343eae8817f65147134b4dd7eb1655b7e915982cb
workflow/legacy_final_result/Arabidopsis/data/sim/cor/ar_gra_msa.sh	2579	caea924431ca436014a5a501caf9f027506b4ac68f5f5c8997a9d29fd325f58b
workflow/legacy_final_result/Arabidopsis/data/sim/cor/ar_other_method.sh	4108	1905afd7ac8f53e835cddc4ba66be986e7b8361548d7a6f31a809335c7f09010
workflow/legacy_final_result/Arabidopsis/data/sim/cor/quast.sh	468	28476608182c4e8e80a5f05be9ed6b9d78388fd2c865f36c73f17de9160b59e0
workflow/legacy_final_result/Arabidopsis/data/sim/data/art_sim.sh	312	9e0c688176164c29c15a630f37d3d1540a449089ccc6c5fb3527772d1307a622
workflow/legacy_final_result/Arabidopsis/data/sim/data/non.py	748	115d533086a4842b7f20cbe2781f242d3f9ca4b174bad5e6961f981d4e572088
workflow/legacy_final_result/Arabidopsis/data/sim/data/pbsim2_sim.sh	3244	873e9e3253b8ab0304b57ab4608e67c7b9d694bbb8d199503f1f21c737cde7dc
workflow/legacy_final_result/Arabidopsis/data/sim/expr/atiqu.py	3406	8ce7cfb0281aa1dd53c5912bed520762ef7514ce721a1a88b85e4b079c1ead78
workflow/legacy_final_result/Arabidopsis/data/sim/expr/clean.py	1488	c17abd23757a4a947ea297b02bb047d3dc9927bd5bee9bcd9a5a6efad7085b6c
workflow/legacy_final_result/Arabidopsis/data/sim/expr/hifi.sh	769	0b02b1bbc99cd0803de527bbf0b341b00062c54bd9d6684c2ab374dc575073b4
workflow/legacy_final_result/Arabidopsis/data/sim/expr/ocevalue.sh	579	f05c1073bd8c1b28e82e307a936ce5b2701703a8535c88f5086ec790962e03c3
workflow/legacy_final_result/Drosophila/data/data.sh	253	bd81cd8dd56e672e2e6d07101ac8835d4d560750edb8bc5cc3fa48f309fdc46f
workflow/legacy_final_result/Drosophila/test/Dr_gra_msa.sh	2041	349720cac4e8556a63968aae9355fc8f0c8ec9444bf6506502753eaed6845e27
workflow/legacy_final_result/Drosophila/test/Dr_other_method.sh	3195	5f65102035f0219015be83b4f1756b6305c08aed6c68f1d82d2f20b9ee28f14c
workflow/legacy_final_result/Drosophila/test/assambly/canu/canu_evalue.sh	337	ec71e8254b99d4d681cc3724a0646144a162c4634511ebb7e83106f5af59010a
workflow/legacy_final_result/Drosophila/test/assambly/canu/canu_quast.sh	664	29274592170f2e48d35cd3bad4645cb0386dd64210d873712ae479b5f4e806c2
workflow/legacy_final_result/Drosophila/test/assambly/hifiasm/hifiasm_quast.sh	719	dc9e8a5a915d8952060c02a716a65cf83a3403c6bb3f5e4af9235335af7d98b4
workflow/legacy_final_result/Drosophila/test/assambly/hifiasm/hifisam_evalue.sh	250	b7e886bfdcec795affc186d7400df28d31385abd6cbbfc341e505359403ac428
workflow/legacy_final_result/Drosophila/test/bulid_fmlrc.sh	109	df7710da502abeb3402efcc8cdecd138cbb27549673d634a12d8134b95dc49c3
workflow/legacy_final_result/Drosophila/test/ontR10/dadec_cor.sh	2625	5e17a797dda3df9dd55d45b8bde58aa5d0f2c4d466c17f52b475952039e7d282
workflow/legacy_final_result/Drosophila/test/ontR10/echat_cor.sh	625	ab8f20602195903c5057f5e750b4d3309ea67473618be5b7ad9d3a99d2a07863
workflow/legacy_final_result/Drosophila/test/quast.sh	441	c8e58f3a7e0021bb12f3a29b4a6765f79a4579208b036209bba1d945d85db544
workflow/legacy_final_result/ecoil/data/demo/art_sim.sh	291	b3beabe48de5472006bd7d323e597ae7d7ec4c5e1268c48381c37d892c485f04
workflow/legacy_final_result/ecoil/data/demo/pbsim2_sim.sh	3177	6e204b33fb9a8a5acce096aa0eecfeb267fc2fa96edab1b0a232dcd14127f3f4
workflow/legacy_final_result/ecoil/data/long/any/non.py	775	3e176e0b4b311b6acd94876d4fefd94ac01e7a0582ef8c58a7ce3ffa49c58aec
workflow/legacy_final_result/ecoil/data/long/pbsim2_sim.sh	3198	ba7e1f19c85bddc3a1fea3f68bc619eaff6da275779a86cffaf3aab5d8a28b4e
workflow/legacy_final_result/ecoil/data/pbsim2_sim.sh	0	e3b0c44298fc1c149afbf4c8996fb92427ae41e4649b934ca495991b7852b855
workflow/legacy_final_result/ecoil/data/short/art_sim.sh	290	1f0eec235b770b343afff1bcb963218e5660c1919f1d5c005ff4703695254c9a
workflow/legacy_final_result/ecoil/ecoli_cor/gra_msa/ecoli_DADEC.sh	879	a663602628f49e9c3dfe80493fc8cf87fce6517de45b944be5735f25c1e515bb
workflow/legacy_final_result/ecoil/ecoli_cor/k_mer_test/aplot.py	2662	7df900f5bdd289f88c6901989f2ed207794537e2c9053813f637b8a75712a5a8
workflow/legacy_final_result/ecoil/ecoli_cor/k_mer_test/ecoli_other_method.sh	2172	c8082fa30ec4ab48abb469396bc06d30907e52f596e18a5cde09b80dbc78e2ea
workflow/legacy_final_result/ecoil/ecoli_cor/k_mer_test/kmer_test.sh	312	42e49d88e9220dcb161c348ed5a3d2e70b1b6c92799095233a3455b62128c049
workflow/legacy_final_result/ecoil/ecoli_cor/other/ecoli_other_method.sh	2118	a160c582ea24d4bed5c61db930e6f380d3730b7db4b857591e4a3a1c0dfb1258
workflow/legacy_final_result/ecoil/ecoli_cor/quast.sh	482	c58e2359e4e5b70036f79ff19ca266c2c7735ea1ac8795d81346944103723112
workflow/legacy_final_result/ecoil/ecoli_cor/time/ecoli_other_method.sh	3110	be4e13c9a501c207093a177c89ae6518d578c00db13c7489b9dea128ee6d9d7f
workflow/legacy_final_result/ecoil/ecoli_cor/time1/ecoli_other_method.sh	2978	cd54e2160dcc795902383437fcce327992a8c5dfed651123e59337735963d9f3
workflow/legacy_final_result/ecoil/exper/hifi.sh	675	e8e62d17b11f78ab1be790684045aa2efeda04a48548f75bd245c23733d1b843
workflow/legacy_final_result/ecoil/exper/ocevalue.sh	1105	d0e65d07737b5f0502eae2217870090dbcd1e8e430fd982460c1aaa58045b687
workflow/legacy_final_result/ecoil/exper/plot.py	3323	e3a8dcf7313d38cbf91e11f2f131401dde322c51dbe5f57d2981f90325c9be6a
workflow/legacy_final_result/ecoil/phase/phase.sh	405	51eb7a0bc99e3c510179a25aed91dd10deb71ec3d8738f8adb985d96268be73e
workflow/legacy_final_result/mhc/data/pac1/pbsim2_sim.sh	3207	53a53abc6635d540f5731bc789e863e0f691ee7ba7c906d00d9e821d73d24f6c
workflow/legacy_final_result/mhc/evalue.sh	1900	8cd5e2cc04f37b39ba7409f497733091e69cd03f1891a4d343e3eb7428a31a28
workflow/legacy_final_result/mhc/nano/DADEC_a/s1/mhc_DADEC.sh	1640	f256bf4b0ed58b5b795ed8d6a536e0363820342c733fb93df039aa638deda4fc
workflow/legacy_final_result/mhc/nano/other_evalue.sh	3060	bcf12fcbe7351c492b2f146d9122ca64dbc45571fdc1f8879d94bcefa6d460a3
workflow/legacy_final_result/mhc/pac/evalue.sh	1427	6afb62201fef1dcbac1a52c2525c980a817f987734f202208ca5f273c02d2702
workflow/legacy_final_result/mhc/pac/mhc_DADEC.sh	1653	871a079ac92f2cc54bc8b1d20cb3a66d9fbbe03865cb8e6dc39e493be4029c24
workflow/legacy_final_result/mhc/pac/other_evalue.sh	3057	51ad7cad53771e48bef0c97c79f7dc81454c0fbc2cfb88141edc847ff80f43c0
workflow/legacy_final_result/mhc/quast.sh	468	fb8405250449dd470fdc1b39df4baa969c61be8488ebfcecd36ced1d3e2a1665
workflow/legacy_final_result/zymo/zymo_cor/assambly/canu/canu_evalue.sh	374	3971ae64e5bb04f073a0c4867b8e30cd5d50b4e66d3e62047fb1a0e91a8e98c1
workflow/legacy_final_result/zymo/zymo_cor/assambly/canu/canu_quast.sh	727	4f3082ac57b1dc9b6fe13081e67e879f4b00263f932be566099389291cdd71a8
workflow/legacy_final_result/zymo/zymo_cor/assambly/hifiasm/hifiasm_quast.sh	713	69acca90354bd332c0b26acd0413659c7c3585fb9a9e2ab027b42dcfb6ad8888
workflow/legacy_final_result/zymo/zymo_cor/assambly/hifiasm/hifisam_evalue.sh	295	dae71961ca0150a0f7628d3f785de31f3e9c77d2905d669d8f7a16ccb0404da8
workflow/legacy_final_result/zymo/zymo_cor/dechat_cor.sh	2022	cb28e48808a3ee13bd3328577ec4b546041c28eba27cdc32bc0bc3f45940b71f
workflow/legacy_final_result/zymo/zymo_cor/echat_cor.sh	2063	d7c1235188c65797c035d338cef6263c9eb297cfd94750e1d9db4286508adfa6
workflow/legacy_final_result/zymo/zymo_cor/other_cor.sh	3302	1d9816ec4c02d348745d09abfd970418fa5659f194c7ac0adb6058e5f280c195
workflow/legacy_final_result/zymo/zymo_cor/quast.sh	486	4a211235a1a53066cba9469512bd2ebf424662c98ba197769c876df8cc48fc20
workflow/legacy_final_result/zymo/zymo_cor/zymo_cor.sh	2494	028f9ff09aeb692b0f8af5b48515da59f1dfb78a267328489868c21f91ae64ef
workflow/simulation/data/arabidopsis_subsample.sh	4508	af745eacbe5afd9fbb4675a0eb3738a955ef026210aa2aea80036dad641cd971
workflow/simulation/data/count_lognormal.py	1830	59fca8cc76d9f381a25e8be0f43a0f55ad5f9b396b8095eb6f18d6e45d99422f
workflow/simulation/data/cov_stat.sh	988	823a739167843fadf47fd237b60529fcc2b1e5c9b2c831ecb5f7353d2cbd1543
workflow/simulation/data/coverage_stat.py	891	a10793f6b7238cd1a785d7e5c31f6220e05ab586c55473b1d11ae4f4cad3c3b3
workflow/simulation/data/depth_stats.py	1976	81a42fc25fc1e74af0ce7a123cfb17f68e3a571dee515c2e52282af07aa509c9
workflow/simulation/data/error_stat/evaluate_dataset_error.py	5918	1cfc425bf33056a6e68559125dc0036eaa09f0491fc93b808a3ecef8b4d6ec4c
workflow/simulation/data/error_stat/evaluate_ecoli3_readcount.py	2758	db1d0f3e7a5abbc5de7f3f1ece71465f1c8b80b43fdf3ae1c95323187945641e
workflow/simulation/data/errors_data_sim.sh	6197	e28040965e50873e5bd09fb0e2f8a64ca498e58c66bdba83ba29cc493d707849
workflow/simulation/data/errors_data_sim_long.sh	4185	135e06657e016f33652ed3293b10095788e2f6a2494f319cc2969f7b82e61fe2
workflow/simulation/data/errors_ecoli3_readcount_sim.sh	11183	b2c0863c194b479b83975a6bd676a8b260100fbd13cfca6081769d81a7b0c154
workflow/simulation/data/errors_ecoli3_sim.sh	4348	7d3674dd09e33daef71b52db2becea6c2f03e0edbc215f04ead68b167f92c560
workflow/simulation/data/generate_ani_info.py	5223	bcd8ce457a7eaf7ef662eb0158553de9879965cf5ec41d8eefe94bedcd1abf9c
workflow/simulation/data/long_read_pbsim_config.ini	2954	be2f1947a44232429a8a73bf6a02d8278b78117bbe1f5aff3bbbeb218ca93470
workflow/simulation/data/read_coverage_stat.py	9984	9c51736972fe1b567ab52962021a094162882275b1be9d384e7f126aff65c674
workflow/simulation/data/short_read_art_config.ini	3508	08d7ef1e9c756681acb4c36833fc6e0917312e7d1179ea3cde356071297c40de
workflow/simulation/data/sim_read.py	13819	8b3bc69c764dcc441a64b70432b3c9134dd80250dca79deaf9429083ba8c4976
workflow/simulation/data/staticsData.py	10231	5b6dc171efc39d48bbb30afeade28f46024770bc1626a0476b8f07c8b992674c
workflow/simulation/data/zymo_subsample.sh	2310	a33bb43868883c3118143d844547102609865358e586a06a200db17b8abbc65b
workflow/simulation/utils/find_seqs_by_length.py	2210	8d11f33b8295641a345973e543ac9ab9fd74079356ddf11ed6f67821cfe867d2
