bundle_path	source_path	bytes	sha256	status	reason
results/100strains_30x/comparative_ambiguity9999.tsv	/home/work/wenhai/dadec/benchmark/results/100strains_30x/comparative_ambiguity9999.tsv	1036	b83cb9a4243f9f979e5c88316b18f39e857497f24ad2a7cb3d8ed66c141d8235	included	compact final report, aggregate, metric, status, or provenance
results/100strains_30x/comparative_selected_runs.tsv	/home/work/wenhai/dadec/benchmark/results/100strains_30x/comparative_selected_runs.tsv	1845	9f7d925c73a03397fd10e3dbd9819590ca544e2d9e443c5c521466f4a9738b17	included	compact final report, aggregate, metric, status, or provenance
results/100strains_30x/run_manifest.tsv	/home/work/wenhai/dadec/benchmark/results/100strains_30x/run_manifest.tsv	2808	7f02526a5bf3ec9c76bd07f4b98c369e7771d3f350d5ade607f8274f5e3063a1	included	compact final report, aggregate, metric, status, or provenance
results/100strains_30x/table_ambiguity9999.tsv	/home/work/wenhai/dadec/benchmark/results/100strains_30x/table_ambiguity9999.tsv	528	73bc55b96817127d1f96228a4155188fbf0c1f278d92a305278b1656dbd67ac3	included	compact final report, aggregate, metric, status, or provenance
results/100strains_legacy_30x/comparative_ambiguity9999_metrics_only.tsv	/home/work/wenhai/dadec/benchmark/results/100strains_legacy_30x/comparative_ambiguity9999_metrics_only.tsv	1380	a6ae79a455903e92f7167891aa414576ad1c14bfc16964dc5dc50bd1531f63c6	included	compact final report, aggregate, metric, status, or provenance
results/100strains_legacy_30x/run_manifest.tsv	/home/work/wenhai/dadec/benchmark/results/100strains_legacy_30x/run_manifest.tsv	3809	dc1a7e9308266a7d93308dc62bae6b2e2971772bcb64f9d33c1bb9879e10245e	included	compact final report, aggregate, metric, status, or provenance
results/100strains_legacy_30x/table_ambiguity9999_metrics_only.tsv	/home/work/wenhai/dadec/benchmark/results/100strains_legacy_30x/table_ambiguity9999_metrics_only.tsv	702	5b53164b79dbc0b5225bc24fc6f062e82005c2d6f5585d48d208b70c15afaf06	included	compact final report, aggregate, metric, status, or provenance
results/30strains_30x/30strains_30x_dadec_ablation_k31_k31_s1_a2_a1_t0p08_dev_fix_a_ambiguity9999.tsv	/home/work/wenhai/dadec/benchmark/results/30strains_30x/30strains_30x_dadec_ablation_k31_k31_s1_a2_a1_t0p08_dev_fix_a_ambiguity9999.tsv	842	1f4d123fdacb1a0a4d43f195c3639d116974011e8bb91e7b1cf2a35afa044ee6	included	compact final report, aggregate, metric, status, or provenance
results/30strains_30x/comparative_ambiguity9999.tsv	/home/work/wenhai/dadec/benchmark/results/30strains_30x/comparative_ambiguity9999.tsv	1424	a8fe57779adeb675f9027c2109dbb70ace82eb30c4ecec260e5f7a6705097371	included	compact final report, aggregate, metric, status, or provenance
results/30strains_30x/comparative_selected_runs.tsv	/home/work/wenhai/dadec/benchmark/results/30strains_30x/comparative_selected_runs.tsv	2615	4f08b9d4df92479ffc00fc7526b0aa720f7bc5c4d46180f2f784a919e5ab2382	included	compact final report, aggregate, metric, status, or provenance
results/30strains_30x/run_manifest.tsv	/home/work/wenhai/dadec/benchmark/results/30strains_30x/run_manifest.tsv	4200	82438c01e59df88f9a940f5c3aaf9d9a898a786e40c60503da0b4a729d205b8b	included	compact final report, aggregate, metric, status, or provenance
results/30strains_legacy_30x/30strains_legacy_30x_dadec_ablation_k31_k31_s1_a2_a1_t0p08_dev_fix_a_ambiguity9999.tsv	/home/work/wenhai/dadec/benchmark/results/30strains_legacy_30x/30strains_legacy_30x_dadec_ablation_k31_k31_s1_a2_a1_t0p08_dev_fix_a_ambiguity9999.tsv	840	4e4b5f09a22cde0dfece5072213728c3a2d174739840f9f06347868b6298641d	included	compact final report, aggregate, metric, status, or provenance
results/30strains_legacy_30x/comparative_ambiguity9999.tsv	/home/work/wenhai/dadec/benchmark/results/30strains_legacy_30x/comparative_ambiguity9999.tsv	1549	928998a57ba021afe6b22ba6b7fad78026a175dcb09edbf619f5198f535154db	included	compact final report, aggregate, metric, status, or provenance
results/30strains_legacy_30x/comparative_selected_runs.tsv	/home/work/wenhai/dadec/benchmark/results/30strains_legacy_30x/comparative_selected_runs.tsv	2867	e67f8cc564761e9a57e3f7777fbcdc27aefad63ef509d3d22eb25b47239cf1bc	included	compact final report, aggregate, metric, status, or provenance
results/30strains_legacy_30x/run_manifest.tsv	/home/work/wenhai/dadec/benchmark/results/30strains_legacy_30x/run_manifest.tsv	4704	2835f2fcc371b095111bcab78ecd4ac1e1a53eed32619015aaf1c0ceb031f34b	included	compact final report, aggregate, metric, status, or provenance
results/arabidopsis_20x_all_parameter_runs.tsv	/home/work/wenhai/dadec/benchmark/results/arabidopsis_20x_all_parameter_runs.tsv	1469	790a9e499eb6aaa93373e7b4acbfa89c1e6eb4382e50b3dde53799a344d3c515	included	compact final report, aggregate, metric, status, or provenance
results/arabidopsis_20x_best_parameter_runs.tsv	/home/work/wenhai/dadec/benchmark/results/arabidopsis_20x_best_parameter_runs.tsv	1469	790a9e499eb6aaa93373e7b4acbfa89c1e6eb4382e50b3dde53799a344d3c515	included	compact final report, aggregate, metric, status, or provenance
results/arabidopsis_32x/arabidopsis_32x_dadec_ablation_k39_k39_s4_a3_a2_t0p1_dev_fix_a.tsv	/home/work/wenhai/dadec/benchmark/results/arabidopsis_32x/arabidopsis_32x_dadec_ablation_k39_k39_s4_a3_a2_t0p1_dev_fix_a.tsv	912	31b7e94b75a35aff698d602013f896f97c61860141a4590684451334453898a3	included	compact final report, aggregate, metric, status, or provenance
results/arabidopsis_32x/comparative_selected_runs.tsv	/home/work/wenhai/dadec/benchmark/results/arabidopsis_32x/comparative_selected_runs.tsv	1471	afa09396d400cbb9c2937a50557d964e507e943f3ac1c7f87c9e1707d2857f47	included	compact final report, aggregate, metric, status, or provenance
results/arabidopsis_32x/run_manifest.tsv	/home/work/wenhai/dadec/benchmark/results/arabidopsis_32x/run_manifest.tsv	4013	31303d9d82d1bacf7cc21e2207e5cce9a4ef0f2231be3da11605469cd468c49b	included	compact final report, aggregate, metric, status, or provenance
results/arabidopsis_32x/table_corrected_only.tsv	/home/work/wenhai/dadec/benchmark/results/arabidopsis_32x/table_corrected_only.tsv	485	f6f52b836c8da68c8c4e72034276c2987653f6f66cbb48a9e697034b547f0b4d	included	compact final report, aggregate, metric, status, or provenance
results/arabidopsis_sim_32x/dadec_dev_fix_a_all_parameter_runs.tsv	/home/work/wenhai/dadec/benchmark/results/arabidopsis_sim_32x/dadec_dev_fix_a_all_parameter_runs.tsv	216	89fe0ca9e324284ecc91481dcd7db25a24e59d0d22c1e837834c33138f711c62	included	compact final report, aggregate, metric, status, or provenance
results/arabidopsis_sim_32x/dadec_dev_fix_a_best_parameter_runs.tsv	/home/work/wenhai/dadec/benchmark/results/arabidopsis_sim_32x/dadec_dev_fix_a_best_parameter_runs.tsv	216	89fe0ca9e324284ecc91481dcd7db25a24e59d0d22c1e837834c33138f711c62	included	compact final report, aggregate, metric, status, or provenance
results/arabidopsis_sim_32x/table_corrected_only.tsv	/home/work/wenhai/dadec/benchmark/results/arabidopsis_sim_32x/table_corrected_only.tsv	512	e23ef1431b93a884646bf8873f5b5e0afd0cb18a86d2bb90e7da0a7e9992c886	included	compact final report, aggregate, metric, status, or provenance
results/arabidopsis_sim_32x_comparative_all.tsv	/home/work/wenhai/dadec/benchmark/results/arabidopsis_sim_32x_comparative_all.tsv	518	b71015f0ee4d7faedab7959ce1e54f6bb3b12efbf1644d220a2cfdde32d18d56	included	compact final report, aggregate, metric, status, or provenance
results/arabidopsis_sim_32x_comparative_best.tsv	/home/work/wenhai/dadec/benchmark/results/arabidopsis_sim_32x_comparative_best.tsv	518	b71015f0ee4d7faedab7959ce1e54f6bb3b12efbf1644d220a2cfdde32d18d56	included	compact final report, aggregate, metric, status, or provenance
results/classification/30strains_legacy/10x/colormap/metrics.json	/home/work/wenhai/dadec/benchmark/results/classification/30strains_legacy/10x/colormap/metrics.json	12069	b657ae77b3b0ceda285d9b32008377f0e4b2a47e989accb00e9d6958a5869dbc	included	compact final report, aggregate, metric, status, or provenance
results/classification/30strains_legacy/10x/colormap/metrics.txt	/home/work/wenhai/dadec/benchmark/results/classification/30strains_legacy/10x/colormap/metrics.txt	5514	98228a6e596da0bb4acff6f2552ec4486e1357a641e2c323d1c5009ca5fb3890	included	compact final report, aggregate, metric, status, or provenance
results/classification/30strains_legacy/10x/colormap/provenance.json	/home/work/wenhai/dadec/benchmark/results/classification/30strains_legacy/10x/colormap/provenance.json	1864	296b0edacbc66fafd03c5f757adc5ce7b4b78a6209be3025aaa42b7e2b9de4c7	included	compact final report, aggregate, metric, status, or provenance
results/classification/30strains_legacy/10x/colormap/report.tsv	/home/work/wenhai/dadec/benchmark/results/classification/30strains_legacy/10x/colormap/report.tsv	1487	7aba3fda90069d13770f3c128d33f980fb0227b6685628fbfdb550d4b7f493b9	included	compact final report, aggregate, metric, status, or provenance
results/classification/30strains_legacy/10x/dadec_dev/metrics.json	/home/work/wenhai/dadec/benchmark/results/classification/30strains_legacy/10x/dadec_dev/metrics.json	12023	1247d3976b2b14f135d4cc0c644f33a1435648800fd55c632abdd37df55f8a48	included	compact final report, aggregate, metric, status, or provenance
results/classification/30strains_legacy/10x/dadec_dev/metrics.txt	/home/work/wenhai/dadec/benchmark/results/classification/30strains_legacy/10x/dadec_dev/metrics.txt	5482	f111331b365eff03f80e1106af0ed7bd85af0d3b9b3cb2aba28fd9caefce535f	included	compact final report, aggregate, metric, status, or provenance
results/classification/30strains_legacy/10x/dadec_dev/provenance.json	/home/work/wenhai/dadec/benchmark/results/classification/30strains_legacy/10x/dadec_dev/provenance.json	1893	5f79478c8dca577ebd0e9fa0c3fd2e02e637f31ee508e83046d79f8cefd247db	included	compact final report, aggregate, metric, status, or provenance
results/classification/30strains_legacy/10x/dadec_dev/report.tsv	/home/work/wenhai/dadec/benchmark/results/classification/30strains_legacy/10x/dadec_dev/report.tsv	1538	83005080fa557403d8101f1e118675b14121366704fdaa4f2b1933d83b4c852c	included	compact final report, aggregate, metric, status, or provenance
results/classification/30strains_legacy/10x/f_hero/metrics.json	/home/work/wenhai/dadec/benchmark/results/classification/30strains_legacy/10x/f_hero/metrics.json	12242	df390491595f01436a8e57f92c9957805c600dd6318b3ccfdaa3dc5cc557206d	included	compact final report, aggregate, metric, status, or provenance
results/classification/30strains_legacy/10x/f_hero/metrics.txt	/home/work/wenhai/dadec/benchmark/results/classification/30strains_legacy/10x/f_hero/metrics.txt	5665	ecf2c47c4113b3bd0cda0175586a586f2ebe479046f078eab4e9a7fe293994a6	included	compact final report, aggregate, metric, status, or provenance
results/classification/30strains_legacy/10x/f_hero/provenance.json	/home/work/wenhai/dadec/benchmark/results/classification/30strains_legacy/10x/f_hero/provenance.json	1880	30e15db36b25893a4fb3673fbfff0e9cca38590643cc72280f99efc7b5e9bc7b	included	compact final report, aggregate, metric, status, or provenance
results/classification/30strains_legacy/10x/f_hero/report.tsv	/home/work/wenhai/dadec/benchmark/results/classification/30strains_legacy/10x/f_hero/report.tsv	1519	24be64bd62989f53761fec14dd99e478e3f2863bf03d10b10295ce5ed944288f	included	compact final report, aggregate, metric, status, or provenance
results/classification/30strains_legacy/10x/fmlrc/metrics.json	/home/work/wenhai/dadec/benchmark/results/classification/30strains_legacy/10x/fmlrc/metrics.json	12188	0b7035a4b986b83fb225d14125023ee93cd7a3ecbce68cce0977e72da5c0c34d	included	compact final report, aggregate, metric, status, or provenance
results/classification/30strains_legacy/10x/fmlrc/metrics.txt	/home/work/wenhai/dadec/benchmark/results/classification/30strains_legacy/10x/fmlrc/metrics.txt	5624	2bb532c4f7c877f01556bb78086089967bfba0f9cc01e2532bca3b76af6926f6	included	compact final report, aggregate, metric, status, or provenance
results/classification/30strains_legacy/10x/fmlrc/provenance.json	/home/work/wenhai/dadec/benchmark/results/classification/30strains_legacy/10x/fmlrc/provenance.json	566	ceba04dfa5c3ea32ad4394171e690666346875633a53daf3b1a0bcec817db126	included	compact final report, aggregate, metric, status, or provenance
results/classification/30strains_legacy/10x/fmlrc/status.json	/home/work/wenhai/dadec/benchmark/results/classification/30strains_legacy/10x/fmlrc/status.json	159	eccbc24380c369f44bbf8b12869cb4306283242ea6a9af36ee8adf2e303c5d9f	included	compact final report, aggregate, metric, status, or provenance
results/classification/30strains_legacy/10x/fmlrc_current/metrics.json	/home/work/wenhai/dadec/benchmark/results/classification/30strains_legacy/10x/fmlrc_current/metrics.json	12188	0b7035a4b986b83fb225d14125023ee93cd7a3ecbce68cce0977e72da5c0c34d	included	compact final report, aggregate, metric, status, or provenance
results/classification/30strains_legacy/10x/fmlrc_current/metrics.txt	/home/work/wenhai/dadec/benchmark/results/classification/30strains_legacy/10x/fmlrc_current/metrics.txt	5624	2bb532c4f7c877f01556bb78086089967bfba0f9cc01e2532bca3b76af6926f6	included	compact final report, aggregate, metric, status, or provenance
results/classification/30strains_legacy/10x/fmlrc_current/provenance.json	/home/work/wenhai/dadec/benchmark/results/classification/30strains_legacy/10x/fmlrc_current/provenance.json	1893	8a16070f45eeca5630c0d8b15132a09ca9f2ea400b89383db25f680fc4c48db3	included	compact final report, aggregate, metric, status, or provenance
results/classification/30strains_legacy/10x/fmlrc_current/report.tsv	/home/work/wenhai/dadec/benchmark/results/classification/30strains_legacy/10x/fmlrc_current/report.tsv	1514	3de8c048fd7a93313dcec0120fca1515645b58d74eea931820853bae3fad53b2	included	compact final report, aggregate, metric, status, or provenance
results/classification/30strains_legacy/10x/l_hero/metrics.json	/home/work/wenhai/dadec/benchmark/results/classification/30strains_legacy/10x/l_hero/metrics.json	12153	1bd1cc85908e2d109fc4b1a7c94690f80f1af03e8013449aab78700a7df55db6	included	compact final report, aggregate, metric, status, or provenance
results/classification/30strains_legacy/10x/l_hero/metrics.txt	/home/work/wenhai/dadec/benchmark/results/classification/30strains_legacy/10x/l_hero/metrics.txt	5595	662946fd02d2a8ac967716a7a1f27687ad01aa8024bbd0f464d74906dd841b2d	included	compact final report, aggregate, metric, status, or provenance
results/classification/30strains_legacy/10x/l_hero/provenance.json	/home/work/wenhai/dadec/benchmark/results/classification/30strains_legacy/10x/l_hero/provenance.json	1880	26b110447ffd63d69fdeef1dca0ab0129db288bf4065c3a5dfdc32d56d3ee5f0	included	compact final report, aggregate, metric, status, or provenance
results/classification/30strains_legacy/10x/l_hero/report.tsv	/home/work/wenhai/dadec/benchmark/results/classification/30strains_legacy/10x/l_hero/report.tsv	1578	b071943cf7045ac07b51e11d1617d4f5051222520efae320494b647a96635340	included	compact final report, aggregate, metric, status, or provenance
results/classification/30strains_legacy/10x/lordec/metrics.json	/home/work/wenhai/dadec/benchmark/results/classification/30strains_legacy/10x/lordec/metrics.json	12171	883e6dbd86f679c699dbe55933d4dc9789dcf0d8ef20b5b2b0615a445295db78	included	compact final report, aggregate, metric, status, or provenance
results/classification/30strains_legacy/10x/lordec/metrics.txt	/home/work/wenhai/dadec/benchmark/results/classification/30strains_legacy/10x/lordec/metrics.txt	5611	86b55e27f1785fdd38f1bc984aed95197e048ef5c7d4ce12b8834703ae79eb39	included	compact final report, aggregate, metric, status, or provenance
results/classification/30strains_legacy/10x/lordec/provenance.json	/home/work/wenhai/dadec/benchmark/results/classification/30strains_legacy/10x/lordec/provenance.json	1862	6432a1bde9d929e48404fa51e30423d8e5c71deeae0ca81f01be86dbba89f079	included	compact final report, aggregate, metric, status, or provenance
results/classification/30strains_legacy/10x/lordec/report.tsv	/home/work/wenhai/dadec/benchmark/results/classification/30strains_legacy/10x/lordec/report.tsv	1506	d0fa71ce5d3ec1e2acffd3d2520b61e5047bc8509f34c147f47d8c4fde8ab159	included	compact final report, aggregate, metric, status, or provenance
results/classification/30strains_legacy/10x/proovread/metrics.json	/home/work/wenhai/dadec/benchmark/results/classification/30strains_legacy/10x/proovread/metrics.json	12084	29325b09515de6abcaa171f1e484c48463af43fbf1e2d4193c5b14aff63cc94b	included	compact final report, aggregate, metric, status, or provenance
results/classification/30strains_legacy/10x/proovread/metrics.txt	/home/work/wenhai/dadec/benchmark/results/classification/30strains_legacy/10x/proovread/metrics.txt	5541	6e729097af20381e711ecc08789d5daafba801d7fb6787727a3eb1b2525b9007	included	compact final report, aggregate, metric, status, or provenance
results/classification/30strains_legacy/10x/proovread/provenance.json	/home/work/wenhai/dadec/benchmark/results/classification/30strains_legacy/10x/proovread/provenance.json	1873	4c145f5995957a71c83817de82e3a9fe667e3a38113e4df26f3e461bbcbe1b99	included	compact final report, aggregate, metric, status, or provenance
results/classification/30strains_legacy/10x/proovread/report.tsv	/home/work/wenhai/dadec/benchmark/results/classification/30strains_legacy/10x/proovread/report.tsv	1496	fe864c4ccb46815c95d69fbde9eb15ef2b4f7f7e6e4a9af61493279c79c4db5b	included	compact final report, aggregate, metric, status, or provenance
results/classification/30strains_legacy/10x/r_hero/metrics.json	/home/work/wenhai/dadec/benchmark/results/classification/30strains_legacy/10x/r_hero/metrics.json	12173	952e5fa488852ba853cc65ce7b40967582b08109e0ee15afff046165811aa254	included	compact final report, aggregate, metric, status, or provenance
results/classification/30strains_legacy/10x/r_hero/metrics.txt	/home/work/wenhai/dadec/benchmark/results/classification/30strains_legacy/10x/r_hero/metrics.txt	5613	99c73c25e7e6a848e7efea2f8ac27b2ad55598192790458b2c305516b59730d8	included	compact final report, aggregate, metric, status, or provenance
results/classification/30strains_legacy/10x/r_hero/provenance.json	/home/work/wenhai/dadec/benchmark/results/classification/30strains_legacy/10x/r_hero/provenance.json	1880	37a5fcd9a2a884e11c26d0e6daf27fda8f5da9c39e4f4e2970f5dde2ab82e721	included	compact final report, aggregate, metric, status, or provenance
results/classification/30strains_legacy/10x/r_hero/report.tsv	/home/work/wenhai/dadec/benchmark/results/classification/30strains_legacy/10x/r_hero/report.tsv	1572	d1cc1ba54366b61d9c2e0766a80cd6fc9caae9c71a1905a93bd67a1fc5b725b9	included	compact final report, aggregate, metric, status, or provenance
results/classification/30strains_legacy/10x/ratatosk/metrics.json	/home/work/wenhai/dadec/benchmark/results/classification/30strains_legacy/10x/ratatosk/metrics.json	12111	512dfaceb17a36d193f5bf7e577016f97fb17dc6ca86e8f6ddf00eadbe9942a5	included	compact final report, aggregate, metric, status, or provenance
results/classification/30strains_legacy/10x/ratatosk/metrics.txt	/home/work/wenhai/dadec/benchmark/results/classification/30strains_legacy/10x/ratatosk/metrics.txt	5560	f868586ed14c89874c966a017cdffb752c2ea5a10183b1df5908dc7ca454cd32	included	compact final report, aggregate, metric, status, or provenance
results/classification/30strains_legacy/10x/ratatosk/provenance.json	/home/work/wenhai/dadec/benchmark/results/classification/30strains_legacy/10x/ratatosk/provenance.json	1880	9e3d2db8dc6a9cc4febd4b9ddfb838270d2d29a59246f2c06d61d47df46da875	included	compact final report, aggregate, metric, status, or provenance
results/classification/30strains_legacy/10x/ratatosk/report.tsv	/home/work/wenhai/dadec/benchmark/results/classification/30strains_legacy/10x/ratatosk/report.tsv	1525	093b52b6b8a67f138ba6d127ae24a3a29e1959795e96c17741c8dc0dab7f375d	included	compact final report, aggregate, metric, status, or provenance
results/classification/30strains_legacy/20x/colormap/metrics.json	/home/work/wenhai/dadec/benchmark/results/classification/30strains_legacy/20x/colormap/metrics.json	12076	e97b34ddebd715c4f6bc2d4242ad560e17003c5d9c516a4e108cb8bb88fdb12e	included	compact final report, aggregate, metric, status, or provenance
results/classification/30strains_legacy/20x/colormap/metrics.txt	/home/work/wenhai/dadec/benchmark/results/classification/30strains_legacy/20x/colormap/metrics.txt	5529	7a64a52e147077b5e14e9130342ba85d8d6553da7e2049cf00dc10277dac6993	included	compact final report, aggregate, metric, status, or provenance
results/classification/30strains_legacy/20x/colormap/provenance.json	/home/work/wenhai/dadec/benchmark/results/classification/30strains_legacy/20x/colormap/provenance.json	1864	dbc7f9f2ae103bde812632e1f6f98a0d776c9eaa8498909a3bdcb3f1cec533e9	included	compact final report, aggregate, metric, status, or provenance
results/classification/30strains_legacy/20x/colormap/report.tsv	/home/work/wenhai/dadec/benchmark/results/classification/30strains_legacy/20x/colormap/report.tsv	1487	cbd8061e3871803a3eddeeef24883aeebae31889fbb5b644f7a03decc19bdf44	included	compact final report, aggregate, metric, status, or provenance
results/classification/30strains_legacy/20x/dadec_dev/metrics.json	/home/work/wenhai/dadec/benchmark/results/classification/30strains_legacy/20x/dadec_dev/metrics.json	11997	1b2ed8fd8f64348794626ec50ae8af0a29e2ad627f8cf22465f0ffc4c529b4dd	included	compact final report, aggregate, metric, status, or provenance
results/classification/30strains_legacy/20x/dadec_dev/metrics.txt	/home/work/wenhai/dadec/benchmark/results/classification/30strains_legacy/20x/dadec_dev/metrics.txt	5462	9fb95b3e779c1a73827690ff4679d0f329a8b25eb01162d6f043f029299b436c	included	compact final report, aggregate, metric, status, or provenance
results/classification/30strains_legacy/20x/dadec_dev/provenance.json	/home/work/wenhai/dadec/benchmark/results/classification/30strains_legacy/20x/dadec_dev/provenance.json	1893	f936ad94f153916a64ca603a55bb7cee0c31c1dfd270a452549700265ba37155	included	compact final report, aggregate, metric, status, or provenance
results/classification/30strains_legacy/20x/dadec_dev/report.tsv	/home/work/wenhai/dadec/benchmark/results/classification/30strains_legacy/20x/dadec_dev/report.tsv	1614	3464fe7fdca7d75906abb21de2fb50a1feb5b10e7068708b2bea8d653c814c82	included	compact final report, aggregate, metric, status, or provenance
results/classification/30strains_legacy/20x/f_hero/metrics.json	/home/work/wenhai/dadec/benchmark/results/classification/30strains_legacy/20x/f_hero/metrics.json	12222	c39aae4dfb94bb771c99ecbbb1d8790bb9b5abf471bc622f973a6e80e1a78fbb	included	compact final report, aggregate, metric, status, or provenance
results/classification/30strains_legacy/20x/f_hero/metrics.txt	/home/work/wenhai/dadec/benchmark/results/classification/30strains_legacy/20x/f_hero/metrics.txt	5655	33b525b5ce01f1e5a1f087203ea65797eb0cefe9525514601be954c7a2ce140a	included	compact final report, aggregate, metric, status, or provenance
results/classification/30strains_legacy/20x/f_hero/provenance.json	/home/work/wenhai/dadec/benchmark/results/classification/30strains_legacy/20x/f_hero/provenance.json	1880	4a1a0f629c68b51a10e72eaeb5bc93a7b1050ee6b26a580fe1966f2965d4f431	included	compact final report, aggregate, metric, status, or provenance
results/classification/30strains_legacy/20x/f_hero/report.tsv	/home/work/wenhai/dadec/benchmark/results/classification/30strains_legacy/20x/f_hero/report.tsv	1579	38753699e3ebe726c7af928cb7af43c6f515a09d4c0a06d0e3b8e303d00cd4fb	included	compact final report, aggregate, metric, status, or provenance
results/classification/30strains_legacy/20x/fmlrc/metrics.json	/home/work/wenhai/dadec/benchmark/results/classification/30strains_legacy/20x/fmlrc/metrics.json	12198	76dec8aa96ea1e649c311c364cc40036efcbd3c17b9cf7ea56cd6ae59eeedd2c	included	compact final report, aggregate, metric, status, or provenance
results/classification/30strains_legacy/20x/fmlrc/metrics.txt	/home/work/wenhai/dadec/benchmark/results/classification/30strains_legacy/20x/fmlrc/metrics.txt	5634	ddd4ee790cb1dc76f62b7241efa1d56118008e23d8d63de75409c7c53295390c	included	compact final report, aggregate, metric, status, or provenance
results/classification/30strains_legacy/20x/fmlrc/provenance.json	/home/work/wenhai/dadec/benchmark/results/classification/30strains_legacy/20x/fmlrc/provenance.json	10489	050184a8c1b91d9e8b07283a191069ae2cd4223778910687d1bb1df01122993c	included	compact final report, aggregate, metric, status, or provenance
results/classification/30strains_legacy/20x/fmlrc/report.tsv	/home/work/wenhai/dadec/benchmark/results/classification/30strains_legacy/20x/fmlrc/report.tsv	1577	3f232d02f00711d650c71dd4d013845fd1d88956d452a6eea2df324dd963999e	included	compact final report, aggregate, metric, status, or provenance
results/classification/30strains_legacy/20x/fmlrc/status.json	/home/work/wenhai/dadec/benchmark/results/classification/30strains_legacy/20x/fmlrc/status.json	10082	0342b5a90d27b575001f6a61c803641f49dafbd62d657ed16c6eda4f5ff0a561	included	compact final report, aggregate, metric, status, or provenance
results/classification/30strains_legacy/20x/fmlrc_current/metrics.json	/home/work/wenhai/dadec/benchmark/results/classification/30strains_legacy/20x/fmlrc_current/metrics.json	12214	eeecc5c5688c9c06f9073fb126f873385c30b8393044c386bac448f09dc7d635	included	compact final report, aggregate, metric, status, or provenance
results/classification/30strains_legacy/20x/fmlrc_current/metrics.txt	/home/work/wenhai/dadec/benchmark/results/classification/30strains_legacy/20x/fmlrc_current/metrics.txt	5648	17d94d80985dc9034b4e650202a4b7e942b37d70f0c30d2614380fef8068b4aa	included	compact final report, aggregate, metric, status, or provenance
results/classification/30strains_legacy/20x/fmlrc_current/provenance.json	/home/work/wenhai/dadec/benchmark/results/classification/30strains_legacy/20x/fmlrc_current/provenance.json	1893	3651b9d781be67036496fe2af1aaa0488d7abd86a0ca6b28b69d08ac987ec78f	included	compact final report, aggregate, metric, status, or provenance
results/classification/30strains_legacy/20x/fmlrc_current/report.tsv	/home/work/wenhai/dadec/benchmark/results/classification/30strains_legacy/20x/fmlrc_current/report.tsv	1571	7c5472415dce8689838b71307a2e3592c61aaad0ed55cb6eb295a9ca93cdf1c2	included	compact final report, aggregate, metric, status, or provenance
results/classification/30strains_legacy/20x/l_hero/metrics.json	/home/work/wenhai/dadec/benchmark/results/classification/30strains_legacy/20x/l_hero/metrics.json	12181	f8b47f52519056d18b45789b0348f782d1dc1c2f7b0ae67ed114bb269f22ddd9	included	compact final report, aggregate, metric, status, or provenance
results/classification/30strains_legacy/20x/l_hero/metrics.txt	/home/work/wenhai/dadec/benchmark/results/classification/30strains_legacy/20x/l_hero/metrics.txt	5626	a922567f129d6092635eadbbf652ad39337faa4854bc815ad9b1f40069a871a6	included	compact final report, aggregate, metric, status, or provenance
results/classification/30strains_legacy/20x/l_hero/provenance.json	/home/work/wenhai/dadec/benchmark/results/classification/30strains_legacy/20x/l_hero/provenance.json	1880	95647665b0a5a067aba27282a27ae98dff507ebc71ab626c6f66edd4d8c1d206	included	compact final report, aggregate, metric, status, or provenance
results/classification/30strains_legacy/20x/l_hero/report.tsv	/home/work/wenhai/dadec/benchmark/results/classification/30strains_legacy/20x/l_hero/report.tsv	1563	0b06e53629a84296a89b186ebd09e7a54c2fcc0cc464fb8b6482d230cbdab2cf	included	compact final report, aggregate, metric, status, or provenance
results/classification/30strains_legacy/20x/lordec/metrics.json	/home/work/wenhai/dadec/benchmark/results/classification/30strains_legacy/20x/lordec/metrics.json	12182	dfcaf9be5838b0e373802a91f19f08525e7ea114aac3a9d370f03f2a5be55652	included	compact final report, aggregate, metric, status, or provenance
results/classification/30strains_legacy/20x/lordec/metrics.txt	/home/work/wenhai/dadec/benchmark/results/classification/30strains_legacy/20x/lordec/metrics.txt	5625	27f0d865c5fed716c48043a2a26e6e886b869905ce445fd9cedea51c736c90c1	included	compact final report, aggregate, metric, status, or provenance
results/classification/30strains_legacy/20x/lordec/provenance.json	/home/work/wenhai/dadec/benchmark/results/classification/30strains_legacy/20x/lordec/provenance.json	1862	a00d5912bc376af4c2071242de109fa4ed726befe9184a8abef37e980030990e	included	compact final report, aggregate, metric, status, or provenance
results/classification/30strains_legacy/20x/lordec/report.tsv	/home/work/wenhai/dadec/benchmark/results/classification/30strains_legacy/20x/lordec/report.tsv	1554	d40430d7ff1bfa44345b636140d708cb8308313464d9a00333ccd659e4eab313	included	compact final report, aggregate, metric, status, or provenance
results/classification/30strains_legacy/20x/proovread/metrics.json	/home/work/wenhai/dadec/benchmark/results/classification/30strains_legacy/20x/proovread/metrics.json	12109	e0b3f0319ef160f0188046d80c07e8287a56feef1d5f65e56f3dc9e877bc0105	included	compact final report, aggregate, metric, status, or provenance
results/classification/30strains_legacy/20x/proovread/metrics.txt	/home/work/wenhai/dadec/benchmark/results/classification/30strains_legacy/20x/proovread/metrics.txt	5556	2a9dd9c346428b3353a108978db01b92556f329100ab597c62d71afde2d925b8	included	compact final report, aggregate, metric, status, or provenance
results/classification/30strains_legacy/20x/proovread/provenance.json	/home/work/wenhai/dadec/benchmark/results/classification/30strains_legacy/20x/proovread/provenance.json	1873	89ea95ea842aabae7e3fb31317cfcf8848a6dcca7ff9cb6c944b6f8518f7376c	included	compact final report, aggregate, metric, status, or provenance
results/classification/30strains_legacy/20x/proovread/report.tsv	/home/work/wenhai/dadec/benchmark/results/classification/30strains_legacy/20x/proovread/report.tsv	1569	e1434bea945336b36821bd424a0f423e2f997ccd4b440b8a94645c5d5089963c	included	compact final report, aggregate, metric, status, or provenance
results/classification/30strains_legacy/20x/r_hero/metrics.json	/home/work/wenhai/dadec/benchmark/results/classification/30strains_legacy/20x/r_hero/metrics.json	12098	b1267d87068fc7e53255e61e08c0179419112f8d65d9a1155999642ce3c8cc36	included	compact final report, aggregate, metric, status, or provenance
results/classification/30strains_legacy/20x/r_hero/metrics.txt	/home/work/wenhai/dadec/benchmark/results/classification/30strains_legacy/20x/r_hero/metrics.txt	5541	bc82ca084eda47058a9eb6cad49bdccb0b959f1d6a82586b7b104ba45bc01083	included	compact final report, aggregate, metric, status, or provenance
results/classification/30strains_legacy/20x/r_hero/provenance.json	/home/work/wenhai/dadec/benchmark/results/classification/30strains_legacy/20x/r_hero/provenance.json	1880	43b8f36b13e1a003f4c5f094f50796d32e5b0983bd35af41ee98413a9b9f8dd7	included	compact final report, aggregate, metric, status, or provenance
results/classification/30strains_legacy/20x/r_hero/report.tsv	/home/work/wenhai/dadec/benchmark/results/classification/30strains_legacy/20x/r_hero/report.tsv	1584	9f9ae8c38045c618bed1c757e890a09b07ad27fba5f683e58bf6ef3cee0c06df	included	compact final report, aggregate, metric, status, or provenance
results/classification/30strains_legacy/20x/ratatosk/metrics.json	/home/work/wenhai/dadec/benchmark/results/classification/30strains_legacy/20x/ratatosk/metrics.json	11990	11523bdf4c7c266fb581e728e3a25a73a9d1de48e7c23a9c598d3cfc301074b0	included	compact final report, aggregate, metric, status, or provenance
results/classification/30strains_legacy/20x/ratatosk/metrics.txt	/home/work/wenhai/dadec/benchmark/results/classification/30strains_legacy/20x/ratatosk/metrics.txt	5446	64982bd6f68daf5961eee3388e721f706de234a46f344b72b1c629fbf8af67bc	included	compact final report, aggregate, metric, status, or provenance
results/classification/30strains_legacy/20x/ratatosk/provenance.json	/home/work/wenhai/dadec/benchmark/results/classification/30strains_legacy/20x/ratatosk/provenance.json	1880	85aebea33d0eb94fe3e902bcdc7e75a07a4fb6c883c9a0d457ac4ce25f38f150	included	compact final report, aggregate, metric, status, or provenance
results/classification/30strains_legacy/20x/ratatosk/report.tsv	/home/work/wenhai/dadec/benchmark/results/classification/30strains_legacy/20x/ratatosk/report.tsv	1595	a0a8e4f5d8734f28141f7c70f37f4325b5a6e056a954480e94c46369c86255dc	included	compact final report, aggregate, metric, status, or provenance
results/classification/30strains_legacy/30x/colormap/metrics.json	/home/work/wenhai/dadec/benchmark/results/classification/30strains_legacy/30x/colormap/metrics.json	12083	ce99c6099bd1110bcc32a6fd45337bbc19743f9efb432184be8140c0cde01910	included	compact final report, aggregate, metric, status, or provenance
results/classification/30strains_legacy/30x/colormap/metrics.txt	/home/work/wenhai/dadec/benchmark/results/classification/30strains_legacy/30x/colormap/metrics.txt	5524	aa65cca87f2f22354533d2c7629ee30847a84ead37ff9299b2ae92e4a54204a0	included	compact final report, aggregate, metric, status, or provenance
results/classification/30strains_legacy/30x/colormap/provenance.json	/home/work/wenhai/dadec/benchmark/results/classification/30strains_legacy/30x/colormap/provenance.json	1864	82034d967c6561eeb51d4ad9bb9d1b184fe2447d21a199101435ab82d139d95b	included	compact final report, aggregate, metric, status, or provenance
results/classification/30strains_legacy/30x/colormap/report.tsv	/home/work/wenhai/dadec/benchmark/results/classification/30strains_legacy/30x/colormap/report.tsv	1488	fa5700314b67cc9059c829ee2f82ce4b6b75c6a8c900ab3add991756a1fe929c	included	compact final report, aggregate, metric, status, or provenance
results/classification/30strains_legacy/30x/dadec/metrics.json	/home/work/wenhai/dadec/benchmark/results/classification/30strains_legacy/30x/dadec/metrics.json	11960	ee113ba794aa1e566cb5f52b45fc066035a96a397eef2b79dbc106300b200787	included	compact final report, aggregate, metric, status, or provenance
results/classification/30strains_legacy/30x/dadec/metrics.txt	/home/work/wenhai/dadec/benchmark/results/classification/30strains_legacy/30x/dadec/metrics.txt	5421	73eb928b6a320123a03815777681cd780c50386bf5feb258aa406cb67aea521e	included	compact final report, aggregate, metric, status, or provenance
results/classification/30strains_legacy/30x/dadec/provenance.json	/home/work/wenhai/dadec/benchmark/results/classification/30strains_legacy/30x/dadec/provenance.json	1853	8c05f401c0ba077858b45ac3634f4d3c6ab5c9e9156af43b5a19e5054207dd3d	included	compact final report, aggregate, metric, status, or provenance
results/classification/30strains_legacy/30x/dadec/report.tsv	/home/work/wenhai/dadec/benchmark/results/classification/30strains_legacy/30x/dadec/report.tsv	1618	8c8a2f71208781058075f5c654bb75521dca2545ca1a5e42b6962d883bc1de71	included	compact final report, aggregate, metric, status, or provenance
results/classification/30strains_legacy/30x/dadec_dev/metrics.json	/home/work/wenhai/dadec/benchmark/results/classification/30strains_legacy/30x/dadec_dev/metrics.json	11955	89304aa7c024bc5dc9ad776d9c725a4f41f0d799fc9b91c693a02b45648338fd	included	compact final report, aggregate, metric, status, or provenance
results/classification/30strains_legacy/30x/dadec_dev/metrics.txt	/home/work/wenhai/dadec/benchmark/results/classification/30strains_legacy/30x/dadec_dev/metrics.txt	5416	291ff51ce5504fb56774ed4e5a1846d20aae6729c9ea6e8221b4520cdf06d527	included	compact final report, aggregate, metric, status, or provenance
results/classification/30strains_legacy/30x/dadec_dev/provenance.json	/home/work/wenhai/dadec/benchmark/results/classification/30strains_legacy/30x/dadec_dev/provenance.json	1893	ac08ba28cad8c5eeb747f685843a249191730a7ac5715503ca4c0f286f1ae044	included	compact final report, aggregate, metric, status, or provenance
results/classification/30strains_legacy/30x/dadec_dev/report.tsv	/home/work/wenhai/dadec/benchmark/results/classification/30strains_legacy/30x/dadec_dev/report.tsv	1616	47ae01a6728b6f4dc98fb5311bab6a035552db8830f448be5db3ebc4b20efe64	included	compact final report, aggregate, metric, status, or provenance
results/classification/30strains_legacy/30x/f_hero/metrics.json	/home/work/wenhai/dadec/benchmark/results/classification/30strains_legacy/30x/f_hero/metrics.json	12164	819f06a10e288163e1dc8e1ec987e5f52fc4d7e678f7ece0b0c31a5ba3a5be28	included	compact final report, aggregate, metric, status, or provenance
results/classification/30strains_legacy/30x/f_hero/metrics.txt	/home/work/wenhai/dadec/benchmark/results/classification/30strains_legacy/30x/f_hero/metrics.txt	5597	7276c36bf0a4fe647cc98860e3b95ac0deaf72193213e5c4474c88cbc9de85f3	included	compact final report, aggregate, metric, status, or provenance
results/classification/30strains_legacy/30x/f_hero/provenance.json	/home/work/wenhai/dadec/benchmark/results/classification/30strains_legacy/30x/f_hero/provenance.json	1880	9e853c41aa1a7715a6bc06ea58e025e2f45ac0a5382e39a05d6264c893870062	included	compact final report, aggregate, metric, status, or provenance
results/classification/30strains_legacy/30x/f_hero/report.tsv	/home/work/wenhai/dadec/benchmark/results/classification/30strains_legacy/30x/f_hero/report.tsv	1613	c84309a23a06b93a1a4b7b0157cb4bc883cef45ddea678c44c3652e9aebeb8a2	included	compact final report, aggregate, metric, status, or provenance
results/classification/30strains_legacy/30x/fmlrc/metrics.json	/home/work/wenhai/dadec/benchmark/results/classification/30strains_legacy/30x/fmlrc/metrics.json	12143	2d0b39eaa85654b13cd5407f536d69437398ae4b841339e42e4817e678b71d67	included	compact final report, aggregate, metric, status, or provenance
results/classification/30strains_legacy/30x/fmlrc/metrics.txt	/home/work/wenhai/dadec/benchmark/results/classification/30strains_legacy/30x/fmlrc/metrics.txt	5585	c2502731fa8e97c85060056434dfce459239a3040cb072fed7e40a9fd7e5847e	included	compact final report, aggregate, metric, status, or provenance
results/classification/30strains_legacy/30x/fmlrc/provenance.json	/home/work/wenhai/dadec/benchmark/results/classification/30strains_legacy/30x/fmlrc/provenance.json	566	f828d4dd2ce644f2f861a231f645ab9c02ff7051cf7059f7b87f08c61e2db781	included	compact final report, aggregate, metric, status, or provenance
results/classification/30strains_legacy/30x/fmlrc/report.tsv	/home/work/wenhai/dadec/benchmark/results/classification/30strains_legacy/30x/fmlrc/report.tsv	1596	116467e55843f24aa75e95c7a456449e4a0315bd62bed40e5438affc81a9d65d	included	compact final report, aggregate, metric, status, or provenance
results/classification/30strains_legacy/30x/fmlrc/status.json	/home/work/wenhai/dadec/benchmark/results/classification/30strains_legacy/30x/fmlrc/status.json	159	586782b1f14ea13e23fb001a1c1b04d0f163a03470420fdc8f032908c2153179	included	compact final report, aggregate, metric, status, or provenance
results/classification/30strains_legacy/30x/fmlrc_current/metrics.json	/home/work/wenhai/dadec/benchmark/results/classification/30strains_legacy/30x/fmlrc_current/metrics.json	12143	2d0b39eaa85654b13cd5407f536d69437398ae4b841339e42e4817e678b71d67	included	compact final report, aggregate, metric, status, or provenance
results/classification/30strains_legacy/30x/fmlrc_current/metrics.txt	/home/work/wenhai/dadec/benchmark/results/classification/30strains_legacy/30x/fmlrc_current/metrics.txt	5585	c2502731fa8e97c85060056434dfce459239a3040cb072fed7e40a9fd7e5847e	included	compact final report, aggregate, metric, status, or provenance
results/classification/30strains_legacy/30x/fmlrc_current/provenance.json	/home/work/wenhai/dadec/benchmark/results/classification/30strains_legacy/30x/fmlrc_current/provenance.json	1893	7a37db7e1f95922bbe7ec47044caad23f169e50c548057f58b6090956412605b	included	compact final report, aggregate, metric, status, or provenance
results/classification/30strains_legacy/30x/fmlrc_current/report.tsv	/home/work/wenhai/dadec/benchmark/results/classification/30strains_legacy/30x/fmlrc_current/report.tsv	1596	116467e55843f24aa75e95c7a456449e4a0315bd62bed40e5438affc81a9d65d	included	compact final report, aggregate, metric, status, or provenance
results/classification/30strains_legacy/30x/l_hero/metrics.json	/home/work/wenhai/dadec/benchmark/results/classification/30strains_legacy/30x/l_hero/metrics.json	12188	38d196fcd43ace4bf38748ef17ddaafad0a012e73a997ad6c4fd2a4749bccc42	included	compact final report, aggregate, metric, status, or provenance
results/classification/30strains_legacy/30x/l_hero/metrics.txt	/home/work/wenhai/dadec/benchmark/results/classification/30strains_legacy/30x/l_hero/metrics.txt	5621	49f23b0d00411953a3f2bf3af35e6033ab5d4624d6e727a88fe5aeabd8fc5464	included	compact final report, aggregate, metric, status, or provenance
results/classification/30strains_legacy/30x/l_hero/provenance.json	/home/work/wenhai/dadec/benchmark/results/classification/30strains_legacy/30x/l_hero/provenance.json	1880	1c6ba816698534b9f4eae38e5821e4f1b682c40921db8b76511ea6d4e0f0c0ea	included	compact final report, aggregate, metric, status, or provenance
results/classification/30strains_legacy/30x/l_hero/report.tsv	/home/work/wenhai/dadec/benchmark/results/classification/30strains_legacy/30x/l_hero/report.tsv	1619	d009c886320c959babe38e17b57d908f852b9c7d76aff4d738ec3d3505de8fd3	included	compact final report, aggregate, metric, status, or provenance
results/classification/30strains_legacy/30x/lordec/metrics.json	/home/work/wenhai/dadec/benchmark/results/classification/30strains_legacy/30x/lordec/metrics.json	12175	8e8cfeec2ab4692f3cd83f2d20852681a05bb19fb449ea45ba5410f085b6db3b	included	compact final report, aggregate, metric, status, or provenance
results/classification/30strains_legacy/30x/lordec/metrics.txt	/home/work/wenhai/dadec/benchmark/results/classification/30strains_legacy/30x/lordec/metrics.txt	5611	2275e94bfc45c12d64fdee8620837b5b3c7dad54f9084c6d15f2327ae5486de2	included	compact final report, aggregate, metric, status, or provenance
results/classification/30strains_legacy/30x/lordec/provenance.json	/home/work/wenhai/dadec/benchmark/results/classification/30strains_legacy/30x/lordec/provenance.json	1862	bd3b627134275af75917fbf41b27b4d4158a73f4b68c444bc1f694d8ac9f2667	included	compact final report, aggregate, metric, status, or provenance
results/classification/30strains_legacy/30x/lordec/report.tsv	/home/work/wenhai/dadec/benchmark/results/classification/30strains_legacy/30x/lordec/report.tsv	1581	aadb0aca4a9ae9e1166766dbe65d14aecd627f0ffdafb2765e639aa29dc7c8d9	included	compact final report, aggregate, metric, status, or provenance
results/classification/30strains_legacy/30x/proovread/metrics.json	/home/work/wenhai/dadec/benchmark/results/classification/30strains_legacy/30x/proovread/metrics.json	12101	79802e73410c88bceb87ddfa3b75753f1ad9fd7b3ee328ec1b723074081ed5e7	included	compact final report, aggregate, metric, status, or provenance
results/classification/30strains_legacy/30x/proovread/metrics.txt	/home/work/wenhai/dadec/benchmark/results/classification/30strains_legacy/30x/proovread/metrics.txt	5547	ef792b95c00e83de5cbd423560e46bb3ecbbf8f9d04e94c11bd1e7f65ecb0eb1	included	compact final report, aggregate, metric, status, or provenance
results/classification/30strains_legacy/30x/proovread/provenance.json	/home/work/wenhai/dadec/benchmark/results/classification/30strains_legacy/30x/proovread/provenance.json	1873	50277668e28d9284793929f0e719818bde19d3367a8d1c167e17773d679e9886	included	compact final report, aggregate, metric, status, or provenance
results/classification/30strains_legacy/30x/proovread/report.tsv	/home/work/wenhai/dadec/benchmark/results/classification/30strains_legacy/30x/proovread/report.tsv	1616	e900035698394c7e55a7e443cb36a0b95021c6320b20296c078a422f32cdaa39	included	compact final report, aggregate, metric, status, or provenance
results/classification/30strains_legacy/30x/r_hero/metrics.json	/home/work/wenhai/dadec/benchmark/results/classification/30strains_legacy/30x/r_hero/metrics.json	12112	57b3c660278c7c54cc040b8aa9d9b22a6a92b561d79d5a655f81f8c5a6ccb706	included	compact final report, aggregate, metric, status, or provenance
results/classification/30strains_legacy/30x/r_hero/metrics.txt	/home/work/wenhai/dadec/benchmark/results/classification/30strains_legacy/30x/r_hero/metrics.txt	5555	aed190e6d56c38f1aee62cfb21bdc3f8e4bea0acc80fba8b8baa049158fb1db2	included	compact final report, aggregate, metric, status, or provenance
results/classification/30strains_legacy/30x/r_hero/provenance.json	/home/work/wenhai/dadec/benchmark/results/classification/30strains_legacy/30x/r_hero/provenance.json	1880	af48d6761c4af070451f07ccb710e4b543a3f24406c49cb7f686e7240a1d5576	included	compact final report, aggregate, metric, status, or provenance
results/classification/30strains_legacy/30x/r_hero/report.tsv	/home/work/wenhai/dadec/benchmark/results/classification/30strains_legacy/30x/r_hero/report.tsv	1617	778015692d5dbd98c58f9c04646157eb357e88667facf5be3017ba57daed29ee	included	compact final report, aggregate, metric, status, or provenance
results/classification/30strains_legacy/30x/ratatosk/metrics.json	/home/work/wenhai/dadec/benchmark/results/classification/30strains_legacy/30x/ratatosk/metrics.json	11993	6fb8002ccc054e429b48736b4b2f54626a042f273d8d21f1aecefabade6795d7	included	compact final report, aggregate, metric, status, or provenance
results/classification/30strains_legacy/30x/ratatosk/metrics.txt	/home/work/wenhai/dadec/benchmark/results/classification/30strains_legacy/30x/ratatosk/metrics.txt	5450	2718203cc77ea245f49927013996c7f07884ccc38feec867a4a81388c2ee1634	included	compact final report, aggregate, metric, status, or provenance
results/classification/30strains_legacy/30x/ratatosk/provenance.json	/home/work/wenhai/dadec/benchmark/results/classification/30strains_legacy/30x/ratatosk/provenance.json	1880	28563d6b2de2ccce5b5d440a315e0ced652b3639279d81b5cf9c68d457a55077	included	compact final report, aggregate, metric, status, or provenance
results/classification/30strains_legacy/30x/ratatosk/report.tsv	/home/work/wenhai/dadec/benchmark/results/classification/30strains_legacy/30x/ratatosk/report.tsv	1613	700631f58f8841858433744715daae47e8fb20df33271ef34781ef9169028d4c	included	compact final report, aggregate, metric, status, or provenance
results/classification/30strains_legacy/40x/colormap/metrics.json	/home/work/wenhai/dadec/benchmark/results/classification/30strains_legacy/40x/colormap/metrics.json	12086	44bed9c1172edbc04cf65fcebe12a554ae7d03d0f0fc78eace51afc0b28785bb	included	compact final report, aggregate, metric, status, or provenance
results/classification/30strains_legacy/40x/colormap/metrics.txt	/home/work/wenhai/dadec/benchmark/results/classification/30strains_legacy/40x/colormap/metrics.txt	5533	c658fde0fc4a16e978a882b3e40478ce07ccdee0829d593fc5b70f2bca308279	included	compact final report, aggregate, metric, status, or provenance
results/classification/30strains_legacy/40x/colormap/provenance.json	/home/work/wenhai/dadec/benchmark/results/classification/30strains_legacy/40x/colormap/provenance.json	1864	43db5448f07c90b720ad144e9e72a351c576235a3cfdb4a77898c02213efdd98	included	compact final report, aggregate, metric, status, or provenance
results/classification/30strains_legacy/40x/colormap/report.tsv	/home/work/wenhai/dadec/benchmark/results/classification/30strains_legacy/40x/colormap/report.tsv	1487	1448e873e2c0519da9d63cad60244ace6946cec820fd0344df4a41340583c8c9	included	compact final report, aggregate, metric, status, or provenance
results/classification/30strains_legacy/40x/dadec/metrics.json	/home/work/wenhai/dadec/benchmark/results/classification/30strains_legacy/40x/dadec/metrics.json	11956	1d449f4ba641fdb8216b080264300dab30068714485a4077cffe13a9abec8e25	included	compact final report, aggregate, metric, status, or provenance
results/classification/30strains_legacy/40x/dadec/metrics.txt	/home/work/wenhai/dadec/benchmark/results/classification/30strains_legacy/40x/dadec/metrics.txt	5413	1a4a5944f9000afe2e1e57d9625463816487c77a95d1c2dbd72aad8fb0a2e832	included	compact final report, aggregate, metric, status, or provenance
results/classification/30strains_legacy/40x/dadec/provenance.json	/home/work/wenhai/dadec/benchmark/results/classification/30strains_legacy/40x/dadec/provenance.json	1853	6bef8d4453e5e1911c61de327fd05a8c6c00a280a5a63f9de7a57df561434b93	included	compact final report, aggregate, metric, status, or provenance
results/classification/30strains_legacy/40x/dadec/report.tsv	/home/work/wenhai/dadec/benchmark/results/classification/30strains_legacy/40x/dadec/report.tsv	1613	a24d6b8c9f1125b62661363c0b6cabf20ff925bd4d4f48c1519085871f576a71	included	compact final report, aggregate, metric, status, or provenance
results/classification/30strains_legacy/40x/dadec_dev/metrics.json	/home/work/wenhai/dadec/benchmark/results/classification/30strains_legacy/40x/dadec_dev/metrics.json	11955	a5f07c971536f819cf0a801dbc112d7f2a4ff8bbb422498ffdf45e82fe956088	included	compact final report, aggregate, metric, status, or provenance
results/classification/30strains_legacy/40x/dadec_dev/metrics.txt	/home/work/wenhai/dadec/benchmark/results/classification/30strains_legacy/40x/dadec_dev/metrics.txt	5419	f864d1c18b8bb87bcab5a2cdc7ae80e1a852baefcd1763befd6b8f314a7fe401	included	compact final report, aggregate, metric, status, or provenance
results/classification/30strains_legacy/40x/dadec_dev/provenance.json	/home/work/wenhai/dadec/benchmark/results/classification/30strains_legacy/40x/dadec_dev/provenance.json	1893	cb612fe4bb8c5ee57df62e78d4cfff42a56bf682ccaaa9e0b3f420ee1f198d60	included	compact final report, aggregate, metric, status, or provenance
results/classification/30strains_legacy/40x/dadec_dev/report.tsv	/home/work/wenhai/dadec/benchmark/results/classification/30strains_legacy/40x/dadec_dev/report.tsv	1617	f7fbd3b6b2be1bcb389b3a96f1fbd55844b8ae3e6965a55a50b63c63c47ec90e	included	compact final report, aggregate, metric, status, or provenance
results/classification/30strains_legacy/40x/f_hero/metrics.json	/home/work/wenhai/dadec/benchmark/results/classification/30strains_legacy/40x/f_hero/metrics.json	12141	d5461b5b094f6cec44c5382fc16802fc2f4e58803becd925fa95f1c3f703cd25	included	compact final report, aggregate, metric, status, or provenance
results/classification/30strains_legacy/40x/f_hero/metrics.txt	/home/work/wenhai/dadec/benchmark/results/classification/30strains_legacy/40x/f_hero/metrics.txt	5587	ff504950caf836c3f4515d2e5e45836748c0dcd16c0b8a11147e645bebc3f01b	included	compact final report, aggregate, metric, status, or provenance
results/classification/30strains_legacy/40x/f_hero/provenance.json	/home/work/wenhai/dadec/benchmark/results/classification/30strains_legacy/40x/f_hero/provenance.json	1702	31e47af4260fd08d4a9c39abd4cb1ae430542068aa6d892c82b350b497138afa	included	compact final report, aggregate, metric, status, or provenance
results/classification/30strains_legacy/40x/f_hero/report.tsv	/home/work/wenhai/dadec/benchmark/results/classification/30strains_legacy/40x/f_hero/report.tsv	1605	0b25c1d2d1581d8e2fec4f84bb032d1ff94bdbc3071f2d48f5dd09212e94f86c	included	compact final report, aggregate, metric, status, or provenance
results/classification/30strains_legacy/40x/fmlrc/metrics.json	/home/work/wenhai/dadec/benchmark/results/classification/30strains_legacy/40x/fmlrc/metrics.json	12151	72b0c14268dbb6070e4f5164e7d3c6c94eaab67a854f51d44ffb0e142882a6ae	included	compact final report, aggregate, metric, status, or provenance
results/classification/30strains_legacy/40x/fmlrc/metrics.txt	/home/work/wenhai/dadec/benchmark/results/classification/30strains_legacy/40x/fmlrc/metrics.txt	5591	cf6287a379c52a8cf9d847f3123004ea9264bc96230ea8ab3852c59efc2a3954	included	compact final report, aggregate, metric, status, or provenance
results/classification/30strains_legacy/40x/fmlrc/provenance.json	/home/work/wenhai/dadec/benchmark/results/classification/30strains_legacy/40x/fmlrc/provenance.json	566	ecd27f9cc2e758c1b6fc3e88464c61637907a95c8dd98d7749cc16d2982d5dee	included	compact final report, aggregate, metric, status, or provenance
results/classification/30strains_legacy/40x/fmlrc/report.tsv	/home/work/wenhai/dadec/benchmark/results/classification/30strains_legacy/40x/fmlrc/report.tsv	1610	fa472c0f2d0504c18102bacf550fef1870ed51b48c057afb887c0418281d6e96	included	compact final report, aggregate, metric, status, or provenance
results/classification/30strains_legacy/40x/fmlrc/status.json	/home/work/wenhai/dadec/benchmark/results/classification/30strains_legacy/40x/fmlrc/status.json	159	ee25f5200d1623bc4693ca1196ba123cd54da1de658a2dc91e9fb1cd6dfdeae1	included	compact final report, aggregate, metric, status, or provenance
results/classification/30strains_legacy/40x/fmlrc_current/metrics.json	/home/work/wenhai/dadec/benchmark/results/classification/30strains_legacy/40x/fmlrc_current/metrics.json	12151	72b0c14268dbb6070e4f5164e7d3c6c94eaab67a854f51d44ffb0e142882a6ae	included	compact final report, aggregate, metric, status, or provenance
results/classification/30strains_legacy/40x/fmlrc_current/metrics.txt	/home/work/wenhai/dadec/benchmark/results/classification/30strains_legacy/40x/fmlrc_current/metrics.txt	5591	cf6287a379c52a8cf9d847f3123004ea9264bc96230ea8ab3852c59efc2a3954	included	compact final report, aggregate, metric, status, or provenance
results/classification/30strains_legacy/40x/fmlrc_current/provenance.json	/home/work/wenhai/dadec/benchmark/results/classification/30strains_legacy/40x/fmlrc_current/provenance.json	1893	0446231245626d372898e77600e60d175fafc45b41850ac09ce1f923d46cf3c3	included	compact final report, aggregate, metric, status, or provenance
results/classification/30strains_legacy/40x/fmlrc_current/report.tsv	/home/work/wenhai/dadec/benchmark/results/classification/30strains_legacy/40x/fmlrc_current/report.tsv	1610	fa472c0f2d0504c18102bacf550fef1870ed51b48c057afb887c0418281d6e96	included	compact final report, aggregate, metric, status, or provenance
results/classification/30strains_legacy/40x/l_hero/metrics.json	/home/work/wenhai/dadec/benchmark/results/classification/30strains_legacy/40x/l_hero/metrics.json	12160	081364ceb743e2271ba453939c81920418cd8394c46af6e71d431d4582f5b45c	included	compact final report, aggregate, metric, status, or provenance
results/classification/30strains_legacy/40x/l_hero/metrics.txt	/home/work/wenhai/dadec/benchmark/results/classification/30strains_legacy/40x/l_hero/metrics.txt	5602	edee2dfa3954a44bf0d9ce979ef0932449938047f1512ca1b9f5156c7b304339	included	compact final report, aggregate, metric, status, or provenance
results/classification/30strains_legacy/40x/l_hero/provenance.json	/home/work/wenhai/dadec/benchmark/results/classification/30strains_legacy/40x/l_hero/provenance.json	1702	b2be0abf13143fd04df11e22e25b70f63978fdad0608469a42ce490f16931356	included	compact final report, aggregate, metric, status, or provenance
results/classification/30strains_legacy/40x/l_hero/report.tsv	/home/work/wenhai/dadec/benchmark/results/classification/30strains_legacy/40x/l_hero/report.tsv	1612	01ebc5aede22ab36c790baf29b266be3b9fead78546f909cf720763b77d529f7	included	compact final report, aggregate, metric, status, or provenance
results/classification/30strains_legacy/40x/lordec/metrics.json	/home/work/wenhai/dadec/benchmark/results/classification/30strains_legacy/40x/lordec/metrics.json	12179	4bd851c82db6a496e7caf5b405a5cfc91f488b454dffc2f5891db3be159448b9	included	compact final report, aggregate, metric, status, or provenance
results/classification/30strains_legacy/40x/lordec/metrics.txt	/home/work/wenhai/dadec/benchmark/results/classification/30strains_legacy/40x/lordec/metrics.txt	5617	3413d7759f793e892d60cea5c4afd1acc090bdab6d0abded098f3bb1950e25ab	included	compact final report, aggregate, metric, status, or provenance
results/classification/30strains_legacy/40x/lordec/provenance.json	/home/work/wenhai/dadec/benchmark/results/classification/30strains_legacy/40x/lordec/provenance.json	1862	682a69e128b432d3009004cf2b11f9fc8f781a0c9473a02b3a8a703560048f50	included	compact final report, aggregate, metric, status, or provenance
results/classification/30strains_legacy/40x/lordec/report.tsv	/home/work/wenhai/dadec/benchmark/results/classification/30strains_legacy/40x/lordec/report.tsv	1591	d1ea1bfd7ebbb6a429b5e41c9e9298e614dbe530892772172be3404c41f8c847	included	compact final report, aggregate, metric, status, or provenance
results/classification/30strains_legacy/40x/proovread/metrics.json	/home/work/wenhai/dadec/benchmark/results/classification/30strains_legacy/40x/proovread/metrics.json	12093	7dafca132238fc10c8722d03c088018795f3f8b60e22d8991177f5a88907d6b5	included	compact final report, aggregate, metric, status, or provenance
results/classification/30strains_legacy/40x/proovread/metrics.txt	/home/work/wenhai/dadec/benchmark/results/classification/30strains_legacy/40x/proovread/metrics.txt	5540	2141452a5ba425cacaec0030d5347000d5546e50154b187c72bb9072f2776b6f	included	compact final report, aggregate, metric, status, or provenance
results/classification/30strains_legacy/40x/proovread/provenance.json	/home/work/wenhai/dadec/benchmark/results/classification/30strains_legacy/40x/proovread/provenance.json	1873	3412ff0e9baf0812a97c2933d42870e0589ff6b9307f1bba4d89eec145c0f785	included	compact final report, aggregate, metric, status, or provenance
results/classification/30strains_legacy/40x/proovread/report.tsv	/home/work/wenhai/dadec/benchmark/results/classification/30strains_legacy/40x/proovread/report.tsv	1617	e0894d9e8d0cac2c1bf2f6137badacc865b28aa477069a893ab9f3eaa49e2151	included	compact final report, aggregate, metric, status, or provenance
results/classification/30strains_legacy/40x/r_hero/metrics.json	/home/work/wenhai/dadec/benchmark/results/classification/30strains_legacy/40x/r_hero/metrics.json	12102	0cb755aa36ea1df28488567655642a350504a6c84cb0470549915165ee4ebf5b	included	compact final report, aggregate, metric, status, or provenance
results/classification/30strains_legacy/40x/r_hero/metrics.txt	/home/work/wenhai/dadec/benchmark/results/classification/30strains_legacy/40x/r_hero/metrics.txt	5544	4efd3a757c0a83740a1175006259cd10d7ab085a31596a73920435223bfe5c50	included	compact final report, aggregate, metric, status, or provenance
results/classification/30strains_legacy/40x/r_hero/provenance.json	/home/work/wenhai/dadec/benchmark/results/classification/30strains_legacy/40x/r_hero/provenance.json	1702	fce33532fe1f37ffacb611f789bc38cac80224641c811376ccb0fdf1b440502a	included	compact final report, aggregate, metric, status, or provenance
results/classification/30strains_legacy/40x/r_hero/report.tsv	/home/work/wenhai/dadec/benchmark/results/classification/30strains_legacy/40x/r_hero/report.tsv	1614	1592f3cdf5fa1e2db81a265170737273ec46d7ec808e6ec4ebc2d14b7803b305	included	compact final report, aggregate, metric, status, or provenance
results/classification/30strains_legacy/40x/ratatosk/metrics.json	/home/work/wenhai/dadec/benchmark/results/classification/30strains_legacy/40x/ratatosk/metrics.json	11987	6cd40d31301f560dd08193838b18a25d459d04084e35c5ca3eb7763dcb5530b2	included	compact final report, aggregate, metric, status, or provenance
results/classification/30strains_legacy/40x/ratatosk/metrics.txt	/home/work/wenhai/dadec/benchmark/results/classification/30strains_legacy/40x/ratatosk/metrics.txt	5447	048385a0a7e4aaeb2dc0cce7eb79c98095f2e8d919701306fdb92dd6cbd1d4b9	included	compact final report, aggregate, metric, status, or provenance
results/classification/30strains_legacy/40x/ratatosk/provenance.json	/home/work/wenhai/dadec/benchmark/results/classification/30strains_legacy/40x/ratatosk/provenance.json	1880	48d217096f2a271f06c3d5f43678f389bdecce0b62480eeb6ad457725a796cdc	included	compact final report, aggregate, metric, status, or provenance
results/classification/30strains_legacy/40x/ratatosk/report.tsv	/home/work/wenhai/dadec/benchmark/results/classification/30strains_legacy/40x/ratatosk/report.tsv	1606	088bdf20c4c317e080defc8beae255aff34c35b7c3e9bfef09968abb1d04e6d4	included	compact final report, aggregate, metric, status, or provenance
results/classification/30strains_legacy/50x/colormap/metrics.json	/home/work/wenhai/dadec/benchmark/results/classification/30strains_legacy/50x/colormap/metrics.json	12076	d8225cdd1d8b9f5d2154288a0108f068ab0aaf664f77e9317cc71ae30ba10b54	included	compact final report, aggregate, metric, status, or provenance
results/classification/30strains_legacy/50x/colormap/metrics.txt	/home/work/wenhai/dadec/benchmark/results/classification/30strains_legacy/50x/colormap/metrics.txt	5516	0491b7cc20b5156ba0906d429722dedcb6dfc6e0ac215d3536156c6d4088fbdc	included	compact final report, aggregate, metric, status, or provenance
results/classification/30strains_legacy/50x/colormap/provenance.json	/home/work/wenhai/dadec/benchmark/results/classification/30strains_legacy/50x/colormap/provenance.json	1864	795706628c53576bc4f683383f2a29d7f95a37c89913714dddbe946f476c416f	included	compact final report, aggregate, metric, status, or provenance
results/classification/30strains_legacy/50x/colormap/report.tsv	/home/work/wenhai/dadec/benchmark/results/classification/30strains_legacy/50x/colormap/report.tsv	1488	374b77787f2bc040ddb720e18a46e53de51a123a89479742983b99d09c65747b	included	compact final report, aggregate, metric, status, or provenance
results/classification/30strains_legacy/50x/dadec/metrics.json	/home/work/wenhai/dadec/benchmark/results/classification/30strains_legacy/50x/dadec/metrics.json	11948	88551db512840557945aef1c630d94b1c6a67598e786947b2e01413de401dd5d	included	compact final report, aggregate, metric, status, or provenance
results/classification/30strains_legacy/50x/dadec/metrics.txt	/home/work/wenhai/dadec/benchmark/results/classification/30strains_legacy/50x/dadec/metrics.txt	5408	107115297666c18cb9b0e47c2917032f5148c04185fa247ed95c838966013a17	included	compact final report, aggregate, metric, status, or provenance
results/classification/30strains_legacy/50x/dadec/provenance.json	/home/work/wenhai/dadec/benchmark/results/classification/30strains_legacy/50x/dadec/provenance.json	1853	7cb57acdab25b10aab4abab32b4575dc595775d8b8e985307dee2d52263b63cd	included	compact final report, aggregate, metric, status, or provenance
results/classification/30strains_legacy/50x/dadec/report.tsv	/home/work/wenhai/dadec/benchmark/results/classification/30strains_legacy/50x/dadec/report.tsv	1613	d9ec3cdc266a494a9b5ba98e345c2779230627e08e901b86780f3cc1a929aea6	included	compact final report, aggregate, metric, status, or provenance
results/classification/30strains_legacy/50x/dadec_dev/metrics.json	/home/work/wenhai/dadec/benchmark/results/classification/30strains_legacy/50x/dadec_dev/metrics.json	11947	9030d457218db5015c1971b868e2e0cbe82d04f291aa7e23e92748d4ed4887d0	included	compact final report, aggregate, metric, status, or provenance
results/classification/30strains_legacy/50x/dadec_dev/metrics.txt	/home/work/wenhai/dadec/benchmark/results/classification/30strains_legacy/50x/dadec_dev/metrics.txt	5415	50b8808cacff86bbb4cda93e8e9311ec18a6fc89bfa4589827f5ec10e58094eb	included	compact final report, aggregate, metric, status, or provenance
results/classification/30strains_legacy/50x/dadec_dev/provenance.json	/home/work/wenhai/dadec/benchmark/results/classification/30strains_legacy/50x/dadec_dev/provenance.json	1893	4fe869b7ce949057e27dd81478cf581968c72a3199c9d4322a7d9a05ad9cc617	included	compact final report, aggregate, metric, status, or provenance
results/classification/30strains_legacy/50x/dadec_dev/report.tsv	/home/work/wenhai/dadec/benchmark/results/classification/30strains_legacy/50x/dadec_dev/report.tsv	1614	4ec9ac5655daf45cbf369461090b5ceeae5a1fc199031ded369b4f23f1fc8010	included	compact final report, aggregate, metric, status, or provenance
results/classification/30strains_legacy/50x/f_hero/metrics.json	/home/work/wenhai/dadec/benchmark/results/classification/30strains_legacy/50x/f_hero/metrics.json	12165	5a6e254eb99013e2a460bc0a0c22360b7445eed237e7b79d44d179b62bf4eb27	included	compact final report, aggregate, metric, status, or provenance
results/classification/30strains_legacy/50x/f_hero/metrics.txt	/home/work/wenhai/dadec/benchmark/results/classification/30strains_legacy/50x/f_hero/metrics.txt	5602	22638488678787d7fe2536b1b06281fb2af622dda46d98d7f6235f8b8205f244	included	compact final report, aggregate, metric, status, or provenance
results/classification/30strains_legacy/50x/f_hero/provenance.json	/home/work/wenhai/dadec/benchmark/results/classification/30strains_legacy/50x/f_hero/provenance.json	1702	2fdb63a65a84608d78a4d521ec205c3949a0cc5c805fa85900b2a7ff764be928	included	compact final report, aggregate, metric, status, or provenance
results/classification/30strains_legacy/50x/f_hero/report.tsv	/home/work/wenhai/dadec/benchmark/results/classification/30strains_legacy/50x/f_hero/report.tsv	1605	77cd690f4f27bcf1ea325a4111d7cb8ec686ee62502541452b2e4b2aab1b5544	included	compact final report, aggregate, metric, status, or provenance
results/classification/30strains_legacy/50x/fmlrc/metrics.json	/home/work/wenhai/dadec/benchmark/results/classification/30strains_legacy/50x/fmlrc/metrics.json	12151	633146a430d5e00e7b095ce725d218778e2596ca201c22d1863af47e3aba6ce8	included	compact final report, aggregate, metric, status, or provenance
results/classification/30strains_legacy/50x/fmlrc/metrics.txt	/home/work/wenhai/dadec/benchmark/results/classification/30strains_legacy/50x/fmlrc/metrics.txt	5588	db3aa06a06470e9f8b4807ae2d23d35b1d39b9e7c0141486ae2d4d3fc731e8bd	included	compact final report, aggregate, metric, status, or provenance
results/classification/30strains_legacy/50x/fmlrc/provenance.json	/home/work/wenhai/dadec/benchmark/results/classification/30strains_legacy/50x/fmlrc/provenance.json	566	e36b20f7d2c9507a57cb804241128ef60f39062e2846a28bea8a6252dc639c14	included	compact final report, aggregate, metric, status, or provenance
results/classification/30strains_legacy/50x/fmlrc/report.tsv	/home/work/wenhai/dadec/benchmark/results/classification/30strains_legacy/50x/fmlrc/report.tsv	1619	aaf4cb0c273b51b07cbb615c538e260755922a85a1524054486cda2a9b3fb04c	included	compact final report, aggregate, metric, status, or provenance
results/classification/30strains_legacy/50x/fmlrc/status.json	/home/work/wenhai/dadec/benchmark/results/classification/30strains_legacy/50x/fmlrc/status.json	159	799d253e918d270ca3ac2dabef299cc91f3f78a6ec70a6104d9901dcb032916f	included	compact final report, aggregate, metric, status, or provenance
results/classification/30strains_legacy/50x/fmlrc_current/metrics.json	/home/work/wenhai/dadec/benchmark/results/classification/30strains_legacy/50x/fmlrc_current/metrics.json	12151	633146a430d5e00e7b095ce725d218778e2596ca201c22d1863af47e3aba6ce8	included	compact final report, aggregate, metric, status, or provenance
results/classification/30strains_legacy/50x/fmlrc_current/metrics.txt	/home/work/wenhai/dadec/benchmark/results/classification/30strains_legacy/50x/fmlrc_current/metrics.txt	5588	db3aa06a06470e9f8b4807ae2d23d35b1d39b9e7c0141486ae2d4d3fc731e8bd	included	compact final report, aggregate, metric, status, or provenance
results/classification/30strains_legacy/50x/fmlrc_current/provenance.json	/home/work/wenhai/dadec/benchmark/results/classification/30strains_legacy/50x/fmlrc_current/provenance.json	1893	58e42a074f5db3a6371c7444a9ab6ac59e559205a8858351ce980076be0fe8fc	included	compact final report, aggregate, metric, status, or provenance
results/classification/30strains_legacy/50x/fmlrc_current/report.tsv	/home/work/wenhai/dadec/benchmark/results/classification/30strains_legacy/50x/fmlrc_current/report.tsv	1619	aaf4cb0c273b51b07cbb615c538e260755922a85a1524054486cda2a9b3fb04c	included	compact final report, aggregate, metric, status, or provenance
results/classification/30strains_legacy/50x/l_hero/metrics.json	/home/work/wenhai/dadec/benchmark/results/classification/30strains_legacy/50x/l_hero/metrics.json	12153	bc5bf5441ae2be7d02e28b8b06776845edbe42b7f5daa97c01eb9edb19dd8cb8	included	compact final report, aggregate, metric, status, or provenance
results/classification/30strains_legacy/50x/l_hero/metrics.txt	/home/work/wenhai/dadec/benchmark/results/classification/30strains_legacy/50x/l_hero/metrics.txt	5592	3b6b186bd262a1de3e79487d59593a5e68695d296e0dcb49ff0a4a2d1e9427b9	included	compact final report, aggregate, metric, status, or provenance
results/classification/30strains_legacy/50x/l_hero/provenance.json	/home/work/wenhai/dadec/benchmark/results/classification/30strains_legacy/50x/l_hero/provenance.json	1702	19b34abc219454c30b8f4dd7ddabcb66156f9eda6c6d350d5a47156e668b31b6	included	compact final report, aggregate, metric, status, or provenance
results/classification/30strains_legacy/50x/l_hero/report.tsv	/home/work/wenhai/dadec/benchmark/results/classification/30strains_legacy/50x/l_hero/report.tsv	1605	26be735c5060e3d1121041838d9973d1b2088ab86a44ceb08772613eef2428b5	included	compact final report, aggregate, metric, status, or provenance
results/classification/30strains_legacy/50x/lordec/metrics.json	/home/work/wenhai/dadec/benchmark/results/classification/30strains_legacy/50x/lordec/metrics.json	12175	29ce3f01365f1711601d832591b420c4774ed191abcfb4726b141258a85729d2	included	compact final report, aggregate, metric, status, or provenance
results/classification/30strains_legacy/50x/lordec/metrics.txt	/home/work/wenhai/dadec/benchmark/results/classification/30strains_legacy/50x/lordec/metrics.txt	5606	7048dc869911ffa63763555432b244a14181a0e0881fbf181c4e13c7ed76bfc2	included	compact final report, aggregate, metric, status, or provenance
results/classification/30strains_legacy/50x/lordec/provenance.json	/home/work/wenhai/dadec/benchmark/results/classification/30strains_legacy/50x/lordec/provenance.json	1862	574272c9014aa1e9b4c3ad8debec5ecc0d087ec3e86823ef74158c40b996a241	included	compact final report, aggregate, metric, status, or provenance
results/classification/30strains_legacy/50x/lordec/report.tsv	/home/work/wenhai/dadec/benchmark/results/classification/30strains_legacy/50x/lordec/report.tsv	1605	a6a3f38c2535d8d371efec92c0b353717d3bc2f76c219738cdd58c41b3d91e38	included	compact final report, aggregate, metric, status, or provenance
results/classification/30strains_legacy/50x/proovread/metrics.json	/home/work/wenhai/dadec/benchmark/results/classification/30strains_legacy/50x/proovread/metrics.json	12077	faa20a40cecda1b908486f7c145f5988a5b88aab018ef3704fee63f00cab80e2	included	compact final report, aggregate, metric, status, or provenance
results/classification/30strains_legacy/50x/proovread/metrics.txt	/home/work/wenhai/dadec/benchmark/results/classification/30strains_legacy/50x/proovread/metrics.txt	5524	4395e830b58c11da40538c96d1f24dcdd45e72c55f890fab41074fa580c3107a	included	compact final report, aggregate, metric, status, or provenance
results/classification/30strains_legacy/50x/proovread/provenance.json	/home/work/wenhai/dadec/benchmark/results/classification/30strains_legacy/50x/proovread/provenance.json	1873	ee9c62b04891d64d00fd6d40205b90295bb725e62c9fd991bdf609fc699bfb33	included	compact final report, aggregate, metric, status, or provenance
results/classification/30strains_legacy/50x/proovread/report.tsv	/home/work/wenhai/dadec/benchmark/results/classification/30strains_legacy/50x/proovread/report.tsv	1617	72cef68d775545dbf1e5c4a0752a1d0d8bcdda26bc2c1ca704b2f55b1c26b562	included	compact final report, aggregate, metric, status, or provenance
results/classification/30strains_legacy/50x/r_hero/metrics.json	/home/work/wenhai/dadec/benchmark/results/classification/30strains_legacy/50x/r_hero/metrics.json	12057	3077075b20008031a9c657cb9689d49870bc1765d4d13295653ba5c548226f8a	included	compact final report, aggregate, metric, status, or provenance
results/classification/30strains_legacy/50x/r_hero/metrics.txt	/home/work/wenhai/dadec/benchmark/results/classification/30strains_legacy/50x/r_hero/metrics.txt	5514	a3d8d40f6ea93915dcd8e04c683643a7c2c1001195aa7ef48e348cc0c6202f17	included	compact final report, aggregate, metric, status, or provenance
results/classification/30strains_legacy/50x/r_hero/provenance.json	/home/work/wenhai/dadec/benchmark/results/classification/30strains_legacy/50x/r_hero/provenance.json	1702	34930ad7428b2bc9946b61273a4749a5b55a67d0e3c63e19cd8ba49d645de4aa	included	compact final report, aggregate, metric, status, or provenance
results/classification/30strains_legacy/50x/r_hero/report.tsv	/home/work/wenhai/dadec/benchmark/results/classification/30strains_legacy/50x/r_hero/report.tsv	1608	03bc8e2dab6772bb648475d761608adaa34f561d92802553f76f5ab5d715850c	included	compact final report, aggregate, metric, status, or provenance
results/classification/30strains_legacy/50x/ratatosk/metrics.json	/home/work/wenhai/dadec/benchmark/results/classification/30strains_legacy/50x/ratatosk/metrics.json	11979	23a1d39d8172a0907ad19d3bb76e8a204d3f575cc4fe98386ebbd3bb6f7d273a	included	compact final report, aggregate, metric, status, or provenance
results/classification/30strains_legacy/50x/ratatosk/metrics.txt	/home/work/wenhai/dadec/benchmark/results/classification/30strains_legacy/50x/ratatosk/metrics.txt	5436	dca3aefe585ebc95796bf604147e1bc690b8e265215e0a571385bbb820325a0f	included	compact final report, aggregate, metric, status, or provenance
results/classification/30strains_legacy/50x/ratatosk/provenance.json	/home/work/wenhai/dadec/benchmark/results/classification/30strains_legacy/50x/ratatosk/provenance.json	1880	1749c6f17afb1bc0554915a39b24854cbc75a2c58ea786ac58bcc7dfdb7cce4b	included	compact final report, aggregate, metric, status, or provenance
results/classification/30strains_legacy/50x/ratatosk/report.tsv	/home/work/wenhai/dadec/benchmark/results/classification/30strains_legacy/50x/ratatosk/report.tsv	1606	92e0a82dd5bb85c10a6b2f538e08b4cc3f74ed63eee7900f66a645f9cffc27f7	included	compact final report, aggregate, metric, status, or provenance
results/classification/30strains_legacy_collected/coverage_method_status.tsv	/home/work/wenhai/dadec/benchmark/results/classification/30strains_legacy_collected/coverage_method_status.tsv	4526	14a9d183e5294dc9d0d551d2e35d4ee77fbeb4aca71142e4967c703db9596097	included	compact final report, aggregate, metric, status, or provenance
results/classification/30strains_legacy_collected/run_manifest.tsv	/home/work/wenhai/dadec/benchmark/results/classification/30strains_legacy_collected/run_manifest.tsv	14830	dee90a33e80f261c14fec8381f38735bd9386275af3dcfdf9eca21ae38d26c23	included	compact final report, aggregate, metric, status, or provenance
results/classification/30strains_legacy_collected/selected_results.tsv	/home/work/wenhai/dadec/benchmark/results/classification/30strains_legacy_collected/selected_results.tsv	24776	e6b0237a0616b9e3609c1c746386ec47457c838c539df3958ef5aa4e4d89bee8	included	compact final report, aggregate, metric, status, or provenance
results/coverage_depths/30s_ba/coverage_method_status.tsv	/home/work/wenhai/dadec/benchmark/results/coverage_depths/30s_ba/coverage_method_status.tsv	6268	dbeee2558287e69eeb3a46aa1558cf9cb4a2997fc04417ab2a1c00da44e7ce6d	included	compact final report, aggregate, metric, status, or provenance
results/coverage_depths/30s_ba/run_manifest.tsv	/home/work/wenhai/dadec/benchmark/results/coverage_depths/30s_ba/run_manifest.tsv	24746	f74d7d42c8390ed0c2c2a8d7292a4f0fd39cb5161f21eb8fcf5c0b98dda41e57	included	compact final report, aggregate, metric, status, or provenance
results/coverage_depths/30s_ba/selected_results.tsv	/home/work/wenhai/dadec/benchmark/results/coverage_depths/30s_ba/selected_results.tsv	35236	9f247e1ae47f37dc7c11d1b225b22dbc31d79b9c3538d52e6221caccf9c2aa67	included	compact final report, aggregate, metric, status, or provenance
results/coverage_depths/30s_ua/coverage_method_status.tsv	/home/work/wenhai/dadec/benchmark/results/coverage_depths/30s_ua/coverage_method_status.tsv	6899	3501264160482bbdc3db58db604c9a9dc6f41af500de2fb6f97e54fd2f4f6e84	included	compact final report, aggregate, metric, status, or provenance
results/coverage_depths/30s_ua/run_manifest.tsv	/home/work/wenhai/dadec/benchmark/results/coverage_depths/30s_ua/run_manifest.tsv	27270	ecd76048f25e385f42f3c8f87477e279d42ea885a76a006dd367e5d764140bdd	included	compact final report, aggregate, metric, status, or provenance
results/coverage_depths/30s_ua/selected_results.tsv	/home/work/wenhai/dadec/benchmark/results/coverage_depths/30s_ua/selected_results.tsv	38026	76441f38560d2215a62b0c58d3bbf0b894ad64f5e990b51077d7f6a839c8f1bf	included	compact final report, aggregate, metric, status, or provenance
results/coverage_depths/arabidopsis/coverage_method_status.tsv	/home/work/wenhai/dadec/benchmark/results/coverage_depths/arabidopsis/coverage_method_status.tsv	10326	4a5273b59d90c9f8678bcc18524f3109df1d0195b87cf71d3233fd2f362fb7a5	included	compact final report, aggregate, metric, status, or provenance
results/coverage_depths/arabidopsis/run_manifest.tsv	/home/work/wenhai/dadec/benchmark/results/coverage_depths/arabidopsis/run_manifest.tsv	25708	94637625f8e4a55284f6e9b202a3713056dedcfd75e1c72716038879cf672d30	included	compact final report, aggregate, metric, status, or provenance
results/coverage_depths/arabidopsis/selected_results.tsv	/home/work/wenhai/dadec/benchmark/results/coverage_depths/arabidopsis/selected_results.tsv	37069	c642f7bc3d70298590ffbf82719a974d3be9d6c7d7f0bf1eb751f15bcb433eeb	included	compact final report, aggregate, metric, status, or provenance
results/drosophila_43x/assembly/all_assembly_results.tsv	/home/work/wenhai/dadec/benchmark/results/drosophila_43x/assembly/all_assembly_results.tsv	4676	fb738848444d3cb0bc463defbc072838010a9ccf0bf2b5bc15c459a14d794874	included	compact final report, aggregate, metric, status, or provenance
results/drosophila_43x/assembly/run_manifest.tsv	/home/work/wenhai/dadec/benchmark/results/drosophila_43x/assembly/run_manifest.tsv	3896	0dda77734be32b9a76959c667429f51083e7f872ba8ba641a8af896721b38416	included	compact final report, aggregate, metric, status, or provenance
results/drosophila_43x/dadec_dev_fix_a_all_parameter_runs.tsv	/home/work/wenhai/dadec/benchmark/results/drosophila_43x/dadec_dev_fix_a_all_parameter_runs.tsv	356	4e2a7c6d636a3346ae962b64fb3d7c2345f164f73c62f0a444acdfa44ee35a7a	included	compact final report, aggregate, metric, status, or provenance
results/drosophila_43x/dadec_dev_fix_a_best_parameter_runs.tsv	/home/work/wenhai/dadec/benchmark/results/drosophila_43x/dadec_dev_fix_a_best_parameter_runs.tsv	356	4e2a7c6d636a3346ae962b64fb3d7c2345f164f73c62f0a444acdfa44ee35a7a	included	compact final report, aggregate, metric, status, or provenance
results/drosophila_43x/run_manifest.tsv	/home/work/wenhai/dadec/benchmark/results/drosophila_43x/run_manifest.tsv	2448	b6391631ae34e40ce4e56ca1cb096659563ce083e423925d5ea3ef84d412f79c	included	compact final report, aggregate, metric, status, or provenance
results/drosophila_43x/table_corrected_only.tsv	/home/work/wenhai/dadec/benchmark/results/drosophila_43x/table_corrected_only.tsv	1540	085a36487a88e0e188c7b6c5c047b52a7ef628b8b285bb425780c24d19e29f9d	included	compact final report, aggregate, metric, status, or provenance
results/drosophila_43x_all_parameter_runs.tsv	/home/work/wenhai/dadec/benchmark/results/drosophila_43x_all_parameter_runs.tsv	216	89fe0ca9e324284ecc91481dcd7db25a24e59d0d22c1e837834c33138f711c62	included	compact final report, aggregate, metric, status, or provenance
results/drosophila_43x_best_parameter_runs.tsv	/home/work/wenhai/dadec/benchmark/results/drosophila_43x_best_parameter_runs.tsv	216	89fe0ca9e324284ecc91481dcd7db25a24e59d0d22c1e837834c33138f711c62	included	compact final report, aggregate, metric, status, or provenance
results/ecoli3_20x/comparative_ambiguity9999.tsv	/home/work/wenhai/dadec/benchmark/results/ecoli3_20x/comparative_ambiguity9999.tsv	1343	1d8494b3b284cca9ed0c0f9a3bf3cb62bc44b0d6a86ad61c56d58a08e646e35a	included	compact final report, aggregate, metric, status, or provenance
results/ecoli3_20x/comparative_selected_runs.tsv	/home/work/wenhai/dadec/benchmark/results/ecoli3_20x/comparative_selected_runs.tsv	2453	638039811434042343a189e4aff24b52ccc494c25212973135b298e964f9da1c	included	compact final report, aggregate, metric, status, or provenance
results/ecoli3_20x/resource_summary.tsv	/home/work/wenhai/dadec/benchmark/results/ecoli3_20x/resource_summary.tsv	926	29a44fa4f07b2a4a8e4e6642d42cc5e3daef17191ac88d8b38f23ee5b7375fdc	included	compact final report, aggregate, metric, status, or provenance
results/ecoli3_20x/run_manifest.tsv	/home/work/wenhai/dadec/benchmark/results/ecoli3_20x/run_manifest.tsv	3563	f5a120b37df0d689c34ca3c31c15fb68dd07213b143daf41987c39ff562b7ce1	included	compact final report, aggregate, metric, status, or provenance
results/ecoli3_error_readcount_quality/quality_sensitivity.tsv	/home/work/wenhai/dadec/benchmark/results/ecoli3_error_readcount_quality/quality_sensitivity.tsv	1399	2f59416eaaeae00e32b85dbfa630e740db5118d2b947f7dc677670c4ae737424	included	compact final report, aggregate, metric, status, or provenance
results/ecoli3_error_readcount_quality/selected_results.tsv	/home/work/wenhai/dadec/benchmark/results/ecoli3_error_readcount_quality/selected_results.tsv	1736	e64f83c3f1c929f895f50286edab16f0793c267f4c3bdfb20936b7d35a3dd389	included	compact final report, aggregate, metric, status, or provenance
results/ecoli3_error_readcount_quality/technology_method_status.tsv	/home/work/wenhai/dadec/benchmark/results/ecoli3_error_readcount_quality/technology_method_status.tsv	1498	690450e21f45fd14155b0c5ae799c334fc2b3edc3e1184dec2dcde0026762f11	included	compact final report, aggregate, metric, status, or provenance
results/hifieval/arabidopsis_sim_32x/colormap/filtered/colormap.base.eval.tsv	/home/work/wenhai/dadec/benchmark/results/hifieval/arabidopsis_sim_32x/colormap/filtered/colormap.base.eval.tsv	100331	390a95a0d90ffa8f45cb456d6b81813e7b31b82532a967aee9b212a687f36947	included	compact final report, aggregate, metric, status, or provenance
results/hifieval/arabidopsis_sim_32x/colormap/filtered/colormap.read.eval.tsv	/home/work/wenhai/dadec/benchmark/results/hifieval/arabidopsis_sim_32x/colormap/filtered/colormap.read.eval.tsv	132	304df5173bfa6d26a864b8bad264c215e975f540e6a021709e92dc8bd6dd9959	included	compact final report, aggregate, metric, status, or provenance
results/hifieval/arabidopsis_sim_32x/colormap/provenance.json	/home/work/wenhai/dadec/benchmark/results/hifieval/arabidopsis_sim_32x/colormap/provenance.json	9827	ce13893f0003d82a2acd77e1dc70cdbe552ee5d3a40b592b612d686f42f40aaf	included	compact final report, aggregate, metric, status, or provenance
results/hifieval/arabidopsis_sim_32x/colormap/unfiltered/colormap.base.eval.tsv	/home/work/wenhai/dadec/benchmark/results/hifieval/arabidopsis_sim_32x/colormap/unfiltered/colormap.base.eval.tsv	100940	bbbfe4b3d9cf01cebed0e117658ea7fc93b44606c35b0a4fa38473a48cb34f9f	included	compact final report, aggregate, metric, status, or provenance
results/hifieval/arabidopsis_sim_32x/colormap/unfiltered/colormap.hp.ErrorRate.tsv	/home/work/wenhai/dadec/benchmark/results/hifieval/arabidopsis_sim_32x/colormap/unfiltered/colormap.hp.ErrorRate.tsv	868	2d3a019ee7588af47aead77b63d1ee87f250db49403b1be56379bc5faac16a0b	included	compact final report, aggregate, metric, status, or provenance
results/hifieval/arabidopsis_sim_32x/colormap/unfiltered/colormap.metric.eval.tsv	/home/work/wenhai/dadec/benchmark/results/hifieval/arabidopsis_sim_32x/colormap/unfiltered/colormap.metric.eval.tsv	16997	9048c1bd6504ccbaf56c0f33968e3a05ab96d5e4701ec11a2198fdd18226cf0d	included	compact final report, aggregate, metric, status, or provenance
results/hifieval/arabidopsis_sim_32x/colormap/unfiltered/colormap.rdlvl.eval.tsv	/home/work/wenhai/dadec/benchmark/results/hifieval/arabidopsis_sim_32x/colormap/unfiltered/colormap.rdlvl.eval.tsv	124351	c6b4daaa4b10a8c63258531367ed3493137ab266c76e8fede91d585c0df7938d	included	compact final report, aggregate, metric, status, or provenance
results/hifieval/arabidopsis_sim_32x/dadec/filtered/dadec.base.eval.tsv	/home/work/wenhai/dadec/benchmark/results/hifieval/arabidopsis_sim_32x/dadec/filtered/dadec.base.eval.tsv	89770	44c62806dd8edf7633d3bf8303a48c4528f0ddfd8dc7166936fdbc8f2f0edb89	included	compact final report, aggregate, metric, status, or provenance
results/hifieval/arabidopsis_sim_32x/dadec/filtered/dadec.read.eval.tsv	/home/work/wenhai/dadec/benchmark/results/hifieval/arabidopsis_sim_32x/dadec/filtered/dadec.read.eval.tsv	132	bc4d67fba9c5d34f9a490952f61b0efe83954dd35bf72476c10ca0b24fd25ad3	included	compact final report, aggregate, metric, status, or provenance
results/hifieval/arabidopsis_sim_32x/dadec/provenance.json	/home/work/wenhai/dadec/benchmark/results/hifieval/arabidopsis_sim_32x/dadec/provenance.json	10238	2026c8ce0615e94c1fd3a02f942ec2d8a841673fddac2f4fc7b5f75b6737952c	included	compact final report, aggregate, metric, status, or provenance
results/hifieval/arabidopsis_sim_32x/dadec/unfiltered/dadec.base.eval.tsv	/home/work/wenhai/dadec/benchmark/results/hifieval/arabidopsis_sim_32x/dadec/unfiltered/dadec.base.eval.tsv	90725	cd8b98be5a458f0c23b37211462c1cf1c5e13a1f625287302e7ea4dcf49dad66	included	compact final report, aggregate, metric, status, or provenance
results/hifieval/arabidopsis_sim_32x/dadec/unfiltered/dadec.hp.ErrorRate.tsv	/home/work/wenhai/dadec/benchmark/results/hifieval/arabidopsis_sim_32x/dadec/unfiltered/dadec.hp.ErrorRate.tsv	932	ffc086f7ba556e4e3afbf1257cc725682e4b5a8895230ce5c60164f7fb93a3db	included	compact final report, aggregate, metric, status, or provenance
results/hifieval/arabidopsis_sim_32x/dadec/unfiltered/dadec.metric.eval.tsv	/home/work/wenhai/dadec/benchmark/results/hifieval/arabidopsis_sim_32x/dadec/unfiltered/dadec.metric.eval.tsv	16079	41da88798fefc1a9350eaecd9df571b4cdc55b5e40c76199cbf23e4853c1ce92	included	compact final report, aggregate, metric, status, or provenance
results/hifieval/arabidopsis_sim_32x/dadec/unfiltered/dadec.rdlvl.eval.tsv	/home/work/wenhai/dadec/benchmark/results/hifieval/arabidopsis_sim_32x/dadec/unfiltered/dadec.rdlvl.eval.tsv	68739	3a766c2159bc33191bcebaa502e682dd650222e42bc98dcd34f0c94fcdecb1e6	included	compact final report, aggregate, metric, status, or provenance
results/hifieval/arabidopsis_sim_32x/f_hero/filtered/f_hero.base.eval.tsv	/home/work/wenhai/dadec/benchmark/results/hifieval/arabidopsis_sim_32x/f_hero/filtered/f_hero.base.eval.tsv	86308	725d03d178270f9f6d1c14c2934a33165193d0cdbfee5b8f9fc57fd903299b25	included	compact final report, aggregate, metric, status, or provenance
results/hifieval/arabidopsis_sim_32x/f_hero/filtered/f_hero.read.eval.tsv	/home/work/wenhai/dadec/benchmark/results/hifieval/arabidopsis_sim_32x/f_hero/filtered/f_hero.read.eval.tsv	135	73aed7198387a98c9eeeecbca11eb6c044c5525e0472d77e66aa035d4742d22c	included	compact final report, aggregate, metric, status, or provenance
results/hifieval/arabidopsis_sim_32x/f_hero/provenance.json	/home/work/wenhai/dadec/benchmark/results/hifieval/arabidopsis_sim_32x/f_hero/provenance.json	9768	29ab2491256eb7d561167a7e50e5f7484e3abf61c1abb704b7445746132bd02a	included	compact final report, aggregate, metric, status, or provenance
results/hifieval/arabidopsis_sim_32x/f_hero/unfiltered/f_hero.base.eval.tsv	/home/work/wenhai/dadec/benchmark/results/hifieval/arabidopsis_sim_32x/f_hero/unfiltered/f_hero.base.eval.tsv	88187	a35666bafa3d6d5650b62fcc285f71330fe9521db3c269614a0ee32b0e0e0b26	included	compact final report, aggregate, metric, status, or provenance
results/hifieval/arabidopsis_sim_32x/f_hero/unfiltered/f_hero.hp.ErrorRate.tsv	/home/work/wenhai/dadec/benchmark/results/hifieval/arabidopsis_sim_32x/f_hero/unfiltered/f_hero.hp.ErrorRate.tsv	941	ab433c2eb1802938bb353eaa58a73e9b685c3bc649b06af8f504b95933c829c9	included	compact final report, aggregate, metric, status, or provenance
results/hifieval/arabidopsis_sim_32x/f_hero/unfiltered/f_hero.metric.eval.tsv	/home/work/wenhai/dadec/benchmark/results/hifieval/arabidopsis_sim_32x/f_hero/unfiltered/f_hero.metric.eval.tsv	15605	4c2d107d6f8943f502fb1731555306a4c743e59ea7e79faa4346cd0acebe566f	included	compact final report, aggregate, metric, status, or provenance
results/hifieval/arabidopsis_sim_32x/f_hero/unfiltered/f_hero.rdlvl.eval.tsv	/home/work/wenhai/dadec/benchmark/results/hifieval/arabidopsis_sim_32x/f_hero/unfiltered/f_hero.rdlvl.eval.tsv	164475	a230d1a711bf866e652922f46d0b6f1c8374757ad8372e18f4ec8372f2168301	included	compact final report, aggregate, metric, status, or provenance
results/hifieval/arabidopsis_sim_32x/fmlrc/filtered/fmlrc.base.eval.tsv	/home/work/wenhai/dadec/benchmark/results/hifieval/arabidopsis_sim_32x/fmlrc/filtered/fmlrc.base.eval.tsv	82039	4c7eda0e04bcfa8f849f8d9beaa5b003760951782c7ded31b745aa090d24bdcf	included	compact final report, aggregate, metric, status, or provenance
results/hifieval/arabidopsis_sim_32x/fmlrc/filtered/fmlrc.read.eval.tsv	/home/work/wenhai/dadec/benchmark/results/hifieval/arabidopsis_sim_32x/fmlrc/filtered/fmlrc.read.eval.tsv	133	66f3ecfb76f0f997fe0ddbc3ad091971d323405e61d5162ed3a5ad1a5069da45	included	compact final report, aggregate, metric, status, or provenance
results/hifieval/arabidopsis_sim_32x/fmlrc/provenance.json	/home/work/wenhai/dadec/benchmark/results/hifieval/arabidopsis_sim_32x/fmlrc/provenance.json	9736	05a1c03b0345d12230989d1b33f0d08a0eea8b70d4db3a8a41d3f4e4d6058e61	included	compact final report, aggregate, metric, status, or provenance
results/hifieval/arabidopsis_sim_32x/fmlrc/unfiltered/fmlrc.base.eval.tsv	/home/work/wenhai/dadec/benchmark/results/hifieval/arabidopsis_sim_32x/fmlrc/unfiltered/fmlrc.base.eval.tsv	84035	cdd785b47e8e69d766c6d44d9984ba3033c70a7e7e3ea502dda9c7fc68d233fd	included	compact final report, aggregate, metric, status, or provenance
results/hifieval/arabidopsis_sim_32x/fmlrc/unfiltered/fmlrc.hp.ErrorRate.tsv	/home/work/wenhai/dadec/benchmark/results/hifieval/arabidopsis_sim_32x/fmlrc/unfiltered/fmlrc.hp.ErrorRate.tsv	935	f7a283c5b26fd8074fddc4d443c3c6156bdf5cfc3d5573792b7014b2daf6992a	included	compact final report, aggregate, metric, status, or provenance
results/hifieval/arabidopsis_sim_32x/fmlrc/unfiltered/fmlrc.metric.eval.tsv	/home/work/wenhai/dadec/benchmark/results/hifieval/arabidopsis_sim_32x/fmlrc/unfiltered/fmlrc.metric.eval.tsv	14938	550f2821bf630fefae81388755011a5fc3975170fa471ac9805de079f179fea7	included	compact final report, aggregate, metric, status, or provenance
results/hifieval/arabidopsis_sim_32x/fmlrc/unfiltered/fmlrc.rdlvl.eval.tsv	/home/work/wenhai/dadec/benchmark/results/hifieval/arabidopsis_sim_32x/fmlrc/unfiltered/fmlrc.rdlvl.eval.tsv	100514	a1e32114ea8c921da17d225c5e34cd6d9040ced3ed4a0c4c8b3683a6f72bc913	included	compact final report, aggregate, metric, status, or provenance
results/hifieval/arabidopsis_sim_32x/l_hero/filtered/l_hero.base.eval.tsv	/home/work/wenhai/dadec/benchmark/results/hifieval/arabidopsis_sim_32x/l_hero/filtered/l_hero.base.eval.tsv	95237	bf47277325c1ef4a5296511d44790bf3190ff73caf4499ea325216d1bddab63a	included	compact final report, aggregate, metric, status, or provenance
results/hifieval/arabidopsis_sim_32x/l_hero/filtered/l_hero.read.eval.tsv	/home/work/wenhai/dadec/benchmark/results/hifieval/arabidopsis_sim_32x/l_hero/filtered/l_hero.read.eval.tsv	135	266de2c946033cb4961088a7ec8310f36ed472f8a6b0c889e1ff54fa99768eca	included	compact final report, aggregate, metric, status, or provenance
results/hifieval/arabidopsis_sim_32x/l_hero/provenance.json	/home/work/wenhai/dadec/benchmark/results/hifieval/arabidopsis_sim_32x/l_hero/provenance.json	9768	5fc2d7f69cb4bfd4b86f34b1e3c7649988acda7455c39f956627ef5247783685	included	compact final report, aggregate, metric, status, or provenance
results/hifieval/arabidopsis_sim_32x/l_hero/unfiltered/l_hero.base.eval.tsv	/home/work/wenhai/dadec/benchmark/results/hifieval/arabidopsis_sim_32x/l_hero/unfiltered/l_hero.base.eval.tsv	97229	55ae60a0212791024f0f7f537730df3da4e6d5520db961ac1776af5e1c8bc4b6	included	compact final report, aggregate, metric, status, or provenance
results/hifieval/arabidopsis_sim_32x/l_hero/unfiltered/l_hero.hp.ErrorRate.tsv	/home/work/wenhai/dadec/benchmark/results/hifieval/arabidopsis_sim_32x/l_hero/unfiltered/l_hero.hp.ErrorRate.tsv	945	fa7e30ba15622dc83b84779f5fa0d130049a1d1fc34323010711ad32bca2822f	included	compact final report, aggregate, metric, status, or provenance
results/hifieval/arabidopsis_sim_32x/l_hero/unfiltered/l_hero.metric.eval.tsv	/home/work/wenhai/dadec/benchmark/results/hifieval/arabidopsis_sim_32x/l_hero/unfiltered/l_hero.metric.eval.tsv	16649	03776059bc20ccea5864c537e4efc1d9345dfdbf4c0f6b19e7c4a50a0da005d1	included	compact final report, aggregate, metric, status, or provenance
results/hifieval/arabidopsis_sim_32x/l_hero/unfiltered/l_hero.rdlvl.eval.tsv	/home/work/wenhai/dadec/benchmark/results/hifieval/arabidopsis_sim_32x/l_hero/unfiltered/l_hero.rdlvl.eval.tsv	179744	355f01ef912d04a9c9f70f8f7116f46b4d4f39ce27c42363c290da15a54ebcc4	included	compact final report, aggregate, metric, status, or provenance
results/hifieval/arabidopsis_sim_32x/lordec/filtered/lordec.base.eval.tsv	/home/work/wenhai/dadec/benchmark/results/hifieval/arabidopsis_sim_32x/lordec/filtered/lordec.base.eval.tsv	95068	554a6ea78f521a1a42dbaf82cac2e5f3bd51294ca402f9067cf58405cdd6cc8e	included	compact final report, aggregate, metric, status, or provenance
results/hifieval/arabidopsis_sim_32x/lordec/filtered/lordec.read.eval.tsv	/home/work/wenhai/dadec/benchmark/results/hifieval/arabidopsis_sim_32x/lordec/filtered/lordec.read.eval.tsv	132	16e5c5c5098d51d6aca09cf074ba79eb9642fb284149881b0d59816b1921c79c	included	compact final report, aggregate, metric, status, or provenance
results/hifieval/arabidopsis_sim_32x/lordec/provenance.json	/home/work/wenhai/dadec/benchmark/results/hifieval/arabidopsis_sim_32x/lordec/provenance.json	9763	1f199c0b06c4d9eb91fee7aee7424d1006e4024cc9276e67ab8dde12e019f69d	included	compact final report, aggregate, metric, status, or provenance
results/hifieval/arabidopsis_sim_32x/lordec/unfiltered/lordec.base.eval.tsv	/home/work/wenhai/dadec/benchmark/results/hifieval/arabidopsis_sim_32x/lordec/unfiltered/lordec.base.eval.tsv	96200	43117afabf497a0fe970a8101b9d6c92e2b23f6bb562f5b39d685024168a8c0e	included	compact final report, aggregate, metric, status, or provenance
results/hifieval/arabidopsis_sim_32x/lordec/unfiltered/lordec.hp.ErrorRate.tsv	/home/work/wenhai/dadec/benchmark/results/hifieval/arabidopsis_sim_32x/lordec/unfiltered/lordec.hp.ErrorRate.tsv	890	4dbe549cd693f525450f93114e3bd2da2c60844c6ed7496240b88c93d90af134	included	compact final report, aggregate, metric, status, or provenance
results/hifieval/arabidopsis_sim_32x/lordec/unfiltered/lordec.metric.eval.tsv	/home/work/wenhai/dadec/benchmark/results/hifieval/arabidopsis_sim_32x/lordec/unfiltered/lordec.metric.eval.tsv	16624	3dee4ebfb40be4fe9b8461ec7ba927fdfe3755428938ae1d59adec84c10b3eec	included	compact final report, aggregate, metric, status, or provenance
results/hifieval/arabidopsis_sim_32x/lordec/unfiltered/lordec.rdlvl.eval.tsv	/home/work/wenhai/dadec/benchmark/results/hifieval/arabidopsis_sim_32x/lordec/unfiltered/lordec.rdlvl.eval.tsv	114141	b0d65864ed119d687f7f0f3903fca9af369911bf7dc8e418d13bab5d1d939038	included	compact final report, aggregate, metric, status, or provenance
results/hifieval/arabidopsis_sim_32x/proovread/filtered/proovread.base.eval.tsv	/home/work/wenhai/dadec/benchmark/results/hifieval/arabidopsis_sim_32x/proovread/filtered/proovread.base.eval.tsv	91978	13d21fa15a1fafb4a266b8473240aaa632320f2e84f4b5c8d8bd02d8bd41ebe8	included	compact final report, aggregate, metric, status, or provenance
results/hifieval/arabidopsis_sim_32x/proovread/filtered/proovread.read.eval.tsv	/home/work/wenhai/dadec/benchmark/results/hifieval/arabidopsis_sim_32x/proovread/filtered/proovread.read.eval.tsv	132	470791d312af9455f781868bc6ed13cf13fa875578084475fa5565fab9d6c52d	included	compact final report, aggregate, metric, status, or provenance
results/hifieval/arabidopsis_sim_32x/proovread/provenance.json	/home/work/wenhai/dadec/benchmark/results/hifieval/arabidopsis_sim_32x/proovread/provenance.json	10180	808c0ec28d90aeda8ac3def8e8410913d33399766ce04d117b7ddad6f5eaba4b	included	compact final report, aggregate, metric, status, or provenance
results/hifieval/arabidopsis_sim_32x/proovread/unfiltered/proovread.base.eval.tsv	/home/work/wenhai/dadec/benchmark/results/hifieval/arabidopsis_sim_32x/proovread/unfiltered/proovread.base.eval.tsv	92860	ce15c3b6d638d4741786621f422fd07f87c68b79e46045718aba2607d2fcb60e	included	compact final report, aggregate, metric, status, or provenance
results/hifieval/arabidopsis_sim_32x/proovread/unfiltered/proovread.hp.ErrorRate.tsv	/home/work/wenhai/dadec/benchmark/results/hifieval/arabidopsis_sim_32x/proovread/unfiltered/proovread.hp.ErrorRate.tsv	840	e62afcdd0b9b4f32f82b0f997b9e13a2c4078ca5b49ffdeea7f12ed8160b38c6	included	compact final report, aggregate, metric, status, or provenance
results/hifieval/arabidopsis_sim_32x/proovread/unfiltered/proovread.metric.eval.tsv	/home/work/wenhai/dadec/benchmark/results/hifieval/arabidopsis_sim_32x/proovread/unfiltered/proovread.metric.eval.tsv	16262	58e44803320abbdde60917a81193092ef0c02f63681012974410488d60d8e977	included	compact final report, aggregate, metric, status, or provenance
results/hifieval/arabidopsis_sim_32x/proovread/unfiltered/proovread.rdlvl.eval.tsv	/home/work/wenhai/dadec/benchmark/results/hifieval/arabidopsis_sim_32x/proovread/unfiltered/proovread.rdlvl.eval.tsv	86251	38c60c1c2ad216a69893bcc9a1c46019ab5f0602cd958c2b2f888fd9f6106b68	included	compact final report, aggregate, metric, status, or provenance
results/hifieval/arabidopsis_sim_32x/r_hero/filtered/r_hero.base.eval.tsv	/home/work/wenhai/dadec/benchmark/results/hifieval/arabidopsis_sim_32x/r_hero/filtered/r_hero.base.eval.tsv	99148	9038a7e199c74a828fb0851a46d8c2577951594d4f9ceab128e5f671899893cd	included	compact final report, aggregate, metric, status, or provenance
results/hifieval/arabidopsis_sim_32x/r_hero/filtered/r_hero.read.eval.tsv	/home/work/wenhai/dadec/benchmark/results/hifieval/arabidopsis_sim_32x/r_hero/filtered/r_hero.read.eval.tsv	135	8413697603ef24ebe5f70a65b6db33da22fe794ca3c35bc7e493f0fd9ab2d7e6	included	compact final report, aggregate, metric, status, or provenance
results/hifieval/arabidopsis_sim_32x/r_hero/provenance.json	/home/work/wenhai/dadec/benchmark/results/hifieval/arabidopsis_sim_32x/r_hero/provenance.json	9766	3ab27838c5becd07e0160b263695007f4de3c8f99856cae6215d4c7a05418640	included	compact final report, aggregate, metric, status, or provenance
results/hifieval/arabidopsis_sim_32x/r_hero/unfiltered/r_hero.base.eval.tsv	/home/work/wenhai/dadec/benchmark/results/hifieval/arabidopsis_sim_32x/r_hero/unfiltered/r_hero.base.eval.tsv	99973	5ef1566d13ed05d42e336114d6088609998bff100a3e2d3b3c20bbda292434c3	included	compact final report, aggregate, metric, status, or provenance
results/hifieval/arabidopsis_sim_32x/r_hero/unfiltered/r_hero.hp.ErrorRate.tsv	/home/work/wenhai/dadec/benchmark/results/hifieval/arabidopsis_sim_32x/r_hero/unfiltered/r_hero.hp.ErrorRate.tsv	842	f5e5ad8d519936c5b015eee2891534020e30aa94b72d46f766cbb3e93502e348	included	compact final report, aggregate, metric, status, or provenance
results/hifieval/arabidopsis_sim_32x/r_hero/unfiltered/r_hero.metric.eval.tsv	/home/work/wenhai/dadec/benchmark/results/hifieval/arabidopsis_sim_32x/r_hero/unfiltered/r_hero.metric.eval.tsv	16883	c30e870bc7936d2f5b1d4fb3a6b319af31825e6c2a528210bc28b99823e6edbd	included	compact final report, aggregate, metric, status, or provenance
results/hifieval/arabidopsis_sim_32x/r_hero/unfiltered/r_hero.rdlvl.eval.tsv	/home/work/wenhai/dadec/benchmark/results/hifieval/arabidopsis_sim_32x/r_hero/unfiltered/r_hero.rdlvl.eval.tsv	192425	dcb1a0682851b65566771c134dfcf14646a2186e4d97d4a5a4aa3f4e49265abc	included	compact final report, aggregate, metric, status, or provenance
results/hifieval/arabidopsis_sim_32x/ratatosk/filtered/ratatosk.base.eval.tsv	/home/work/wenhai/dadec/benchmark/results/hifieval/arabidopsis_sim_32x/ratatosk/filtered/ratatosk.base.eval.tsv	101367	58220d5317c457ea48e33b972e5812e9a355d99179199d564684819be69779e9	included	compact final report, aggregate, metric, status, or provenance
results/hifieval/arabidopsis_sim_32x/ratatosk/filtered/ratatosk.read.eval.tsv	/home/work/wenhai/dadec/benchmark/results/hifieval/arabidopsis_sim_32x/ratatosk/filtered/ratatosk.read.eval.tsv	132	f5e4b0c7e2cec4c6f1a0b256a9fd3bbe5899393390ae93d37b877532bec8327c	included	compact final report, aggregate, metric, status, or provenance
results/hifieval/arabidopsis_sim_32x/ratatosk/provenance.json	/home/work/wenhai/dadec/benchmark/results/hifieval/arabidopsis_sim_32x/ratatosk/provenance.json	9818	c9fd637abbc06689d71c19c2467cf6eafb5044da070e6f44af4f5a52bcad2dcd	included	compact final report, aggregate, metric, status, or provenance
results/hifieval/arabidopsis_sim_32x/ratatosk/unfiltered/ratatosk.base.eval.tsv	/home/work/wenhai/dadec/benchmark/results/hifieval/arabidopsis_sim_32x/ratatosk/unfiltered/ratatosk.base.eval.tsv	101652	c88fd711b5800b7d88ac9cad7978ff75a533bdd1c7588ff5828534490e35e287	included	compact final report, aggregate, metric, status, or provenance
results/hifieval/arabidopsis_sim_32x/ratatosk/unfiltered/ratatosk.hp.ErrorRate.tsv	/home/work/wenhai/dadec/benchmark/results/hifieval/arabidopsis_sim_32x/ratatosk/unfiltered/ratatosk.hp.ErrorRate.tsv	830	dd0b0b5aeb153fb7fd69aadec8afde4c72f29e91c9f15ade6c52bc42a79639e6	included	compact final report, aggregate, metric, status, or provenance
results/hifieval/arabidopsis_sim_32x/ratatosk/unfiltered/ratatosk.metric.eval.tsv	/home/work/wenhai/dadec/benchmark/results/hifieval/arabidopsis_sim_32x/ratatosk/unfiltered/ratatosk.metric.eval.tsv	17130	12e535027720be9ec9681dd64586789ce9b64cfd5924c863d8c32b2c93fc192f	included	compact final report, aggregate, metric, status, or provenance
results/hifieval/arabidopsis_sim_32x/ratatosk/unfiltered/ratatosk.rdlvl.eval.tsv	/home/work/wenhai/dadec/benchmark/results/hifieval/arabidopsis_sim_32x/ratatosk/unfiltered/ratatosk.rdlvl.eval.tsv	145343	9d6cdba139ba92fa4960caacd62ec92aba2c935f613488eb3d8e09385758f11f	included	compact final report, aggregate, metric, status, or provenance
results/hifieval/arabidopsis_sim_32x/summary.tsv	/home/work/wenhai/dadec/benchmark/results/hifieval/arabidopsis_sim_32x/summary.tsv	4467	dd0432e98f5ba586cd097c4f8a04780ea9457b173ba4b5bfbd3637c10008954a	included	compact final report, aggregate, metric, status, or provenance
results/hifieval/ecoli3_20x/colormap/filtered/colormap.base.eval.tsv	/home/work/wenhai/dadec/benchmark/results/hifieval/ecoli3_20x/colormap/filtered/colormap.base.eval.tsv	1877	d4e537219094a0f20e0022d30e970ae634d5c58cd898128c0760740a229df788	included	compact final report, aggregate, metric, status, or provenance
results/hifieval/ecoli3_20x/colormap/filtered/colormap.read.eval.tsv	/home/work/wenhai/dadec/benchmark/results/hifieval/ecoli3_20x/colormap/filtered/colormap.read.eval.tsv	125	9ead79006c7e82dc2ceaa8e369ad1054e3b1627f7936115e86855f6d7eb67462	included	compact final report, aggregate, metric, status, or provenance
results/hifieval/ecoli3_20x/colormap/provenance.json	/home/work/wenhai/dadec/benchmark/results/hifieval/ecoli3_20x/colormap/provenance.json	8871	19ad42e84d216834dbc5328e9edd6846fb61c1ad4bc5846852993513cf298080	included	compact final report, aggregate, metric, status, or provenance
results/hifieval/ecoli3_20x/colormap/unfiltered/colormap.base.eval.tsv	/home/work/wenhai/dadec/benchmark/results/hifieval/ecoli3_20x/colormap/unfiltered/colormap.base.eval.tsv	1870	30e1166ddaee8e3eb34a6457aec22bd90453f779e0838428ac54c4c9ae804bb2	included	compact final report, aggregate, metric, status, or provenance
results/hifieval/ecoli3_20x/colormap/unfiltered/colormap.hp.ErrorRate.tsv	/home/work/wenhai/dadec/benchmark/results/hifieval/ecoli3_20x/colormap/unfiltered/colormap.hp.ErrorRate.tsv	234	d0147eaee62aa6bba17ab99b93b2fb976c1fce9ebf388d88642b885985a9c5f6	included	compact final report, aggregate, metric, status, or provenance
results/hifieval/ecoli3_20x/colormap/unfiltered/colormap.metric.eval.tsv	/home/work/wenhai/dadec/benchmark/results/hifieval/ecoli3_20x/colormap/unfiltered/colormap.metric.eval.tsv	293	2810cfeeec1fe99e011244ac4cebef99d114fe92c12a640578fff9759a9f8cff	included	compact final report, aggregate, metric, status, or provenance
results/hifieval/ecoli3_20x/colormap/unfiltered/colormap.rdlvl.eval.tsv	/home/work/wenhai/dadec/benchmark/results/hifieval/ecoli3_20x/colormap/unfiltered/colormap.rdlvl.eval.tsv	7952	3cd10cac3841079f2c744153c6951108ad7b8a45a5b3105800b334d64d7c8ca3	included	compact final report, aggregate, metric, status, or provenance
results/hifieval/ecoli3_20x/dadec/filtered/dadec.base.eval.tsv	/home/work/wenhai/dadec/benchmark/results/hifieval/ecoli3_20x/dadec/filtered/dadec.base.eval.tsv	1847	5fd438c199e155bcff16f18a67b042b0194fbf1faf3784ecf89ab1f07a853274	included	compact final report, aggregate, metric, status, or provenance
results/hifieval/ecoli3_20x/dadec/filtered/dadec.read.eval.tsv	/home/work/wenhai/dadec/benchmark/results/hifieval/ecoli3_20x/dadec/filtered/dadec.read.eval.tsv	122	42860fca797b7d6721fecc43110c4df9b1a55391d33288dd07741c0af731f36d	included	compact final report, aggregate, metric, status, or provenance
results/hifieval/ecoli3_20x/dadec/provenance.json	/home/work/wenhai/dadec/benchmark/results/hifieval/ecoli3_20x/dadec/provenance.json	8894	85077488486bc99da15568e59bae20a8e6555a61fccdb8a9f624ee8f008422dd	included	compact final report, aggregate, metric, status, or provenance
results/hifieval/ecoli3_20x/dadec/unfiltered/dadec.base.eval.tsv	/home/work/wenhai/dadec/benchmark/results/hifieval/ecoli3_20x/dadec/unfiltered/dadec.base.eval.tsv	1838	38e0f0b5e32ce1ad62cd8b2b7d24e933355fb595b7a428118a5b359ad2ca60cb	included	compact final report, aggregate, metric, status, or provenance
results/hifieval/ecoli3_20x/dadec/unfiltered/dadec.hp.ErrorRate.tsv	/home/work/wenhai/dadec/benchmark/results/hifieval/ecoli3_20x/dadec/unfiltered/dadec.hp.ErrorRate.tsv	178	c5445082896e1d0dc309e8cae440d577a9bdae3284f1b2c7e1e92c249f9961fc	included	compact final report, aggregate, metric, status, or provenance
results/hifieval/ecoli3_20x/dadec/unfiltered/dadec.metric.eval.tsv	/home/work/wenhai/dadec/benchmark/results/hifieval/ecoli3_20x/dadec/unfiltered/dadec.metric.eval.tsv	304	42ecd819b6e281d41d8ded853286e7394eb4a6a29df1c7e319a27d177c073987	included	compact final report, aggregate, metric, status, or provenance
results/hifieval/ecoli3_20x/dadec/unfiltered/dadec.rdlvl.eval.tsv	/home/work/wenhai/dadec/benchmark/results/hifieval/ecoli3_20x/dadec/unfiltered/dadec.rdlvl.eval.tsv	1015	a64a822c3ac949caf9e0b7803fdf1a3bf32d661faaaee5be945a1976cf5aa23e	included	compact final report, aggregate, metric, status, or provenance
results/hifieval/ecoli3_20x/f_hero/filtered/f_hero.base.eval.tsv	/home/work/wenhai/dadec/benchmark/results/hifieval/ecoli3_20x/f_hero/filtered/f_hero.base.eval.tsv	1863	d4a91d37a2f3704182c4912f66d02854381b936655e69727da06dd5be54e1a6e	included	compact final report, aggregate, metric, status, or provenance
results/hifieval/ecoli3_20x/f_hero/filtered/f_hero.read.eval.tsv	/home/work/wenhai/dadec/benchmark/results/hifieval/ecoli3_20x/f_hero/filtered/f_hero.read.eval.tsv	125	ccf96c2981b1d302efc9411116b48e010ab288c33b0c625d00189cf337547ae6	included	compact final report, aggregate, metric, status, or provenance
results/hifieval/ecoli3_20x/f_hero/provenance.json	/home/work/wenhai/dadec/benchmark/results/hifieval/ecoli3_20x/f_hero/provenance.json	8894	0c07c97532412f1354f7b44052d5eab6d1fa4fe0fe55e7bb4b93b51e200c0a73	included	compact final report, aggregate, metric, status, or provenance
results/hifieval/ecoli3_20x/f_hero/unfiltered/f_hero.base.eval.tsv	/home/work/wenhai/dadec/benchmark/results/hifieval/ecoli3_20x/f_hero/unfiltered/f_hero.base.eval.tsv	1865	ded795d705d41f16f19e07d583809b3b5289e9fef5a487194abd269e70599267	included	compact final report, aggregate, metric, status, or provenance
results/hifieval/ecoli3_20x/f_hero/unfiltered/f_hero.hp.ErrorRate.tsv	/home/work/wenhai/dadec/benchmark/results/hifieval/ecoli3_20x/f_hero/unfiltered/f_hero.hp.ErrorRate.tsv	204	a5a905a4832dc42dea607433738e175c95a4be23e1f1bf07647d726ccd0a42a5	included	compact final report, aggregate, metric, status, or provenance
results/hifieval/ecoli3_20x/f_hero/unfiltered/f_hero.metric.eval.tsv	/home/work/wenhai/dadec/benchmark/results/hifieval/ecoli3_20x/f_hero/unfiltered/f_hero.metric.eval.tsv	299	f00a6ca7b57bf121e36d14e787a77d2619c0e961a8a4ef0fa8509420e4d94e54	included	compact final report, aggregate, metric, status, or provenance
results/hifieval/ecoli3_20x/f_hero/unfiltered/f_hero.rdlvl.eval.tsv	/home/work/wenhai/dadec/benchmark/results/hifieval/ecoli3_20x/f_hero/unfiltered/f_hero.rdlvl.eval.tsv	4829	4fcba25f4c7394cf06471c39b7fcb77ea121f2b8de4e3c0e003ffcd3bd295f2d	included	compact final report, aggregate, metric, status, or provenance
results/hifieval/ecoli3_20x/fmlrc/filtered/fmlrc.base.eval.tsv	/home/work/wenhai/dadec/benchmark/results/hifieval/ecoli3_20x/fmlrc/filtered/fmlrc.base.eval.tsv	1863	e3bc8b5d09ff551fbeb840ad22901d33efaf8c56d41bc1a4b27c91bedd686163	included	compact final report, aggregate, metric, status, or provenance
results/hifieval/ecoli3_20x/fmlrc/filtered/fmlrc.read.eval.tsv	/home/work/wenhai/dadec/benchmark/results/hifieval/ecoli3_20x/fmlrc/filtered/fmlrc.read.eval.tsv	125	fbdeba3c5ec294d6be006f4a94165f36e6cb7e5a04d23c1bfa724d43f8bdb502	included	compact final report, aggregate, metric, status, or provenance
results/hifieval/ecoli3_20x/fmlrc/provenance.json	/home/work/wenhai/dadec/benchmark/results/hifieval/ecoli3_20x/fmlrc/provenance.json	8820	3b01f9995feda8164a91930d41d31f5de3752fe8de5827570aaf6b05ac922a44	included	compact final report, aggregate, metric, status, or provenance
results/hifieval/ecoli3_20x/fmlrc/unfiltered/fmlrc.base.eval.tsv	/home/work/wenhai/dadec/benchmark/results/hifieval/ecoli3_20x/fmlrc/unfiltered/fmlrc.base.eval.tsv	1863	3f25ce27dacfbcbf2ed0e7c42e35f75b1871c6fa9487ba87ecea004200e7bc39	included	compact final report, aggregate, metric, status, or provenance
results/hifieval/ecoli3_20x/fmlrc/unfiltered/fmlrc.hp.ErrorRate.tsv	/home/work/wenhai/dadec/benchmark/results/hifieval/ecoli3_20x/fmlrc/unfiltered/fmlrc.hp.ErrorRate.tsv	190	b37d41e8b9ec3bbf5f7663d16a55ee2f207a2a2833f64397c6bc79421d20cbf0	included	compact final report, aggregate, metric, status, or provenance
results/hifieval/ecoli3_20x/fmlrc/unfiltered/fmlrc.metric.eval.tsv	/home/work/wenhai/dadec/benchmark/results/hifieval/ecoli3_20x/fmlrc/unfiltered/fmlrc.metric.eval.tsv	297	2ada26abcd863473db453cb7edf1485b2c0176a464618a8d11b3eca0a87b33e2	included	compact final report, aggregate, metric, status, or provenance
results/hifieval/ecoli3_20x/fmlrc/unfiltered/fmlrc.rdlvl.eval.tsv	/home/work/wenhai/dadec/benchmark/results/hifieval/ecoli3_20x/fmlrc/unfiltered/fmlrc.rdlvl.eval.tsv	5874	11e0f7246030daec2cf3ec1515bd5946d3b58d4c6e7ab19df89950312b69a4ed	included	compact final report, aggregate, metric, status, or provenance
results/hifieval/ecoli3_20x/l_hero/filtered/l_hero.base.eval.tsv	/home/work/wenhai/dadec/benchmark/results/hifieval/ecoli3_20x/l_hero/filtered/l_hero.base.eval.tsv	1871	9f5e28ba2c2eb8f2f0af564b78c91cdcff631a70eb44d1082566f3bb788a03d4	included	compact final report, aggregate, metric, status, or provenance
results/hifieval/ecoli3_20x/l_hero/filtered/l_hero.read.eval.tsv	/home/work/wenhai/dadec/benchmark/results/hifieval/ecoli3_20x/l_hero/filtered/l_hero.read.eval.tsv	125	3b9e6532f3ace89380f99b5110946e83c8cb088d2d2cd86af121037a0acf9ac6	included	compact final report, aggregate, metric, status, or provenance
results/hifieval/ecoli3_20x/l_hero/provenance.json	/home/work/wenhai/dadec/benchmark/results/hifieval/ecoli3_20x/l_hero/provenance.json	8901	66010f8e9dfe5c057bbccb347b47b07ef45d7f449c988f6853dc628348f9d781	included	compact final report, aggregate, metric, status, or provenance
results/hifieval/ecoli3_20x/l_hero/unfiltered/l_hero.base.eval.tsv	/home/work/wenhai/dadec/benchmark/results/hifieval/ecoli3_20x/l_hero/unfiltered/l_hero.base.eval.tsv	1872	b916971893bf9824d1bd2d5b5f78ae92bbefa7aeafb3776369ad547607733cc2	included	compact final report, aggregate, metric, status, or provenance
results/hifieval/ecoli3_20x/l_hero/unfiltered/l_hero.hp.ErrorRate.tsv	/home/work/wenhai/dadec/benchmark/results/hifieval/ecoli3_20x/l_hero/unfiltered/l_hero.hp.ErrorRate.tsv	203	4935cdf723e44535d9ffa056dc5da074d16476d5a8a02774286098f13f80f3d2	included	compact final report, aggregate, metric, status, or provenance
results/hifieval/ecoli3_20x/l_hero/unfiltered/l_hero.metric.eval.tsv	/home/work/wenhai/dadec/benchmark/results/hifieval/ecoli3_20x/l_hero/unfiltered/l_hero.metric.eval.tsv	294	589bea02518f176cc974292991c8e1abb3a63a89de47ebc0f4c4702a755697af	included	compact final report, aggregate, metric, status, or provenance
results/hifieval/ecoli3_20x/l_hero/unfiltered/l_hero.rdlvl.eval.tsv	/home/work/wenhai/dadec/benchmark/results/hifieval/ecoli3_20x/l_hero/unfiltered/l_hero.rdlvl.eval.tsv	11407	c7fcf398de491a1962fb59cdeeb8b4f2e1ffeddc63d8f654bfe8521d42e3c837	included	compact final report, aggregate, metric, status, or provenance
results/hifieval/ecoli3_20x/lordec/filtered/lordec.base.eval.tsv	/home/work/wenhai/dadec/benchmark/results/hifieval/ecoli3_20x/lordec/filtered/lordec.base.eval.tsv	1873	fc5aa29a04b7be2c775d8cf6e00952cc8cb99433d8ea9fbc43faf475311e7712	included	compact final report, aggregate, metric, status, or provenance
results/hifieval/ecoli3_20x/lordec/filtered/lordec.read.eval.tsv	/home/work/wenhai/dadec/benchmark/results/hifieval/ecoli3_20x/lordec/filtered/lordec.read.eval.tsv	123	82eccad4e456c707dcd3fe467c5e273aae900d7fcd710e568f8d0713411116f3	included	compact final report, aggregate, metric, status, or provenance
results/hifieval/ecoli3_20x/lordec/provenance.json	/home/work/wenhai/dadec/benchmark/results/hifieval/ecoli3_20x/lordec/provenance.json	8856	51c669186190fe8166490a0c5ab6ad8fd600e74ca08bca3596b29671bee1fe50	included	compact final report, aggregate, metric, status, or provenance
results/hifieval/ecoli3_20x/lordec/unfiltered/lordec.base.eval.tsv	/home/work/wenhai/dadec/benchmark/results/hifieval/ecoli3_20x/lordec/unfiltered/lordec.base.eval.tsv	1875	4a84de8c2b09aff0dd1403156a2dbfc1fc24bf029ba41fc6037470a997c61649	included	compact final report, aggregate, metric, status, or provenance
results/hifieval/ecoli3_20x/lordec/unfiltered/lordec.hp.ErrorRate.tsv	/home/work/wenhai/dadec/benchmark/results/hifieval/ecoli3_20x/lordec/unfiltered/lordec.hp.ErrorRate.tsv	201	c0fd236f3739b215a0c9b40a6481a2c9973a6ad6b4efbb41a4e99dc98168743f	included	compact final report, aggregate, metric, status, or provenance
results/hifieval/ecoli3_20x/lordec/unfiltered/lordec.metric.eval.tsv	/home/work/wenhai/dadec/benchmark/results/hifieval/ecoli3_20x/lordec/unfiltered/lordec.metric.eval.tsv	296	23ba25f89b9ae114a28ff2627e063205fdb14f6cac7cee7f6f7dbfbc08104692	included	compact final report, aggregate, metric, status, or provenance
results/hifieval/ecoli3_20x/lordec/unfiltered/lordec.rdlvl.eval.tsv	/home/work/wenhai/dadec/benchmark/results/hifieval/ecoli3_20x/lordec/unfiltered/lordec.rdlvl.eval.tsv	13180	5b409a48f8546f6be853f90de3569e74dd3d5dd10f3b717d7b497ddd14b7d61c	included	compact final report, aggregate, metric, status, or provenance
results/hifieval/ecoli3_20x/proovread/filtered/proovread.base.eval.tsv	/home/work/wenhai/dadec/benchmark/results/hifieval/ecoli3_20x/proovread/filtered/proovread.base.eval.tsv	1874	baf9aede40742a688efbe93e1abf93123f475e482b3cc20ce44be76cef481f98	included	compact final report, aggregate, metric, status, or provenance
results/hifieval/ecoli3_20x/proovread/filtered/proovread.read.eval.tsv	/home/work/wenhai/dadec/benchmark/results/hifieval/ecoli3_20x/proovread/filtered/proovread.read.eval.tsv	125	86161948d6d1877a2017493b2bf7cd99e57e9b0d98b61e5337587decacd07461	included	compact final report, aggregate, metric, status, or provenance
results/hifieval/ecoli3_20x/proovread/provenance.json	/home/work/wenhai/dadec/benchmark/results/hifieval/ecoli3_20x/proovread/provenance.json	8895	72b7e441206a82bd5c324bcc87860f2fc03b88a464c138b50ddd509716d1bed1	included	compact final report, aggregate, metric, status, or provenance
results/hifieval/ecoli3_20x/proovread/unfiltered/proovread.base.eval.tsv	/home/work/wenhai/dadec/benchmark/results/hifieval/ecoli3_20x/proovread/unfiltered/proovread.base.eval.tsv	1874	a6e55d2ef85178fbac8d9ad344422ea670d5ea227d36dec818210aff6457000f	included	compact final report, aggregate, metric, status, or provenance
results/hifieval/ecoli3_20x/proovread/unfiltered/proovread.hp.ErrorRate.tsv	/home/work/wenhai/dadec/benchmark/results/hifieval/ecoli3_20x/proovread/unfiltered/proovread.hp.ErrorRate.tsv	233	f503c75ef19d66a6bcaa5c6271a99327202f7f514d9e413ac5a788d8e6073d79	included	compact final report, aggregate, metric, status, or provenance
results/hifieval/ecoli3_20x/proovread/unfiltered/proovread.metric.eval.tsv	/home/work/wenhai/dadec/benchmark/results/hifieval/ecoli3_20x/proovread/unfiltered/proovread.metric.eval.tsv	300	513a29abd5bf0d8c66952495a42f5537dfc9e4d74c7f4d933a5bfd040314af77	included	compact final report, aggregate, metric, status, or provenance
results/hifieval/ecoli3_20x/proovread/unfiltered/proovread.rdlvl.eval.tsv	/home/work/wenhai/dadec/benchmark/results/hifieval/ecoli3_20x/proovread/unfiltered/proovread.rdlvl.eval.tsv	6815	d079bf17f011554ee52937f8accb8af8f21a1e7f7602d264b9c2848571f9c8af	included	compact final report, aggregate, metric, status, or provenance
results/hifieval/ecoli3_20x/r_hero/filtered/r_hero.base.eval.tsv	/home/work/wenhai/dadec/benchmark/results/hifieval/ecoli3_20x/r_hero/filtered/r_hero.base.eval.tsv	1873	c57fb5e713dac2e767653f40ea116408ce9130da08706aa3d3dafb1ba8fe2f27	included	compact final report, aggregate, metric, status, or provenance
results/hifieval/ecoli3_20x/r_hero/filtered/r_hero.read.eval.tsv	/home/work/wenhai/dadec/benchmark/results/hifieval/ecoli3_20x/r_hero/filtered/r_hero.read.eval.tsv	125	0b10b9913d91f43dfb1d2644f1c63cfd9f4a5512ae9ffd4ed32bc8b950b65c78	included	compact final report, aggregate, metric, status, or provenance
results/hifieval/ecoli3_20x/r_hero/provenance.json	/home/work/wenhai/dadec/benchmark/results/hifieval/ecoli3_20x/r_hero/provenance.json	8899	7260a0480ed0b78133afba06967040ef7f9ff3bad16be93abaa1f788d037197b	included	compact final report, aggregate, metric, status, or provenance
results/hifieval/ecoli3_20x/r_hero/unfiltered/r_hero.base.eval.tsv	/home/work/wenhai/dadec/benchmark/results/hifieval/ecoli3_20x/r_hero/unfiltered/r_hero.base.eval.tsv	1877	af2d84f78a477b9a2240b1dd8840fe54ef601b4252a08b545f89c99b93799c68	included	compact final report, aggregate, metric, status, or provenance
results/hifieval/ecoli3_20x/r_hero/unfiltered/r_hero.hp.ErrorRate.tsv	/home/work/wenhai/dadec/benchmark/results/hifieval/ecoli3_20x/r_hero/unfiltered/r_hero.hp.ErrorRate.tsv	203	91f5ff78166b1d121727219ee13dc0f61d616a4e523cba882625170c8cf53986	included	compact final report, aggregate, metric, status, or provenance
results/hifieval/ecoli3_20x/r_hero/unfiltered/r_hero.metric.eval.tsv	/home/work/wenhai/dadec/benchmark/results/hifieval/ecoli3_20x/r_hero/unfiltered/r_hero.metric.eval.tsv	297	5b8de0b5dd824601cbec58102c51ed4c9e857e25eff890cfbeee9160e62939d4	included	compact final report, aggregate, metric, status, or provenance
results/hifieval/ecoli3_20x/r_hero/unfiltered/r_hero.rdlvl.eval.tsv	/home/work/wenhai/dadec/benchmark/results/hifieval/ecoli3_20x/r_hero/unfiltered/r_hero.rdlvl.eval.tsv	9599	499a3392e98b3d535d9391bb66451afc710428729e2dae31fb2e4069a7ea439a	included	compact final report, aggregate, metric, status, or provenance
results/hifieval/ecoli3_20x/ratatosk/filtered/ratatosk.base.eval.tsv	/home/work/wenhai/dadec/benchmark/results/hifieval/ecoli3_20x/ratatosk/filtered/ratatosk.base.eval.tsv	1863	9a7202d04eab09776352bb534bee7a75ffe3810c565f89904e264b01058551d7	included	compact final report, aggregate, metric, status, or provenance
results/hifieval/ecoli3_20x/ratatosk/filtered/ratatosk.read.eval.tsv	/home/work/wenhai/dadec/benchmark/results/hifieval/ecoli3_20x/ratatosk/filtered/ratatosk.read.eval.tsv	125	79e82fb781137e4372311876846636c356643cd5f23bb3a18b04d03defc05afe	included	compact final report, aggregate, metric, status, or provenance
results/hifieval/ecoli3_20x/ratatosk/provenance.json	/home/work/wenhai/dadec/benchmark/results/hifieval/ecoli3_20x/ratatosk/provenance.json	8911	37059e35fe2b751b10acd5d93bd85a808186cb4b0262a8a2f8ce3da901a1fcf4	included	compact final report, aggregate, metric, status, or provenance
results/hifieval/ecoli3_20x/ratatosk/unfiltered/ratatosk.base.eval.tsv	/home/work/wenhai/dadec/benchmark/results/hifieval/ecoli3_20x/ratatosk/unfiltered/ratatosk.base.eval.tsv	1876	3adf524111114a3199fd0ecd74220f29c4bb170840f5b5e05b17b7859f6d5321	included	compact final report, aggregate, metric, status, or provenance
results/hifieval/ecoli3_20x/ratatosk/unfiltered/ratatosk.hp.ErrorRate.tsv	/home/work/wenhai/dadec/benchmark/results/hifieval/ecoli3_20x/ratatosk/unfiltered/ratatosk.hp.ErrorRate.tsv	219	707203b01f9f89159eca1d62138ddc6f9fa3602811ea41df77bced5129488e8c	included	compact final report, aggregate, metric, status, or provenance
results/hifieval/ecoli3_20x/ratatosk/unfiltered/ratatosk.metric.eval.tsv	/home/work/wenhai/dadec/benchmark/results/hifieval/ecoli3_20x/ratatosk/unfiltered/ratatosk.metric.eval.tsv	292	e28ce92daa2a9b28445805d7b7b0bd9c3fbb4104bbbc396d7d53e2fa5477c624	included	compact final report, aggregate, metric, status, or provenance
results/hifieval/ecoli3_20x/ratatosk/unfiltered/ratatosk.rdlvl.eval.tsv	/home/work/wenhai/dadec/benchmark/results/hifieval/ecoli3_20x/ratatosk/unfiltered/ratatosk.rdlvl.eval.tsv	13505	a7f79615d1512bccee8f96bc70d13a12938adf914ad4ca9dc90d1064a24f2cb4	included	compact final report, aggregate, metric, status, or provenance
results/hifieval/ecoli3_20x/raw_baseline/raw.base.eval.tsv	/home/work/wenhai/dadec/benchmark/results/hifieval/ecoli3_20x/raw_baseline/raw.base.eval.tsv	983	2b22d8c01ea30caac6cd47b45d7a9f82bc85caf53b3eb313ce3735d95c3cffb3	included	compact final report, aggregate, metric, status, or provenance
results/hifieval/ecoli3_20x/raw_baseline/raw.hp.ErrorRate.tsv	/home/work/wenhai/dadec/benchmark/results/hifieval/ecoli3_20x/raw_baseline/raw.hp.ErrorRate.tsv	24	36a01d22c1963936d9c1abf70448fca82ac1e2fc4c4bb0e40e55172ef3d8374e	included	compact final report, aggregate, metric, status, or provenance
results/hifieval/ecoli3_20x/raw_baseline/raw.metric.eval.tsv	/home/work/wenhai/dadec/benchmark/results/hifieval/ecoli3_20x/raw_baseline/raw.metric.eval.tsv	99	0acdc57f8735c735133aae317ff1d400b4e3433a45cd4856ab9a1d247137d66c	included	compact final report, aggregate, metric, status, or provenance
results/hifieval/ecoli3_20x/raw_baseline/raw.rdlvl.eval.tsv	/home/work/wenhai/dadec/benchmark/results/hifieval/ecoli3_20x/raw_baseline/raw.rdlvl.eval.tsv	32831	927504ccf5e0d15cef09663dd59f28280dbbe4f44abb0d5031c92889a15ffcf5	included	compact final report, aggregate, metric, status, or provenance
results/hifieval/ecoli3_20x/summary.tsv	/home/work/wenhai/dadec/benchmark/results/hifieval/ecoli3_20x/summary.tsv	4994	6363d8a8167d549768ba75b0ef5aaaee06069e053e837534951104bc7945b850	included	compact final report, aggregate, metric, status, or provenance
results/mhc_ont_50x/comparative_ambiguity9999_metrics_only.tsv	/home/work/wenhai/dadec/benchmark/results/mhc_ont_50x/comparative_ambiguity9999_metrics_only.tsv	1154	7bbdc6350335f65e0bcb08d8b68a35eca1b43b1bd8b05d902d6bdb139ff88fb7	included	compact final report, aggregate, metric, status, or provenance
results/mhc_ont_50x/run_manifest.tsv	/home/work/wenhai/dadec/benchmark/results/mhc_ont_50x/run_manifest.tsv	3369	c5da8b970fed80a7061ed9ea233895c72dfbc20f7edbd1c8868c363daf1dbd4c	included	compact final report, aggregate, metric, status, or provenance
results/mhc_ont_50x/table_ambiguity9999_metrics_only.tsv	/home/work/wenhai/dadec/benchmark/results/mhc_ont_50x/table_ambiguity9999_metrics_only.tsv	653	69ff5e448c00110608557bc6bc76fe41b0446ba9c9676c723d0acac075cd4159	included	compact final report, aggregate, metric, status, or provenance
results/mhc_pac_50x/comparative_ambiguity9999_metrics_only.tsv	/home/work/wenhai/dadec/benchmark/results/mhc_pac_50x/comparative_ambiguity9999_metrics_only.tsv	1165	bc0388b57cf756825be4aff1f3dc86aa9af925b20ea81ae58e68d0e3484ea12c	included	compact final report, aggregate, metric, status, or provenance
results/mhc_pac_50x/run_manifest.tsv	/home/work/wenhai/dadec/benchmark/results/mhc_pac_50x/run_manifest.tsv	3492	3b0fc98af1a807738272e6c3c8201f9f0e377a63917b9de9f027088da7eba063	included	compact final report, aggregate, metric, status, or provenance
results/mhc_pac_50x/table_ambiguity9999_metrics_only.tsv	/home/work/wenhai/dadec/benchmark/results/mhc_pac_50x/table_ambiguity9999_metrics_only.tsv	665	0205b5dd2d44ff55d1f7733822a4f867c629b570a886473c69414b3e4ba9e164	included	compact final report, aggregate, metric, status, or provenance
results/raw_long_reads/100strains/full/combined_reference/report.tex	/home/work/wenhai/dadec/benchmark/results/raw_long_reads/100strains/full/combined_reference/report.tex	1996	4fbac93ce8f5e71b622ebbd2403a759c3441b1374e068a2ae6d814d036d4e5ff	included	compact final report, aggregate, metric, status, or provenance
results/raw_long_reads/100strains/full/combined_reference/report.tsv	/home/work/wenhai/dadec/benchmark/results/raw_long_reads/100strains/full/combined_reference/report.tsv	1053	94a2ca731be3f292945d00e50c485bf58463618e3e89c4d335c6c2749a8d227f	included	compact final report, aggregate, metric, status, or provenance
results/raw_long_reads/100strains/full/combined_reference/report.txt	/home/work/wenhai/dadec/benchmark/results/raw_long_reads/100strains/full/combined_reference/report.txt	2180	26a978867091edd27b3be714773c5896adde990f3ba86ecc36fa0f87f0bfed78	included	compact final report, aggregate, metric, status, or provenance
results/raw_long_reads/100strains/full/combined_reference/transposed_report.tsv	/home/work/wenhai/dadec/benchmark/results/raw_long_reads/100strains/full/combined_reference/transposed_report.tsv	1053	2e6174b2bb842d31cc0b06eb49397314fc3abe49836087a2eb5783707b665dd5	included	compact final report, aggregate, metric, status, or provenance
results/raw_long_reads/100strains/full/not_aligned/report.tex	/home/work/wenhai/dadec/benchmark/results/raw_long_reads/100strains/full/not_aligned/report.tex	1116	201334933e7edb1477a0f5e2851abc50c2292a164be158f18e86c47af237abfd	included	compact final report, aggregate, metric, status, or provenance
results/raw_long_reads/100strains/full/not_aligned/report.tsv	/home/work/wenhai/dadec/benchmark/results/raw_long_reads/100strains/full/not_aligned/report.tsv	468	a72a014b2c81e4c0886454d87c3742e0c7f739abe9a358cd2766e0c6910d41a5	included	compact final report, aggregate, metric, status, or provenance
results/raw_long_reads/100strains/full/not_aligned/report.txt	/home/work/wenhai/dadec/benchmark/results/raw_long_reads/100strains/full/not_aligned/report.txt	1019	2f9977d8bafc8b982995939b5caac12b84c5312e7f6b3d02d027f3ad5e82a6fd	included	compact final report, aggregate, metric, status, or provenance
results/raw_long_reads/100strains/full/not_aligned/transposed_report.tsv	/home/work/wenhai/dadec/benchmark/results/raw_long_reads/100strains/full/not_aligned/transposed_report.tsv	468	50e365d5f05f45789b35a6f2cb711966181e9254f28fa6c071b65bc403d11db8	included	compact final report, aggregate, metric, status, or provenance
results/raw_long_reads/100strains/full/runs_per_reference/reference/report.tex	/home/work/wenhai/dadec/benchmark/results/raw_long_reads/100strains/full/runs_per_reference/reference/report.tex	2173	de272e0756a20491f6badac63dd615da9b807f96ec82e32c07a70b31e227fbd2	included	compact final report, aggregate, metric, status, or provenance
results/raw_long_reads/100strains/full/runs_per_reference/reference/report.tsv	/home/work/wenhai/dadec/benchmark/results/raw_long_reads/100strains/full/runs_per_reference/reference/report.tsv	1130	ff3d45d4976ef53aa971de59c97711787dedc141ec36d8f2840c3181ad87630b	included	compact final report, aggregate, metric, status, or provenance
results/raw_long_reads/100strains/full/runs_per_reference/reference/report.txt	/home/work/wenhai/dadec/benchmark/results/raw_long_reads/100strains/full/runs_per_reference/reference/report.txt	2551	c008c8d17690d68475654b4d466eb24ef4b34352d6271f2c8bb5e1f5bf8ac0f7	included	compact final report, aggregate, metric, status, or provenance
results/raw_long_reads/100strains/full/runs_per_reference/reference/transposed_report.tsv	/home/work/wenhai/dadec/benchmark/results/raw_long_reads/100strains/full/runs_per_reference/reference/transposed_report.tsv	1130	2266d6023805a6e9d7039e07082bf509ef6460cc60b5a0a17885a2215bfecd4a	included	compact final report, aggregate, metric, status, or provenance
results/raw_long_reads/100strains_legacy/full/combined_reference/report.tex	/home/work/wenhai/dadec/benchmark/results/raw_long_reads/100strains_legacy/full/combined_reference/report.tex	1999	2aa12d6b0bf84a8daa8d0c326553f3fcd389323477101d4c798e1c5c3d50914d	included	compact final report, aggregate, metric, status, or provenance
results/raw_long_reads/100strains_legacy/full/combined_reference/report.tsv	/home/work/wenhai/dadec/benchmark/results/raw_long_reads/100strains_legacy/full/combined_reference/report.tsv	1056	ea970d7f9b58837847b951531c0b0516b1a184a102798856701e65fe063634c8	included	compact final report, aggregate, metric, status, or provenance
results/raw_long_reads/100strains_legacy/full/combined_reference/report.txt	/home/work/wenhai/dadec/benchmark/results/raw_long_reads/100strains_legacy/full/combined_reference/report.txt	2180	9248123f98c39d2ebc0aa8eeebf0d6298e6fb268b9984d8604adcc1338860561	included	compact final report, aggregate, metric, status, or provenance
results/raw_long_reads/100strains_legacy/full/combined_reference/transposed_report.tsv	/home/work/wenhai/dadec/benchmark/results/raw_long_reads/100strains_legacy/full/combined_reference/transposed_report.tsv	1056	d5f54a8ed0c51f056816a115d37e98e13b902d0c7b98fe798801bff077ef7258	included	compact final report, aggregate, metric, status, or provenance
results/raw_long_reads/100strains_legacy/full/not_aligned/report.tex	/home/work/wenhai/dadec/benchmark/results/raw_long_reads/100strains_legacy/full/not_aligned/report.tex	1116	8f5f3254b8f6683f3b30dcf0892e9d7d514cc54d4d8717958281e3f3ee368638	included	compact final report, aggregate, metric, status, or provenance
results/raw_long_reads/100strains_legacy/full/not_aligned/report.tsv	/home/work/wenhai/dadec/benchmark/results/raw_long_reads/100strains_legacy/full/not_aligned/report.tsv	468	24dd9e622a660978d31bccd42ef00a4043c6e0ff69b06c714ac4316515f98453	included	compact final report, aggregate, metric, status, or provenance
results/raw_long_reads/100strains_legacy/full/not_aligned/report.txt	/home/work/wenhai/dadec/benchmark/results/raw_long_reads/100strains_legacy/full/not_aligned/report.txt	1019	cdcf48fa39ef2e197a9ea9eeb334979d365bce334d92f2619e66b0225ac4bb95	included	compact final report, aggregate, metric, status, or provenance
results/raw_long_reads/100strains_legacy/full/not_aligned/transposed_report.tsv	/home/work/wenhai/dadec/benchmark/results/raw_long_reads/100strains_legacy/full/not_aligned/transposed_report.tsv	468	cf78002b2b17d80ee6d95cf9495712c80007890dd17fdcf3e58efe19fec6b5ba	included	compact final report, aggregate, metric, status, or provenance
results/raw_long_reads/100strains_legacy/full/runs_per_reference/reference/report.tex	/home/work/wenhai/dadec/benchmark/results/raw_long_reads/100strains_legacy/full/runs_per_reference/reference/report.tex	2179	3e6cb5f0baea5c15c980e76512a51d13b512227784754e10ef0b2243ff2f7797	included	compact final report, aggregate, metric, status, or provenance
results/raw_long_reads/100strains_legacy/full/runs_per_reference/reference/report.tsv	/home/work/wenhai/dadec/benchmark/results/raw_long_reads/100strains_legacy/full/runs_per_reference/reference/report.tsv	1136	b44eb69d0d5c375de697892b381f6e5337da79f975f0fc7c4827aa66899050cb	included	compact final report, aggregate, metric, status, or provenance
results/raw_long_reads/100strains_legacy/full/runs_per_reference/reference/report.txt	/home/work/wenhai/dadec/benchmark/results/raw_long_reads/100strains_legacy/full/runs_per_reference/reference/report.txt	2551	56b24e23c9b471a4b71dedd39ca067032ca20327dadcb3377d6b870c34f41c67	included	compact final report, aggregate, metric, status, or provenance
results/raw_long_reads/100strains_legacy/full/runs_per_reference/reference/transposed_report.tsv	/home/work/wenhai/dadec/benchmark/results/raw_long_reads/100strains_legacy/full/runs_per_reference/reference/transposed_report.tsv	1136	6a6d944c430ae483d2b5872547bbf45606f1ce12586e77d1a864fb273c2b1155	included	compact final report, aggregate, metric, status, or provenance
results/raw_long_reads/30strains/full/combined_reference/report.tex	/home/work/wenhai/dadec/benchmark/results/raw_long_reads/30strains/full/combined_reference/report.tex	1976	720b16597152b2f15da0bc742f66b45d06b58f0b28896447c2fe74ecc39846c1	included	compact final report, aggregate, metric, status, or provenance
results/raw_long_reads/30strains/full/combined_reference/report.tsv	/home/work/wenhai/dadec/benchmark/results/raw_long_reads/30strains/full/combined_reference/report.tsv	1033	0bb120f7840d8874a2c35ea035ccbd7d7095f64d04ecd2f4c4feda75b006594a	included	compact final report, aggregate, metric, status, or provenance
results/raw_long_reads/30strains/full/combined_reference/report.txt	/home/work/wenhai/dadec/benchmark/results/raw_long_reads/30strains/full/combined_reference/report.txt	2137	e1cd047240bd52544384110472dcfd2345170455fb31e5dbb875ab82f07aee1e	included	compact final report, aggregate, metric, status, or provenance
results/raw_long_reads/30strains/full/combined_reference/transposed_report.tsv	/home/work/wenhai/dadec/benchmark/results/raw_long_reads/30strains/full/combined_reference/transposed_report.tsv	1033	e05fa51d595b1db949845c18b23d46eaeaa5c7cf0f5693eca7eec57784addb3a	included	compact final report, aggregate, metric, status, or provenance
results/raw_long_reads/30strains/full/not_aligned/report.tex	/home/work/wenhai/dadec/benchmark/results/raw_long_reads/30strains/full/not_aligned/report.tex	1107	40676b28f8c0cc022f8d359165dcd64c8ff8fecea5d3381338cc053cf6a89ab1	included	compact final report, aggregate, metric, status, or provenance
results/raw_long_reads/30strains/full/not_aligned/report.tsv	/home/work/wenhai/dadec/benchmark/results/raw_long_reads/30strains/full/not_aligned/report.tsv	459	9f6fd57f20c808edf0a08c2430f56c6cf8ab71afd05c640968712ea03b4144a7	included	compact final report, aggregate, metric, status, or provenance
results/raw_long_reads/30strains/full/not_aligned/report.txt	/home/work/wenhai/dadec/benchmark/results/raw_long_reads/30strains/full/not_aligned/report.txt	1019	0892b9fb4230a0f99896c5b71180b2b5cd3afdcb4662327ab12d782494fe7087	included	compact final report, aggregate, metric, status, or provenance
results/raw_long_reads/30strains/full/not_aligned/transposed_report.tsv	/home/work/wenhai/dadec/benchmark/results/raw_long_reads/30strains/full/not_aligned/transposed_report.tsv	459	6a4d692672414401ca1aa838c584286a1df4deb2aad9f648a676ca9fed1132e2	included	compact final report, aggregate, metric, status, or provenance
results/raw_long_reads/30strains/full/runs_per_reference/reference/report.tex	/home/work/wenhai/dadec/benchmark/results/raw_long_reads/30strains/full/runs_per_reference/reference/report.tex	2149	75e0153bd6f4d985c874559ae413fc111f89d665b08e2916dec27ec9264c58cc	included	compact final report, aggregate, metric, status, or provenance
results/raw_long_reads/30strains/full/runs_per_reference/reference/report.tsv	/home/work/wenhai/dadec/benchmark/results/raw_long_reads/30strains/full/runs_per_reference/reference/report.tsv	1106	55498cb09293fb674a52ad1086ad95ec2235c174c956cc8dcdfe56430837b447	included	compact final report, aggregate, metric, status, or provenance
results/raw_long_reads/30strains/full/runs_per_reference/reference/report.txt	/home/work/wenhai/dadec/benchmark/results/raw_long_reads/30strains/full/runs_per_reference/reference/report.txt	2447	44650fa9e70e35bff08b665480daf3288895e22393d6f66de54a5cdf6e663d50	included	compact final report, aggregate, metric, status, or provenance
results/raw_long_reads/30strains/full/runs_per_reference/reference/transposed_report.tsv	/home/work/wenhai/dadec/benchmark/results/raw_long_reads/30strains/full/runs_per_reference/reference/transposed_report.tsv	1106	25021897c89434de2f97cf1aed58f8dbf38a66da977295670e00d7076c3a0b8b	included	compact final report, aggregate, metric, status, or provenance
results/raw_long_reads/30strains_legacy/full/combined_reference/report.tex	/home/work/wenhai/dadec/benchmark/results/raw_long_reads/30strains_legacy/full/combined_reference/report.tex	1975	8262e649a6fc435ff587db5cef1d4506713d10fe3b567ab123b940a8d75ebb39	included	compact final report, aggregate, metric, status, or provenance
results/raw_long_reads/30strains_legacy/full/combined_reference/report.tsv	/home/work/wenhai/dadec/benchmark/results/raw_long_reads/30strains_legacy/full/combined_reference/report.tsv	1032	0bd5fe0ee06940145a7694359028380c62ea62a3dd4a00a498cc1c16e5fa2877	included	compact final report, aggregate, metric, status, or provenance
results/raw_long_reads/30strains_legacy/full/combined_reference/report.txt	/home/work/wenhai/dadec/benchmark/results/raw_long_reads/30strains_legacy/full/combined_reference/report.txt	2137	5914c404bca2cb5549d4b6ad075b1d101e82df1773456e08aab7afd74c7ab5eb	included	compact final report, aggregate, metric, status, or provenance
results/raw_long_reads/30strains_legacy/full/combined_reference/transposed_report.tsv	/home/work/wenhai/dadec/benchmark/results/raw_long_reads/30strains_legacy/full/combined_reference/transposed_report.tsv	1032	bba6f24fe36d69518175437bf58b63e1843f039f51ab5389e375f8cd48a8be1b	included	compact final report, aggregate, metric, status, or provenance
results/raw_long_reads/30strains_legacy/full/not_aligned/report.tex	/home/work/wenhai/dadec/benchmark/results/raw_long_reads/30strains_legacy/full/not_aligned/report.tex	1103	75f65fa5303c3bcf61f622cf6cffbd7969158dec3354b1390486a33bafb43dcf	included	compact final report, aggregate, metric, status, or provenance
results/raw_long_reads/30strains_legacy/full/not_aligned/report.tsv	/home/work/wenhai/dadec/benchmark/results/raw_long_reads/30strains_legacy/full/not_aligned/report.tsv	455	dca539067bbd696a06b0eb9f6716bdd317e69ed17f6247e1099e8ed4a8c02f0b	included	compact final report, aggregate, metric, status, or provenance
results/raw_long_reads/30strains_legacy/full/not_aligned/report.txt	/home/work/wenhai/dadec/benchmark/results/raw_long_reads/30strains_legacy/full/not_aligned/report.txt	1019	d210600548879a483e4650a1d9c03689fa5dea1529428983cf2a2e42edd31996	included	compact final report, aggregate, metric, status, or provenance
results/raw_long_reads/30strains_legacy/full/not_aligned/transposed_report.tsv	/home/work/wenhai/dadec/benchmark/results/raw_long_reads/30strains_legacy/full/not_aligned/transposed_report.tsv	455	dd463f884b2906e0167a78e9c3df3f85249dcce81df038d57a94a6d4c51de0b4	included	compact final report, aggregate, metric, status, or provenance
results/raw_long_reads/30strains_legacy/full/runs_per_reference/reference/report.tex	/home/work/wenhai/dadec/benchmark/results/raw_long_reads/30strains_legacy/full/runs_per_reference/reference/report.tex	2151	2d691852ead82e2b6042ed865930ec304d4e61997059acd10e127a5c0b926c5b	included	compact final report, aggregate, metric, status, or provenance
results/raw_long_reads/30strains_legacy/full/runs_per_reference/reference/report.tsv	/home/work/wenhai/dadec/benchmark/results/raw_long_reads/30strains_legacy/full/runs_per_reference/reference/report.tsv	1108	8986daa27d3ca46b4a60e2ea3a9da726329961df5f21f846d4dea371dc9442a1	included	compact final report, aggregate, metric, status, or provenance
results/raw_long_reads/30strains_legacy/full/runs_per_reference/reference/report.txt	/home/work/wenhai/dadec/benchmark/results/raw_long_reads/30strains_legacy/full/runs_per_reference/reference/report.txt	2447	63013602ea54791723833f5ba7606ab9c37aef8028ffbb7c55417c6e3c8ce870	included	compact final report, aggregate, metric, status, or provenance
results/raw_long_reads/30strains_legacy/full/runs_per_reference/reference/transposed_report.tsv	/home/work/wenhai/dadec/benchmark/results/raw_long_reads/30strains_legacy/full/runs_per_reference/reference/transposed_report.tsv	1108	45906bc41ab84c6339a3ac6f64b7672ccba2ba9378a3a5a73b70f20b75814913	included	compact final report, aggregate, metric, status, or provenance
results/raw_long_reads/arabidopsis/full/report.tex	/home/work/wenhai/dadec/benchmark/results/raw_long_reads/arabidopsis/full/report.tex	2223	bd9f8b685d0c5eefc2d641e5ecda9ef49a68a18c7ea9d22a80e9bb5131cb5a70	included	compact final report, aggregate, metric, status, or provenance
results/raw_long_reads/arabidopsis/full/report.tsv	/home/work/wenhai/dadec/benchmark/results/raw_long_reads/arabidopsis/full/report.tsv	1147	34bc5f2eb3b16de2b420635fbac270213020a04055b4be4ec93a3637af3bb1d6	included	compact final report, aggregate, metric, status, or provenance
results/raw_long_reads/arabidopsis/full/report.txt	/home/work/wenhai/dadec/benchmark/results/raw_long_reads/arabidopsis/full/report.txt	2751	79c6a5f4b0189091b975f5f774d6750cd6557349136bb7adca3e62119025510b	included	compact final report, aggregate, metric, status, or provenance
results/raw_long_reads/arabidopsis/full/transposed_report.tsv	/home/work/wenhai/dadec/benchmark/results/raw_long_reads/arabidopsis/full/transposed_report.tsv	1147	5274ac4ed5c54d2cafeeafcf1ff7220f3bd6dc73e4d166432495bbe0ddb30464	included	compact final report, aggregate, metric, status, or provenance
results/raw_long_reads/arabidopsis/metaquast_raw/metaquast/combined_reference/report.tex	/home/work/wenhai/dadec/benchmark/results/raw_long_reads/arabidopsis/metaquast_raw/metaquast/combined_reference/report.tex	1998	b435e96731e120313c631abf5b1f00844d05d89715a0f61c7ffe7037ccb94c33	included	compact final report, aggregate, metric, status, or provenance
results/raw_long_reads/arabidopsis/metaquast_raw/metaquast/combined_reference/report.tsv	/home/work/wenhai/dadec/benchmark/results/raw_long_reads/arabidopsis/metaquast_raw/metaquast/combined_reference/report.tsv	1056	d6ebda85a38c7a4dc03adae225fb748b29ccefdfff4d33106986ab1328fb50f6	included	compact final report, aggregate, metric, status, or provenance
results/raw_long_reads/arabidopsis/metaquast_raw/metaquast/combined_reference/report.txt	/home/work/wenhai/dadec/benchmark/results/raw_long_reads/arabidopsis/metaquast_raw/metaquast/combined_reference/report.txt	2309	40c75cb456f85562675676172d8961c91ffb3bdc5ecb27f61bd8bc19a266c1ef	included	compact final report, aggregate, metric, status, or provenance
results/raw_long_reads/arabidopsis/metaquast_raw/metaquast/combined_reference/transposed_report.tsv	/home/work/wenhai/dadec/benchmark/results/raw_long_reads/arabidopsis/metaquast_raw/metaquast/combined_reference/transposed_report.tsv	1056	fc87de76e2e578132f821610c92359177a9ad85014494139eea1dc86786a2ec1	included	compact final report, aggregate, metric, status, or provenance
results/raw_long_reads/arabidopsis/quast_bam/quast/report.tex	/home/work/wenhai/dadec/benchmark/results/raw_long_reads/arabidopsis/quast_bam/quast/report.tex	2249	e15d8f8cb05674be02f349653e7c61ffe89533f33092ebfd838e5a68d68e0635	included	compact final report, aggregate, metric, status, or provenance
results/raw_long_reads/arabidopsis/quast_bam/quast/report.tsv	/home/work/wenhai/dadec/benchmark/results/raw_long_reads/arabidopsis/quast_bam/quast/report.tsv	1160	8ff560d98809826d5baeb99fbd15b5939b119d23b4e4782e952b17141ea3dfc7	included	compact final report, aggregate, metric, status, or provenance
results/raw_long_reads/arabidopsis/quast_bam/quast/report.txt	/home/work/wenhai/dadec/benchmark/results/raw_long_reads/arabidopsis/quast_bam/quast/report.txt	2799	e57015fee831a8beb8c6ccd76fd9247170a0b831a3badd2dc31d1d4c6b97e74d	included	compact final report, aggregate, metric, status, or provenance
results/raw_long_reads/arabidopsis/quast_bam/quast/transposed_report.tsv	/home/work/wenhai/dadec/benchmark/results/raw_long_reads/arabidopsis/quast_bam/quast/transposed_report.tsv	1160	4a82cbacbcac2247d27ac111b136c6dc0a96bb3abccde82946e75f886432d9bb	included	compact final report, aggregate, metric, status, or provenance
results/raw_long_reads/arabidopsis/quast_low_identity/quast_minid_80/report.tex	/home/work/wenhai/dadec/benchmark/results/raw_long_reads/arabidopsis/quast_low_identity/quast_minid_80/report.tex	2305	493190d1c00039916ccd78e5c1c36617568ae0dc902f2204faf22bb3465de571	included	compact final report, aggregate, metric, status, or provenance
results/raw_long_reads/arabidopsis/quast_low_identity/quast_minid_80/report.tsv	/home/work/wenhai/dadec/benchmark/results/raw_long_reads/arabidopsis/quast_low_identity/quast_minid_80/report.tsv	1217	0c8004324cf4a5120be9256322b266307e9333aaed8a6078f2e00a5782c5d8c2	included	compact final report, aggregate, metric, status, or provenance
results/raw_long_reads/arabidopsis/quast_low_identity/quast_minid_80/report.txt	/home/work/wenhai/dadec/benchmark/results/raw_long_reads/arabidopsis/quast_low_identity/quast_minid_80/report.txt	2854	ada37388d889e787f376e7bee2fb2b95f6a87075c57003defd7c0ad6f80cb1de	included	compact final report, aggregate, metric, status, or provenance
results/raw_long_reads/arabidopsis/quast_low_identity/quast_minid_80/transposed_report.tsv	/home/work/wenhai/dadec/benchmark/results/raw_long_reads/arabidopsis/quast_low_identity/quast_minid_80/transposed_report.tsv	1217	94d0d7b0a5d7f756587fec03b68a48c20762fe4a94be35e5491ae2d9272160b9	included	compact final report, aggregate, metric, status, or provenance
results/raw_long_reads/arabidopsis/quast_pac/quast/report.tex	/home/work/wenhai/dadec/benchmark/results/raw_long_reads/arabidopsis/quast_pac/quast/report.tex	2657	9dc8acda5162b7f38809c16698d9316679c7db0f6a2ed837cae3fb1cd1b34cf9	included	compact final report, aggregate, metric, status, or provenance
results/raw_long_reads/arabidopsis/quast_pac/quast/report.tsv	/home/work/wenhai/dadec/benchmark/results/raw_long_reads/arabidopsis/quast_pac/quast/report.tsv	1419	44badeb93c933fbdcd9e1a196016afccd26ffe61583ba3a68b26c87e3da25344	included	compact final report, aggregate, metric, status, or provenance
results/raw_long_reads/arabidopsis/quast_pac/quast/report.txt	/home/work/wenhai/dadec/benchmark/results/raw_long_reads/arabidopsis/quast_pac/quast/report.txt	3459	96fb06b8755ee43f7439e98fa5a9d2561574e126a27d45a9c2a399660ead62ed	included	compact final report, aggregate, metric, status, or provenance
results/raw_long_reads/arabidopsis/quast_pac/quast/transposed_report.tsv	/home/work/wenhai/dadec/benchmark/results/raw_long_reads/arabidopsis/quast_pac/quast/transposed_report.tsv	1419	4a6ec27af6a657e83abd8a1ef694618168bac9d92ac2d10062bdd04c02414c9b	included	compact final report, aggregate, metric, status, or provenance
results/raw_long_reads/arabidopsis/revalidated_no_fast/quast/report.tex	/home/work/wenhai/dadec/benchmark/results/raw_long_reads/arabidopsis/revalidated_no_fast/quast/report.tex	2249	e15d8f8cb05674be02f349653e7c61ffe89533f33092ebfd838e5a68d68e0635	included	compact final report, aggregate, metric, status, or provenance
results/raw_long_reads/arabidopsis/revalidated_no_fast/quast/report.tsv	/home/work/wenhai/dadec/benchmark/results/raw_long_reads/arabidopsis/revalidated_no_fast/quast/report.tsv	1160	8ff560d98809826d5baeb99fbd15b5939b119d23b4e4782e952b17141ea3dfc7	included	compact final report, aggregate, metric, status, or provenance
results/raw_long_reads/arabidopsis/revalidated_no_fast/quast/report.txt	/home/work/wenhai/dadec/benchmark/results/raw_long_reads/arabidopsis/revalidated_no_fast/quast/report.txt	2799	e57015fee831a8beb8c6ccd76fd9247170a0b831a3badd2dc31d1d4c6b97e74d	included	compact final report, aggregate, metric, status, or provenance
results/raw_long_reads/arabidopsis/revalidated_no_fast/quast/transposed_report.tsv	/home/work/wenhai/dadec/benchmark/results/raw_long_reads/arabidopsis/revalidated_no_fast/quast/transposed_report.tsv	1160	4a82cbacbcac2247d27ac111b136c6dc0a96bb3abccde82946e75f886432d9bb	included	compact final report, aggregate, metric, status, or provenance
results/raw_long_reads/arabidopsis_sim/full/report.tex	/home/work/wenhai/dadec/benchmark/results/raw_long_reads/arabidopsis_sim/full/report.tex	2254	aaabe601722739ebdb6ec9b7337621f3233a1f3dd49938530cd47e13beee2c58	included	compact final report, aggregate, metric, status, or provenance
results/raw_long_reads/arabidopsis_sim/full/report.tsv	/home/work/wenhai/dadec/benchmark/results/raw_long_reads/arabidopsis_sim/full/report.tsv	1178	526c9d607a9c21f7167cf29a17ad6e23f02a1551e7d514eac20a07867fbefd1d	included	compact final report, aggregate, metric, status, or provenance
results/raw_long_reads/arabidopsis_sim/full/report.txt	/home/work/wenhai/dadec/benchmark/results/raw_long_reads/arabidopsis_sim/full/report.txt	2697	8ba00c40ef3ac02b0f549b010d23151385eb91785b9aa7fcd97b965f2aa7ba46	included	compact final report, aggregate, metric, status, or provenance
results/raw_long_reads/arabidopsis_sim/full/transposed_report.tsv	/home/work/wenhai/dadec/benchmark/results/raw_long_reads/arabidopsis_sim/full/transposed_report.tsv	1178	2f536244534768e549b41e90adfdbfc6e0f9a38ab7720b15999de6833f0615f7	included	compact final report, aggregate, metric, status, or provenance
results/raw_long_reads/drosophila/full/report.tex	/home/work/wenhai/dadec/benchmark/results/raw_long_reads/drosophila/full/report.tex	2243	753e0249e067239ea72b448f255f50b52888c0989a94f4fcb200e45ee5423aa4	included	compact final report, aggregate, metric, status, or provenance
results/raw_long_reads/drosophila/full/report.tsv	/home/work/wenhai/dadec/benchmark/results/raw_long_reads/drosophila/full/report.tsv	1167	131815e0d1dd1c5adb5266a4ec5a21e4d368d1881fce535836e308a1081a4861	included	compact final report, aggregate, metric, status, or provenance
results/raw_long_reads/drosophila/full/report.txt	/home/work/wenhai/dadec/benchmark/results/raw_long_reads/drosophila/full/report.txt	2805	c244e5d01c4d554a21dd1072bcbefb1fe8c4782bc06bddfa81abd4f652f5d50d	included	compact final report, aggregate, metric, status, or provenance
results/raw_long_reads/drosophila/full/transposed_report.tsv	/home/work/wenhai/dadec/benchmark/results/raw_long_reads/drosophila/full/transposed_report.tsv	1167	b202bdde40715c5581dd03bef6850ef385e428e4c62641215e68df9720bd10fa	included	compact final report, aggregate, metric, status, or provenance
results/raw_long_reads/drosophila/quast_low_identity/quast_minid_80/report.tex	/home/work/wenhai/dadec/benchmark/results/raw_long_reads/drosophila/quast_low_identity/quast_minid_80/report.tex	2312	e8e1dee6bdce504d15f21f5c7c0eb872b363de576aefba1ee4548d15bdfb9fff	included	compact final report, aggregate, metric, status, or provenance
results/raw_long_reads/drosophila/quast_low_identity/quast_minid_80/report.tsv	/home/work/wenhai/dadec/benchmark/results/raw_long_reads/drosophila/quast_low_identity/quast_minid_80/report.tsv	1224	d079a2286c706aad4bb2cf6d914f5ec03ad6ab8a239e950ab094bd92e4487d62	included	compact final report, aggregate, metric, status, or provenance
results/raw_long_reads/drosophila/quast_low_identity/quast_minid_80/report.txt	/home/work/wenhai/dadec/benchmark/results/raw_long_reads/drosophila/quast_low_identity/quast_minid_80/report.txt	2909	55c34105a12a4786f9e027c82e1dbdef41c40fd891a4c35af9d1f06f31995100	included	compact final report, aggregate, metric, status, or provenance
results/raw_long_reads/drosophila/quast_low_identity/quast_minid_80/transposed_report.tsv	/home/work/wenhai/dadec/benchmark/results/raw_long_reads/drosophila/quast_low_identity/quast_minid_80/transposed_report.tsv	1224	afb959591875a4d935f4c48b0a3f699a77dbcfe758cdfe9823a33a5df3e0a263	included	compact final report, aggregate, metric, status, or provenance
results/raw_long_reads/ecoli3/full/combined_reference/report.tex	/home/work/wenhai/dadec/benchmark/results/raw_long_reads/ecoli3/full/combined_reference/report.tex	1967	0232af83cdf20ceb6401efea3964aef68ed3a108044a5947134d01662bf834f8	included	compact final report, aggregate, metric, status, or provenance
results/raw_long_reads/ecoli3/full/combined_reference/report.tsv	/home/work/wenhai/dadec/benchmark/results/raw_long_reads/ecoli3/full/combined_reference/report.tsv	1024	fb0daf3e723ca61de6e70f27c2e96f3d6c8c52b5050d4b1e80d17797ac8f7fbe	included	compact final report, aggregate, metric, status, or provenance
results/raw_long_reads/ecoli3/full/combined_reference/report.txt	/home/work/wenhai/dadec/benchmark/results/raw_long_reads/ecoli3/full/combined_reference/report.txt	2094	37faff9782c7b6d794d05244880302670dea073882fe2318feb8b278053b70f5	included	compact final report, aggregate, metric, status, or provenance
results/raw_long_reads/ecoli3/full/combined_reference/transposed_report.tsv	/home/work/wenhai/dadec/benchmark/results/raw_long_reads/ecoli3/full/combined_reference/transposed_report.tsv	1024	519d5411b6ffeda483b5d7dd5e36859a4a38566de32235b37ee2df44e41c9f75	included	compact final report, aggregate, metric, status, or provenance
results/raw_long_reads/ecoli3/full/not_aligned/report.tex	/home/work/wenhai/dadec/benchmark/results/raw_long_reads/ecoli3/full/not_aligned/report.tex	1111	2dcd3d7e197370d5a8defaea5caca1981d8bc39a3da30cd97154a5ddb6563a3e	included	compact final report, aggregate, metric, status, or provenance
results/raw_long_reads/ecoli3/full/not_aligned/report.tsv	/home/work/wenhai/dadec/benchmark/results/raw_long_reads/ecoli3/full/not_aligned/report.tsv	463	4285dc30201742b6a14616d1eef23aa4604a95806864deb4cbf8e7e0f6d4b852	included	compact final report, aggregate, metric, status, or provenance
results/raw_long_reads/ecoli3/full/not_aligned/report.txt	/home/work/wenhai/dadec/benchmark/results/raw_long_reads/ecoli3/full/not_aligned/report.txt	1019	c789556cf7116124d16bd4cc9862bff33b6f904f39a2d37beb3784d82a2089d1	included	compact final report, aggregate, metric, status, or provenance
results/raw_long_reads/ecoli3/full/not_aligned/transposed_report.tsv	/home/work/wenhai/dadec/benchmark/results/raw_long_reads/ecoli3/full/not_aligned/transposed_report.tsv	463	d0ddf8d6ebf154e9e6e8c7447ce79008d25dc88f262ff0604b7d6acf4591de3e	included	compact final report, aggregate, metric, status, or provenance
results/raw_long_reads/ecoli3/full/runs_per_reference/reference/report.tex	/home/work/wenhai/dadec/benchmark/results/raw_long_reads/ecoli3/full/runs_per_reference/reference/report.tex	2143	2eebaf076f17b72f79f3e886c14483c247bba49c019ec43976c0f4f5423c56db	included	compact final report, aggregate, metric, status, or provenance
results/raw_long_reads/ecoli3/full/runs_per_reference/reference/report.tsv	/home/work/wenhai/dadec/benchmark/results/raw_long_reads/ecoli3/full/runs_per_reference/reference/report.tsv	1100	9718484b6cdf6ef777ec3d7f4ae00cb91ee0588ce12adb6691c02cd034ad0840	included	compact final report, aggregate, metric, status, or provenance
results/raw_long_reads/ecoli3/full/runs_per_reference/reference/report.txt	/home/work/wenhai/dadec/benchmark/results/raw_long_reads/ecoli3/full/runs_per_reference/reference/report.txt	2447	ab0b542e1eeca3b70704dff008aa7dc7a61f90dcce6ed20c4b5384fe49b02c36	included	compact final report, aggregate, metric, status, or provenance
results/raw_long_reads/ecoli3/full/runs_per_reference/reference/transposed_report.tsv	/home/work/wenhai/dadec/benchmark/results/raw_long_reads/ecoli3/full/runs_per_reference/reference/transposed_report.tsv	1100	c2a752e500fcd5be84fdd7a3bc0abde62e16c7d959d33230942be704557ecebf	included	compact final report, aggregate, metric, status, or provenance
results/raw_long_reads/ecoli3_error_readcount/full/combined_reference/report.tex	/home/work/wenhai/dadec/benchmark/results/raw_long_reads/ecoli3_error_readcount/full/combined_reference/report.tex	1979	e488242998311a8a70bf20ceaa18872d290b72408e2f90414f7d911b731e5e32	included	compact final report, aggregate, metric, status, or provenance
results/raw_long_reads/ecoli3_error_readcount/full/combined_reference/report.tsv	/home/work/wenhai/dadec/benchmark/results/raw_long_reads/ecoli3_error_readcount/full/combined_reference/report.tsv	1036	9537d4052d2d598ee8e0137e2ce26e6d7fd014acdfa30575399243b972ac7adb	included	compact final report, aggregate, metric, status, or provenance
results/raw_long_reads/ecoli3_error_readcount/full/combined_reference/report.txt	/home/work/wenhai/dadec/benchmark/results/raw_long_reads/ecoli3_error_readcount/full/combined_reference/report.txt	2051	bd88bc5d9bc11842980871a983622d68d015c514736b47d5b54394166816384f	included	compact final report, aggregate, metric, status, or provenance
results/raw_long_reads/ecoli3_error_readcount/full/combined_reference/transposed_report.tsv	/home/work/wenhai/dadec/benchmark/results/raw_long_reads/ecoli3_error_readcount/full/combined_reference/transposed_report.tsv	1036	c1571570e27dd20127b0940e62974dc0cbcdc20ee8e4c3d6e4f59bdfcaad1898	included	compact final report, aggregate, metric, status, or provenance
results/raw_long_reads/ecoli3_error_readcount/full/not_aligned/report.tex	/home/work/wenhai/dadec/benchmark/results/raw_long_reads/ecoli3_error_readcount/full/not_aligned/report.tex	1102	65dcaf9fa0577dc0f019c19107a9680b52ebee2efde0c3c5e9fe0a6ed79d8163	included	compact final report, aggregate, metric, status, or provenance
results/raw_long_reads/ecoli3_error_readcount/full/not_aligned/report.tsv	/home/work/wenhai/dadec/benchmark/results/raw_long_reads/ecoli3_error_readcount/full/not_aligned/report.tsv	454	9ac5115d837886f1ccb5ab364c83302117d3818bcc1db7042e91c19fbb32601a	included	compact final report, aggregate, metric, status, or provenance
results/raw_long_reads/ecoli3_error_readcount/full/not_aligned/report.txt	/home/work/wenhai/dadec/benchmark/results/raw_long_reads/ecoli3_error_readcount/full/not_aligned/report.txt	1019	d85c9cadca927234084fa86616ef7666842c4f60af00ee33dde1806294be155a	included	compact final report, aggregate, metric, status, or provenance
results/raw_long_reads/ecoli3_error_readcount/full/not_aligned/transposed_report.tsv	/home/work/wenhai/dadec/benchmark/results/raw_long_reads/ecoli3_error_readcount/full/not_aligned/transposed_report.tsv	454	be762119f2deed5bbdec80350c0f8e0e975d7209bcfd45e2c79206d3405f04e0	included	compact final report, aggregate, metric, status, or provenance
results/raw_long_reads/ecoli3_error_readcount/full/runs_per_reference/reference/report.tex	/home/work/wenhai/dadec/benchmark/results/raw_long_reads/ecoli3_error_readcount/full/runs_per_reference/reference/report.tex	2153	c308fd7f18a73f397b721e5fca974a63711eac2ad9a536e4398b34dc1de77d72	included	compact final report, aggregate, metric, status, or provenance
results/raw_long_reads/ecoli3_error_readcount/full/runs_per_reference/reference/report.tsv	/home/work/wenhai/dadec/benchmark/results/raw_long_reads/ecoli3_error_readcount/full/runs_per_reference/reference/report.tsv	1110	4fd0101be600e6772d530c218584b6e7ff7c83fa513d70d94f8808fc7496c1be	included	compact final report, aggregate, metric, status, or provenance
results/raw_long_reads/ecoli3_error_readcount/full/runs_per_reference/reference/report.txt	/home/work/wenhai/dadec/benchmark/results/raw_long_reads/ecoli3_error_readcount/full/runs_per_reference/reference/report.txt	2447	9114719954d3572f0dc406c1c88a83115454e10e7929c1b71eac2b7cc48eeba3	included	compact final report, aggregate, metric, status, or provenance
results/raw_long_reads/ecoli3_error_readcount/full/runs_per_reference/reference/transposed_report.tsv	/home/work/wenhai/dadec/benchmark/results/raw_long_reads/ecoli3_error_readcount/full/runs_per_reference/reference/transposed_report.tsv	1110	9ef7caf69664bd60d06266391df180645b73039ae98e9845a9919159f42088a9	included	compact final report, aggregate, metric, status, or provenance
results/raw_long_reads/ecoli_error/full/report.tex	/home/work/wenhai/dadec/benchmark/results/raw_long_reads/ecoli_error/full/report.tex	2205	3af6b3e4bfff4c3bc4e368838b478c83475704c9fe85b30951af4a13f2ff863d	included	compact final report, aggregate, metric, status, or provenance
results/raw_long_reads/ecoli_error/full/report.tsv	/home/work/wenhai/dadec/benchmark/results/raw_long_reads/ecoli_error/full/report.tsv	1129	0221dabca40f57067c1074063b73a4a072fddad8b1d0866746f3f13c26d5b60e	included	compact final report, aggregate, metric, status, or provenance
results/raw_long_reads/ecoli_error/full/report.txt	/home/work/wenhai/dadec/benchmark/results/raw_long_reads/ecoli_error/full/report.txt	2535	ac81c5b5ee46da9680b3c241fa7eb35257491eecf86a9cf0505e94bd6e6038cb	included	compact final report, aggregate, metric, status, or provenance
results/raw_long_reads/ecoli_error/full/transposed_report.tsv	/home/work/wenhai/dadec/benchmark/results/raw_long_reads/ecoli_error/full/transposed_report.tsv	1129	9e9af11a781f7499a45e4220e7d848b36e88bb834d20395dd326ba16768065b7	included	compact final report, aggregate, metric, status, or provenance
results/raw_long_reads/ecoli_error_tech/full/report.tex	/home/work/wenhai/dadec/benchmark/results/raw_long_reads/ecoli_error_tech/full/report.tex	2205	3af6b3e4bfff4c3bc4e368838b478c83475704c9fe85b30951af4a13f2ff863d	included	compact final report, aggregate, metric, status, or provenance
results/raw_long_reads/ecoli_error_tech/full/report.tsv	/home/work/wenhai/dadec/benchmark/results/raw_long_reads/ecoli_error_tech/full/report.tsv	1129	0221dabca40f57067c1074063b73a4a072fddad8b1d0866746f3f13c26d5b60e	included	compact final report, aggregate, metric, status, or provenance
results/raw_long_reads/ecoli_error_tech/full/report.txt	/home/work/wenhai/dadec/benchmark/results/raw_long_reads/ecoli_error_tech/full/report.txt	2535	ac81c5b5ee46da9680b3c241fa7eb35257491eecf86a9cf0505e94bd6e6038cb	included	compact final report, aggregate, metric, status, or provenance
results/raw_long_reads/ecoli_error_tech/full/transposed_report.tsv	/home/work/wenhai/dadec/benchmark/results/raw_long_reads/ecoli_error_tech/full/transposed_report.tsv	1129	9e9af11a781f7499a45e4220e7d848b36e88bb834d20395dd326ba16768065b7	included	compact final report, aggregate, metric, status, or provenance
results/raw_long_reads/mhc_ont/full/combined_reference/report.tex	/home/work/wenhai/dadec/benchmark/results/raw_long_reads/mhc_ont/full/combined_reference/report.tex	1969	b72e9379d06dd70259407f4d352b5f6dcc035532f9256d81168b3939731c3412	included	compact final report, aggregate, metric, status, or provenance
results/raw_long_reads/mhc_ont/full/combined_reference/report.tsv	/home/work/wenhai/dadec/benchmark/results/raw_long_reads/mhc_ont/full/combined_reference/report.tsv	1026	73bbb9c5233b5d54aa08f36b7a4453f631cfc416078c1f596ad9c77b8fb32bfd	included	compact final report, aggregate, metric, status, or provenance
results/raw_long_reads/mhc_ont/full/combined_reference/report.txt	/home/work/wenhai/dadec/benchmark/results/raw_long_reads/mhc_ont/full/combined_reference/report.txt	2051	7fddd3ec2eb5d3834882d2bdf14ff25db16dd9a5fd2c961d4cb3038369d50738	included	compact final report, aggregate, metric, status, or provenance
results/raw_long_reads/mhc_ont/full/combined_reference/transposed_report.tsv	/home/work/wenhai/dadec/benchmark/results/raw_long_reads/mhc_ont/full/combined_reference/transposed_report.tsv	1026	743ba5978e99d978090703b11f5a838b1762064fa1ab6a9c3eb8d9215b0d5b26	included	compact final report, aggregate, metric, status, or provenance
results/raw_long_reads/mhc_ont/full/not_aligned/report.tex	/home/work/wenhai/dadec/benchmark/results/raw_long_reads/mhc_ont/full/not_aligned/report.tex	1093	11363965735a8d5a0bceb8d88a5de918856974476b7ad6064fb9c62ffe22f4a4	included	compact final report, aggregate, metric, status, or provenance
results/raw_long_reads/mhc_ont/full/not_aligned/report.tsv	/home/work/wenhai/dadec/benchmark/results/raw_long_reads/mhc_ont/full/not_aligned/report.tsv	445	8ad7df9f6492ad4afcc0f0d1883003aef378ae1602a513d6dcb388dd9a83a413	included	compact final report, aggregate, metric, status, or provenance
results/raw_long_reads/mhc_ont/full/not_aligned/report.txt	/home/work/wenhai/dadec/benchmark/results/raw_long_reads/mhc_ont/full/not_aligned/report.txt	1019	0a12fa3508865344d207fcfee43c83ebd91bd64237e105469678203ab6ecf8e2	included	compact final report, aggregate, metric, status, or provenance
results/raw_long_reads/mhc_ont/full/not_aligned/transposed_report.tsv	/home/work/wenhai/dadec/benchmark/results/raw_long_reads/mhc_ont/full/not_aligned/transposed_report.tsv	445	fee9510ea079fa7c9bbc600edf152a2c03a52689cb89b39e3871062d56c5afcd	included	compact final report, aggregate, metric, status, or provenance
results/raw_long_reads/mhc_ont/full/runs_per_reference/reference/report.tex	/home/work/wenhai/dadec/benchmark/results/raw_long_reads/mhc_ont/full/runs_per_reference/reference/report.tex	2136	102fffc40e6c5096278c8b498197e09ca0bed06ce35fa57b9a5d7cad1c21ae88	included	compact final report, aggregate, metric, status, or provenance
results/raw_long_reads/mhc_ont/full/runs_per_reference/reference/report.tsv	/home/work/wenhai/dadec/benchmark/results/raw_long_reads/mhc_ont/full/runs_per_reference/reference/report.tsv	1093	ed6fd5f43dad6a2e166b53f41fe810fa9a562f9ac9b861a03f0bd286055b44ee	included	compact final report, aggregate, metric, status, or provenance
results/raw_long_reads/mhc_ont/full/runs_per_reference/reference/report.txt	/home/work/wenhai/dadec/benchmark/results/raw_long_reads/mhc_ont/full/runs_per_reference/reference/report.txt	2447	eda4542318020e47d430e6cebb7e4007fcabd9dc65ad528ad3f413d3fcb65a22	included	compact final report, aggregate, metric, status, or provenance
results/raw_long_reads/mhc_ont/full/runs_per_reference/reference/transposed_report.tsv	/home/work/wenhai/dadec/benchmark/results/raw_long_reads/mhc_ont/full/runs_per_reference/reference/transposed_report.tsv	1093	ecbb80bf46a4d27ec2dfa34c74f04da4cb2233e2a8dcc9f489a7758e97e9798a	included	compact final report, aggregate, metric, status, or provenance
results/raw_long_reads/mhc_pac/full/combined_reference/report.tex	/home/work/wenhai/dadec/benchmark/results/raw_long_reads/mhc_pac/full/combined_reference/report.tex	1956	9674d37a98783094f2bbfe9eb9eb98f21e7bb52b7375aab7620b9f61ae5c3f7b	included	compact final report, aggregate, metric, status, or provenance
results/raw_long_reads/mhc_pac/full/combined_reference/report.tsv	/home/work/wenhai/dadec/benchmark/results/raw_long_reads/mhc_pac/full/combined_reference/report.tsv	1013	1ebd690a24649161fcd954d858f1498292be08435bb12159ac1e101d6220656a	included	compact final report, aggregate, metric, status, or provenance
results/raw_long_reads/mhc_pac/full/combined_reference/report.txt	/home/work/wenhai/dadec/benchmark/results/raw_long_reads/mhc_pac/full/combined_reference/report.txt	2051	a68f01517052f46c8f4ae0c089d75588b5cf6e838c5321981bff28899b6bcd62	included	compact final report, aggregate, metric, status, or provenance
results/raw_long_reads/mhc_pac/full/combined_reference/transposed_report.tsv	/home/work/wenhai/dadec/benchmark/results/raw_long_reads/mhc_pac/full/combined_reference/transposed_report.tsv	1013	7a4bbb68af138600275c12c90e5ffc49f1e03cf49b6134ed30ee7aa8b3a586c5	included	compact final report, aggregate, metric, status, or provenance
results/raw_long_reads/mhc_pac/full/not_aligned/report.tex	/home/work/wenhai/dadec/benchmark/results/raw_long_reads/mhc_pac/full/not_aligned/report.tex	1099	36ad5fc4d781f8a4d474d3468f866e59fcfd8d83170604848fc839f83ebcc29f	included	compact final report, aggregate, metric, status, or provenance
results/raw_long_reads/mhc_pac/full/not_aligned/report.tsv	/home/work/wenhai/dadec/benchmark/results/raw_long_reads/mhc_pac/full/not_aligned/report.tsv	451	fab3d5f2a56ca4f372771eb2ddf8380df3b9d0f099ad85f2dd7406b7edf4721a	included	compact final report, aggregate, metric, status, or provenance
results/raw_long_reads/mhc_pac/full/not_aligned/report.txt	/home/work/wenhai/dadec/benchmark/results/raw_long_reads/mhc_pac/full/not_aligned/report.txt	1019	3e4efc909f5edbc2ef4e1f74e4d826951f019f87ba7ec89a3875649a3713a500	included	compact final report, aggregate, metric, status, or provenance
results/raw_long_reads/mhc_pac/full/not_aligned/transposed_report.tsv	/home/work/wenhai/dadec/benchmark/results/raw_long_reads/mhc_pac/full/not_aligned/transposed_report.tsv	451	ca5994f2340e65eb9825ed5790e707563a0c162c266cb928a00e8fa08a8fd88d	included	compact final report, aggregate, metric, status, or provenance
results/raw_long_reads/mhc_pac/full/runs_per_reference/reference/report.tex	/home/work/wenhai/dadec/benchmark/results/raw_long_reads/mhc_pac/full/runs_per_reference/reference/report.tex	2130	39d30ce38e4154d9ee79f0cba9e577c578075f11694ec25b5dada14bbc64a987	included	compact final report, aggregate, metric, status, or provenance
results/raw_long_reads/mhc_pac/full/runs_per_reference/reference/report.tsv	/home/work/wenhai/dadec/benchmark/results/raw_long_reads/mhc_pac/full/runs_per_reference/reference/report.tsv	1087	9dbf80ac439757d60e6b7612b4cfb96c03429b7be3a20248b0c4f58c9fb1c264	included	compact final report, aggregate, metric, status, or provenance
results/raw_long_reads/mhc_pac/full/runs_per_reference/reference/report.txt	/home/work/wenhai/dadec/benchmark/results/raw_long_reads/mhc_pac/full/runs_per_reference/reference/report.txt	2447	4efa2995d5c66819af0d782ea3739c38f56cb7895a9f1c05f9096ac35cdb5013	included	compact final report, aggregate, metric, status, or provenance
results/raw_long_reads/mhc_pac/full/runs_per_reference/reference/transposed_report.tsv	/home/work/wenhai/dadec/benchmark/results/raw_long_reads/mhc_pac/full/runs_per_reference/reference/transposed_report.tsv	1087	f1b28b55d41ba28e4ba02cb90b18ef1fcd8a8ed9c9c6732b3cadfacb05c55855	included	compact final report, aggregate, metric, status, or provenance
results/raw_long_reads/summary.tsv	/home/work/wenhai/dadec/benchmark/results/raw_long_reads/summary.tsv	6875	ce2d467bd6005a246e9e4ecdf25680db8bb11cc3da205fd54946012fe26033a3	included	compact final report, aggregate, metric, status, or provenance
results/raw_long_reads/zymo/10pct/combined_reference/report.tex	/home/work/wenhai/dadec/benchmark/results/raw_long_reads/zymo/10pct/combined_reference/report.tex	1996	c71dd4d32e18b4cf6aef64a3de7fdd918f19679affe8acd7c524cd7989f9ace7	included	compact final report, aggregate, metric, status, or provenance
results/raw_long_reads/zymo/10pct/combined_reference/report.tsv	/home/work/wenhai/dadec/benchmark/results/raw_long_reads/zymo/10pct/combined_reference/report.tsv	1053	a303a4c4680b962eed21fb2d7fbe0401810542ba0b123d836849ded9b6be11d1	included	compact final report, aggregate, metric, status, or provenance
results/raw_long_reads/zymo/10pct/combined_reference/report.txt	/home/work/wenhai/dadec/benchmark/results/raw_long_reads/zymo/10pct/combined_reference/report.txt	2223	0afe0390040754ebfa91579da6003e531a135ecc7dea6ed7f4136964edffb233	included	compact final report, aggregate, metric, status, or provenance
results/raw_long_reads/zymo/10pct/combined_reference/transposed_report.tsv	/home/work/wenhai/dadec/benchmark/results/raw_long_reads/zymo/10pct/combined_reference/transposed_report.tsv	1053	bb6cf68770ddd17e5f8c8aab96e5b2887ef47849277668872655117e645604c2	included	compact final report, aggregate, metric, status, or provenance
results/raw_long_reads/zymo/10pct/not_aligned/report.tex	/home/work/wenhai/dadec/benchmark/results/raw_long_reads/zymo/10pct/not_aligned/report.tex	1122	6f22828397bc80f7b8097e25cf84df9857fbad6c984a347677aba7e73a87dfdf	included	compact final report, aggregate, metric, status, or provenance
results/raw_long_reads/zymo/10pct/not_aligned/report.tsv	/home/work/wenhai/dadec/benchmark/results/raw_long_reads/zymo/10pct/not_aligned/report.tsv	474	e576899046c51db7a043640f51bb34c5b2de1fe6a262341dcf992016bf59e47e	included	compact final report, aggregate, metric, status, or provenance
results/raw_long_reads/zymo/10pct/not_aligned/report.txt	/home/work/wenhai/dadec/benchmark/results/raw_long_reads/zymo/10pct/not_aligned/report.txt	1019	2f614abcae28701c8d6814bd59eb99fb74539d2dfdb17a94886e7b15ea6c2df9	included	compact final report, aggregate, metric, status, or provenance
results/raw_long_reads/zymo/10pct/not_aligned/transposed_report.tsv	/home/work/wenhai/dadec/benchmark/results/raw_long_reads/zymo/10pct/not_aligned/transposed_report.tsv	474	3dc1919d52b433ad146bb4e340b3389bc48951ce17395cee46ace6c3fa155428	included	compact final report, aggregate, metric, status, or provenance
results/raw_long_reads/zymo/10pct/runs_per_reference/reference/report.tex	/home/work/wenhai/dadec/benchmark/results/raw_long_reads/zymo/10pct/runs_per_reference/reference/report.tex	2176	877e885ffa2bc3312a24a5183959966b226fddf0c9de9aab030bf21e6a80594b	included	compact final report, aggregate, metric, status, or provenance
results/raw_long_reads/zymo/10pct/runs_per_reference/reference/report.tsv	/home/work/wenhai/dadec/benchmark/results/raw_long_reads/zymo/10pct/runs_per_reference/reference/report.tsv	1133	a5d7f98b4dfce5edb16965e06d102d79e791a88871bae487c7fbd8ac304c0916	included	compact final report, aggregate, metric, status, or provenance
results/raw_long_reads/zymo/10pct/runs_per_reference/reference/report.txt	/home/work/wenhai/dadec/benchmark/results/raw_long_reads/zymo/10pct/runs_per_reference/reference/report.txt	2603	19044e4bd9da3e089783549544e2bc947910a98a509e864b9547d74cc11cd4f4	included	compact final report, aggregate, metric, status, or provenance
results/raw_long_reads/zymo/10pct/runs_per_reference/reference/transposed_report.tsv	/home/work/wenhai/dadec/benchmark/results/raw_long_reads/zymo/10pct/runs_per_reference/reference/transposed_report.tsv	1133	632443d290bb16a770afcfe0b5cf8fd425e273d8f9de5753b7d94cb2b2b58920	included	compact final report, aggregate, metric, status, or provenance
results/raw_long_reads/zymo/20pct/combined_reference/report.tex	/home/work/wenhai/dadec/benchmark/results/raw_long_reads/zymo/20pct/combined_reference/report.tex	2003	29257663ac16abb8b32cb74cc5aa69f2da3ed8ba974b481d80632ed3b502e2c6	included	compact final report, aggregate, metric, status, or provenance
results/raw_long_reads/zymo/20pct/combined_reference/report.tsv	/home/work/wenhai/dadec/benchmark/results/raw_long_reads/zymo/20pct/combined_reference/report.tsv	1060	bbaddddb08e19cdabe27cdf0ef78a71354451d075e3ff12a2331ef1dac48a991	included	compact final report, aggregate, metric, status, or provenance
results/raw_long_reads/zymo/20pct/combined_reference/report.txt	/home/work/wenhai/dadec/benchmark/results/raw_long_reads/zymo/20pct/combined_reference/report.txt	2266	13e6ba4d99e1820770cd955fb3870a6156a58a8ac897ec51ac52d4ffb942ea2f	included	compact final report, aggregate, metric, status, or provenance
results/raw_long_reads/zymo/20pct/combined_reference/transposed_report.tsv	/home/work/wenhai/dadec/benchmark/results/raw_long_reads/zymo/20pct/combined_reference/transposed_report.tsv	1060	9a1890d53e7875c351bbabdbe22811ede05316e2fa59fe453a2864e15bb962aa	included	compact final report, aggregate, metric, status, or provenance
results/raw_long_reads/zymo/20pct/not_aligned/report.tex	/home/work/wenhai/dadec/benchmark/results/raw_long_reads/zymo/20pct/not_aligned/report.tex	1126	94994a4b699f8bdb8ddbb8a1be79f82bdc9c2c8fac6424595d5c2196a21c86f6	included	compact final report, aggregate, metric, status, or provenance
results/raw_long_reads/zymo/20pct/not_aligned/report.tsv	/home/work/wenhai/dadec/benchmark/results/raw_long_reads/zymo/20pct/not_aligned/report.tsv	478	7611035c50e030de3d5ebd8cf15234af877e27f9c80eb887a59c77aeb42f5a63	included	compact final report, aggregate, metric, status, or provenance
results/raw_long_reads/zymo/20pct/not_aligned/report.txt	/home/work/wenhai/dadec/benchmark/results/raw_long_reads/zymo/20pct/not_aligned/report.txt	1019	09b1020a121ace5177ce834247febd66d47504ae32b5865d5f08368cde3b1890	included	compact final report, aggregate, metric, status, or provenance
results/raw_long_reads/zymo/20pct/not_aligned/transposed_report.tsv	/home/work/wenhai/dadec/benchmark/results/raw_long_reads/zymo/20pct/not_aligned/transposed_report.tsv	478	2728a4cb045e17d835a5e8af2eba99ff20fe7f2f1136957d4a9b30998950be0e	included	compact final report, aggregate, metric, status, or provenance
results/raw_long_reads/zymo/20pct/runs_per_reference/reference/report.tex	/home/work/wenhai/dadec/benchmark/results/raw_long_reads/zymo/20pct/runs_per_reference/reference/report.tex	2185	ef4e431b73718959a5dbe9d57dbf5d6bc8c49d1ab1749fe2ce549d046172d426	included	compact final report, aggregate, metric, status, or provenance
results/raw_long_reads/zymo/20pct/runs_per_reference/reference/report.tsv	/home/work/wenhai/dadec/benchmark/results/raw_long_reads/zymo/20pct/runs_per_reference/reference/report.tsv	1142	10db57a2d7725845b300671338d9922b682ce8ab050950a734ddbe286a5a7877	included	compact final report, aggregate, metric, status, or provenance
results/raw_long_reads/zymo/20pct/runs_per_reference/reference/report.txt	/home/work/wenhai/dadec/benchmark/results/raw_long_reads/zymo/20pct/runs_per_reference/reference/report.txt	2603	cd5ea8e890ceae674ab3a8e182c232153d3defe791e344f2792a82f5bb2b1cf6	included	compact final report, aggregate, metric, status, or provenance
results/raw_long_reads/zymo/20pct/runs_per_reference/reference/transposed_report.tsv	/home/work/wenhai/dadec/benchmark/results/raw_long_reads/zymo/20pct/runs_per_reference/reference/transposed_report.tsv	1142	205ec6f77b02a3748fbfd28bde3ea04f92643baf4f8555b97d7f83b12cc41d17	included	compact final report, aggregate, metric, status, or provenance
results/raw_long_reads/zymo/30pct/combined_reference/report.tex	/home/work/wenhai/dadec/benchmark/results/raw_long_reads/zymo/30pct/combined_reference/report.tex	2006	fe54c55d02210d662115f089fa66c790e3a4ab0cbe3b534d9e3ddd359e1ca3ad	included	compact final report, aggregate, metric, status, or provenance
results/raw_long_reads/zymo/30pct/combined_reference/report.tsv	/home/work/wenhai/dadec/benchmark/results/raw_long_reads/zymo/30pct/combined_reference/report.tsv	1063	f5433bdadd81d88b1a3616598439a4f4876521615c5f327efd020becdb59becd	included	compact final report, aggregate, metric, status, or provenance
results/raw_long_reads/zymo/30pct/combined_reference/report.txt	/home/work/wenhai/dadec/benchmark/results/raw_long_reads/zymo/30pct/combined_reference/report.txt	2266	894a8562597f7df688fbcb39e78e8e509b9e0836d19122a3e0313f5454b10e9b	included	compact final report, aggregate, metric, status, or provenance
results/raw_long_reads/zymo/30pct/combined_reference/transposed_report.tsv	/home/work/wenhai/dadec/benchmark/results/raw_long_reads/zymo/30pct/combined_reference/transposed_report.tsv	1063	d0702374c00a16d03deea188ebf4e3bffc0c965939050106ef7c2e9df6a7bce5	included	compact final report, aggregate, metric, status, or provenance
results/raw_long_reads/zymo/30pct/not_aligned/report.tex	/home/work/wenhai/dadec/benchmark/results/raw_long_reads/zymo/30pct/not_aligned/report.tex	1127	231c20993152e0dbf16bcada9c166e8fe7cc42e3b4bce8937502c3da873c683b	included	compact final report, aggregate, metric, status, or provenance
results/raw_long_reads/zymo/30pct/not_aligned/report.tsv	/home/work/wenhai/dadec/benchmark/results/raw_long_reads/zymo/30pct/not_aligned/report.tsv	479	34ade9c5f2e4a5b3d56b0f3ff3829139b1843242ab4db1a7c46caa0814aaec7e	included	compact final report, aggregate, metric, status, or provenance
results/raw_long_reads/zymo/30pct/not_aligned/report.txt	/home/work/wenhai/dadec/benchmark/results/raw_long_reads/zymo/30pct/not_aligned/report.txt	1019	b6df9d50f8f88e6e082d939605abed090f2a429fb28f70469ed1d2d1c60c74d2	included	compact final report, aggregate, metric, status, or provenance
results/raw_long_reads/zymo/30pct/not_aligned/transposed_report.tsv	/home/work/wenhai/dadec/benchmark/results/raw_long_reads/zymo/30pct/not_aligned/transposed_report.tsv	479	cf135ce340897239941e9412f24ae99c0787800aa4828e5ded41d766ef78e098	included	compact final report, aggregate, metric, status, or provenance
results/raw_long_reads/zymo/30pct/runs_per_reference/reference/report.tex	/home/work/wenhai/dadec/benchmark/results/raw_long_reads/zymo/30pct/runs_per_reference/reference/report.tex	2186	06530532c477d065d56f5d108a5fb349a89296eaf7d2d47eba445e449dd7b47f	included	compact final report, aggregate, metric, status, or provenance
results/raw_long_reads/zymo/30pct/runs_per_reference/reference/report.tsv	/home/work/wenhai/dadec/benchmark/results/raw_long_reads/zymo/30pct/runs_per_reference/reference/report.tsv	1143	3b6f7e191a0fb5d2f6619bc815c13566db6f2fb10cb8d22c8d4a48941f657fc7	included	compact final report, aggregate, metric, status, or provenance
results/raw_long_reads/zymo/30pct/runs_per_reference/reference/report.txt	/home/work/wenhai/dadec/benchmark/results/raw_long_reads/zymo/30pct/runs_per_reference/reference/report.txt	2603	a19ad8bc3b179ca7822f8cfe763647dd908b9631a6ef2d6a636c747df02575b8	included	compact final report, aggregate, metric, status, or provenance
results/raw_long_reads/zymo/30pct/runs_per_reference/reference/transposed_report.tsv	/home/work/wenhai/dadec/benchmark/results/raw_long_reads/zymo/30pct/runs_per_reference/reference/transposed_report.tsv	1143	8a1bf9c99b72e116212f08f353af714c53474e3fe006ccc068eb8bb85356b5fb	included	compact final report, aggregate, metric, status, or provenance
results/raw_long_reads/zymo/40pct/combined_reference/report.tex	/home/work/wenhai/dadec/benchmark/results/raw_long_reads/zymo/40pct/combined_reference/report.tex	2010	6e1279e5dc4c7d7689268899c592d878affca8bf2d289d032d3c06c995222fca	included	compact final report, aggregate, metric, status, or provenance
results/raw_long_reads/zymo/40pct/combined_reference/report.tsv	/home/work/wenhai/dadec/benchmark/results/raw_long_reads/zymo/40pct/combined_reference/report.tsv	1067	9b5c09d30f50040514a38dd078327a0428ed2be21b0c762709f88cd48419ecf1	included	compact final report, aggregate, metric, status, or provenance
results/raw_long_reads/zymo/40pct/combined_reference/report.txt	/home/work/wenhai/dadec/benchmark/results/raw_long_reads/zymo/40pct/combined_reference/report.txt	2266	e25a3ea83d8ec5c14cf51cc2c77229d8986769c15d8ca8ae3a0a2b1d96d40b49	included	compact final report, aggregate, metric, status, or provenance
results/raw_long_reads/zymo/40pct/combined_reference/transposed_report.tsv	/home/work/wenhai/dadec/benchmark/results/raw_long_reads/zymo/40pct/combined_reference/transposed_report.tsv	1067	c3edcd4213f179a9079b29a1846fb5d842efb2e9e43385f8aefcee82e032eb0f	included	compact final report, aggregate, metric, status, or provenance
results/raw_long_reads/zymo/40pct/not_aligned/report.tex	/home/work/wenhai/dadec/benchmark/results/raw_long_reads/zymo/40pct/not_aligned/report.tex	1132	e2a4e202d4bae6139439d8c930c2deac2df7e03fe1dfc7139629a47feb393a26	included	compact final report, aggregate, metric, status, or provenance
results/raw_long_reads/zymo/40pct/not_aligned/report.tsv	/home/work/wenhai/dadec/benchmark/results/raw_long_reads/zymo/40pct/not_aligned/report.tsv	484	828a7266e5f2b4878632f104d928bd511ae78b74fbdba7f8e3e3ae7823ed1d15	included	compact final report, aggregate, metric, status, or provenance
results/raw_long_reads/zymo/40pct/not_aligned/report.txt	/home/work/wenhai/dadec/benchmark/results/raw_long_reads/zymo/40pct/not_aligned/report.txt	1019	41e7b0cd9debbc87ef48e51298a3034d529cf9b632f94a62594f507e47440c75	included	compact final report, aggregate, metric, status, or provenance
results/raw_long_reads/zymo/40pct/not_aligned/transposed_report.tsv	/home/work/wenhai/dadec/benchmark/results/raw_long_reads/zymo/40pct/not_aligned/transposed_report.tsv	484	df63c5a96fa0463c3c3357e388a0dcfdde89546b3403a4fc0176eb7a43548db2	included	compact final report, aggregate, metric, status, or provenance
results/raw_long_reads/zymo/40pct/runs_per_reference/reference/report.tex	/home/work/wenhai/dadec/benchmark/results/raw_long_reads/zymo/40pct/runs_per_reference/reference/report.tex	2187	6201a5ceba508dcc45f687232c3b74747f5f58f2d8806c0d26ebab71944028cb	included	compact final report, aggregate, metric, status, or provenance
results/raw_long_reads/zymo/40pct/runs_per_reference/reference/report.tsv	/home/work/wenhai/dadec/benchmark/results/raw_long_reads/zymo/40pct/runs_per_reference/reference/report.tsv	1144	8375299e424dc56c8885ef8dec213e505a426088b6b3814f0e7823165c6a275f	included	compact final report, aggregate, metric, status, or provenance
results/raw_long_reads/zymo/40pct/runs_per_reference/reference/report.txt	/home/work/wenhai/dadec/benchmark/results/raw_long_reads/zymo/40pct/runs_per_reference/reference/report.txt	2603	687a943658427b5e591b7c3fce86359897aa0f8d7e5d4fb7608868e2fa1c7859	included	compact final report, aggregate, metric, status, or provenance
results/raw_long_reads/zymo/40pct/runs_per_reference/reference/transposed_report.tsv	/home/work/wenhai/dadec/benchmark/results/raw_long_reads/zymo/40pct/runs_per_reference/reference/transposed_report.tsv	1144	fb081be1705753e44c21936935d294fcf85c71adc5213f1d99997b2e5125a102	included	compact final report, aggregate, metric, status, or provenance
results/raw_long_reads/zymo/5pct/combined_reference/report.tex	/home/work/wenhai/dadec/benchmark/results/raw_long_reads/zymo/5pct/combined_reference/report.tex	1985	7725cf6efe33c8e5cc68787ab1588186abf54a03ddad32de3184f3fe6f9ea29a	included	compact final report, aggregate, metric, status, or provenance
results/raw_long_reads/zymo/5pct/combined_reference/report.tsv	/home/work/wenhai/dadec/benchmark/results/raw_long_reads/zymo/5pct/combined_reference/report.tsv	1042	d3d28402cdd5707b1440f5909d7582822e3958ffa7eb5fd5d6e71b2cc0f61898	included	compact final report, aggregate, metric, status, or provenance
results/raw_long_reads/zymo/5pct/combined_reference/report.txt	/home/work/wenhai/dadec/benchmark/results/raw_long_reads/zymo/5pct/combined_reference/report.txt	2180	830065cc1fa1e7756171ea126dabd7754a72f008b91714a6e6c284a881fa84f3	included	compact final report, aggregate, metric, status, or provenance
results/raw_long_reads/zymo/5pct/combined_reference/transposed_report.tsv	/home/work/wenhai/dadec/benchmark/results/raw_long_reads/zymo/5pct/combined_reference/transposed_report.tsv	1042	978f73670c249c97f0e4b8ab50a944447fab9f7b1c1a06936ecaeada63cb4216	included	compact final report, aggregate, metric, status, or provenance
results/raw_long_reads/zymo/5pct/not_aligned/report.tex	/home/work/wenhai/dadec/benchmark/results/raw_long_reads/zymo/5pct/not_aligned/report.tex	1120	1e35263f3d13c0b1d4414af7a2f8028ff3cc4076bd89908a786a13cced88cc77	included	compact final report, aggregate, metric, status, or provenance
results/raw_long_reads/zymo/5pct/not_aligned/report.tsv	/home/work/wenhai/dadec/benchmark/results/raw_long_reads/zymo/5pct/not_aligned/report.tsv	472	8f45ea656e524d81e93c3b09842559275269dcb2789a0eb3d4d50dc61f04226b	included	compact final report, aggregate, metric, status, or provenance
results/raw_long_reads/zymo/5pct/not_aligned/report.txt	/home/work/wenhai/dadec/benchmark/results/raw_long_reads/zymo/5pct/not_aligned/report.txt	1019	dea134814b0b56f24ea7a5c23a48f2c7222a05c804a4537685e1152c41b7dd71	included	compact final report, aggregate, metric, status, or provenance
results/raw_long_reads/zymo/5pct/not_aligned/transposed_report.tsv	/home/work/wenhai/dadec/benchmark/results/raw_long_reads/zymo/5pct/not_aligned/transposed_report.tsv	472	35c0feb012fe83477712bd19aa2a4789d333d92c4ccf989d600ac81c717cd34c	included	compact final report, aggregate, metric, status, or provenance
results/raw_long_reads/zymo/5pct/runs_per_reference/reference/report.tex	/home/work/wenhai/dadec/benchmark/results/raw_long_reads/zymo/5pct/runs_per_reference/reference/report.tex	2165	2f27b9f6e7b543d9a4f90033671e0d1ea0e54ea2b8ffe9f253fa44c67352dd66	included	compact final report, aggregate, metric, status, or provenance
results/raw_long_reads/zymo/5pct/runs_per_reference/reference/report.tsv	/home/work/wenhai/dadec/benchmark/results/raw_long_reads/zymo/5pct/runs_per_reference/reference/report.tsv	1122	4a30d957be5e629070c55fe383f7a70cce994cc256408283469e8dfcda892936	included	compact final report, aggregate, metric, status, or provenance
results/raw_long_reads/zymo/5pct/runs_per_reference/reference/report.txt	/home/work/wenhai/dadec/benchmark/results/raw_long_reads/zymo/5pct/runs_per_reference/reference/report.txt	2499	975dd47f823b5c3997ce80ffd73c6b9689be011ec4515934fe5ba63679eafd04	included	compact final report, aggregate, metric, status, or provenance
results/raw_long_reads/zymo/5pct/runs_per_reference/reference/transposed_report.tsv	/home/work/wenhai/dadec/benchmark/results/raw_long_reads/zymo/5pct/runs_per_reference/reference/transposed_report.tsv	1122	932ed911f419038d742749e5cb69f6b4c5f33b04a981fdb0253261db369ca104	included	compact final report, aggregate, metric, status, or provenance
results/zymo_10pct/comparative_ambiguity9999_metrics_only.tsv	/home/work/wenhai/dadec/benchmark/results/zymo_10pct/comparative_ambiguity9999_metrics_only.tsv	1201	64559ee95db77da6f8820e9076b98a86fbb2e9f0ebd9233c79761cf7d3d121c6	included	compact final report, aggregate, metric, status, or provenance
results/zymo_10pct/resource_components.tsv	/home/work/wenhai/dadec/benchmark/results/zymo_10pct/resource_components.tsv	2180	b699f7ab314e582961314aa246c8d0c734849312177728b099b851c90c8943fe	included	compact final report, aggregate, metric, status, or provenance
results/zymo_10pct/resource_summary.tsv	/home/work/wenhai/dadec/benchmark/results/zymo_10pct/resource_summary.tsv	1100	b2665c72213c340104a2bdcc92156d7d5ed559c90cc4b786528e07988739d28d	included	compact final report, aggregate, metric, status, or provenance
results/zymo_10pct/run_manifest.tsv	/home/work/wenhai/dadec/benchmark/results/zymo_10pct/run_manifest.tsv	3249	21194d62524aef4d6111df38754816e6391d90c4c5a529ddc16e1b6626f60165	included	compact final report, aggregate, metric, status, or provenance
results/zymo_10pct/table_ambiguity9999_metrics_only.tsv	/home/work/wenhai/dadec/benchmark/results/zymo_10pct/table_ambiguity9999_metrics_only.tsv	704	685edd0654dd948f5626503afea552903ec9086a890b36748405ae9ecb1ada13	included	compact final report, aggregate, metric, status, or provenance
results/zymo_10pct_other_tools_all_parameter_runs.tsv	/home/work/wenhai/dadec/benchmark/results/zymo_10pct_other_tools_all_parameter_runs.tsv	216	89fe0ca9e324284ecc91481dcd7db25a24e59d0d22c1e837834c33138f711c62	included	compact final report, aggregate, metric, status, or provenance
results/zymo_10pct_other_tools_best_parameter_runs.tsv	/home/work/wenhai/dadec/benchmark/results/zymo_10pct_other_tools_best_parameter_runs.tsv	216	89fe0ca9e324284ecc91481dcd7db25a24e59d0d22c1e837834c33138f711c62	included	compact final report, aggregate, metric, status, or provenance
results/zymo_30pct/dadec_dev_fix_a_all_parameter_runs.tsv	/home/work/wenhai/dadec/benchmark/results/zymo_30pct/dadec_dev_fix_a_all_parameter_runs.tsv	216	89fe0ca9e324284ecc91481dcd7db25a24e59d0d22c1e837834c33138f711c62	included	compact final report, aggregate, metric, status, or provenance
results/zymo_30pct/dadec_dev_fix_a_best_parameter_runs.tsv	/home/work/wenhai/dadec/benchmark/results/zymo_30pct/dadec_dev_fix_a_best_parameter_runs.tsv	216	89fe0ca9e324284ecc91481dcd7db25a24e59d0d22c1e837834c33138f711c62	included	compact final report, aggregate, metric, status, or provenance
results/zymo_40pct/dadec_dev_fix_a_all_parameter_runs.tsv	/home/work/wenhai/dadec/benchmark/results/zymo_40pct/dadec_dev_fix_a_all_parameter_runs.tsv	216	89fe0ca9e324284ecc91481dcd7db25a24e59d0d22c1e837834c33138f711c62	included	compact final report, aggregate, metric, status, or provenance
results/zymo_40pct/dadec_dev_fix_a_best_parameter_runs.tsv	/home/work/wenhai/dadec/benchmark/results/zymo_40pct/dadec_dev_fix_a_best_parameter_runs.tsv	216	89fe0ca9e324284ecc91481dcd7db25a24e59d0d22c1e837834c33138f711c62	included	compact final report, aggregate, metric, status, or provenance
results/zymo_long_read_subsampling_metrics.tsv	/home/work/wenhai/dadec/benchmark/results/zymo_long_read_subsampling_metrics.tsv	1258	015caf3ccba7e2a8c78ea7c10061ed07fa107bcebccf3194b16b76881030a5c3	included	compact final report, aggregate, metric, status, or provenance
runs/100strains_30x/100strains_30x_colormap_original/benchmark/provenance.json	/home/work/wenhai/dadec/benchmark/runs/100strains_30x/100strains_30x_colormap_original/benchmark/provenance.json	2330	655c737c818e86b9545984c196ec9ff41c7128ff03ab9715fb9e8768938cbe3a	included	compact final report, aggregate, metric, status, or provenance
runs/100strains_30x/100strains_30x_colormap_original/benchmark/short_30x/colormap/resources.time.txt	/home/work/wenhai/dadec/benchmark/runs/100strains_30x/100strains_30x_colormap_original/benchmark/short_30x/colormap/resources.time.txt	112	3c710f8d839bf91df96a69476cb6d67c77379b9e0d5602cf7f96a0ab0c363b8e	included	compact final report, aggregate, metric, status, or provenance
runs/100strains_30x/100strains_30x_colormap_original/output/short_30x/colormap/metaquast.ambiguity9999/combined_reference/report.tsv	/home/work/wenhai/dadec/benchmark/runs/100strains_30x/100strains_30x_colormap_original/output/short_30x/colormap/metaquast.ambiguity9999/combined_reference/report.tsv	1051	cb7bb5849a3b1c473bf4ff92f2380523eb225cdde6bfc6aca2c66e3d7b99f4ea	included	compact final report, aggregate, metric, status, or provenance
runs/100strains_30x/100strains_30x_dadec_dev_fix_a_k31_k31_s3_a2_a1/benchmark/provenance.json	/home/work/wenhai/dadec/benchmark/runs/100strains_30x/100strains_30x_dadec_dev_fix_a_k31_k31_s3_a2_a1/benchmark/provenance.json	2358	b7f05a2455333a7671a313e77511f808e27272c6017c299cb923874a40708bb0	included	compact final report, aggregate, metric, status, or provenance
runs/100strains_30x/100strains_30x_dadec_dev_fix_a_k31_k31_s3_a2_a1/benchmark/short_30x/dadec/resources.time.txt	/home/work/wenhai/dadec/benchmark/runs/100strains_30x/100strains_30x_dadec_dev_fix_a_k31_k31_s3_a2_a1/benchmark/short_30x/dadec/resources.time.txt	110	c803d0ee2457c1006a2b15e0dda78d52b28feea49341a93854cd8ffa8ed6a161	included	compact final report, aggregate, metric, status, or provenance
runs/100strains_30x/100strains_30x_dadec_dev_fix_a_k31_k31_s3_a2_a1/output/short_30x/dadec/metaquast.ambiguity9999/combined_reference/report.tsv	/home/work/wenhai/dadec/benchmark/runs/100strains_30x/100strains_30x_dadec_dev_fix_a_k31_k31_s3_a2_a1/output/short_30x/dadec/metaquast.ambiguity9999/combined_reference/report.tsv	1056	6dcee4142862e9fcbba3b01881f1a4f9e636e4ad1156fb802e03473da3522abb	included	compact final report, aggregate, metric, status, or provenance
runs/100strains_30x/100strains_30x_fmlrc_original_k21_k59/benchmark/provenance.json	/home/work/wenhai/dadec/benchmark/runs/100strains_30x/100strains_30x_fmlrc_original_k21_k59/benchmark/provenance.json	2472	69e22c68fa0ede581e5c538d353889d8177669617963ccd5b75f19de9ac50154	included	compact final report, aggregate, metric, status, or provenance
runs/100strains_30x/100strains_30x_fmlrc_original_k21_k59/benchmark/short_30x/fmlrc/resources.time.txt	/home/work/wenhai/dadec/benchmark/runs/100strains_30x/100strains_30x_fmlrc_original_k21_k59/benchmark/short_30x/fmlrc/resources.time.txt	106	17129f2eb8a0577018b807ca5dada7a92723a5f1518742f397bfde45913e8002	included	compact final report, aggregate, metric, status, or provenance
runs/100strains_30x/100strains_30x_fmlrc_original_k21_k59/output/short_30x/fmlrc/metaquast.ambiguity9999/combined_reference/report.tsv	/home/work/wenhai/dadec/benchmark/runs/100strains_30x/100strains_30x_fmlrc_original_k21_k59/output/short_30x/fmlrc/metaquast.ambiguity9999/combined_reference/report.tsv	1050	a89ac6dbc0ca9f43306806bc8bac061eea2235a85f3aff4cb8691ba3332a2754	included	compact final report, aggregate, metric, status, or provenance
runs/100strains_30x/100strains_30x_lordec_original_k31_ls5/benchmark/provenance.json	/home/work/wenhai/dadec/benchmark/runs/100strains_30x/100strains_30x_lordec_original_k31_ls5/benchmark/provenance.json	2347	9fe251dbe600122a1ec4f8e704e7e754cbe1c09108550425fe057629a491826a	included	compact final report, aggregate, metric, status, or provenance
runs/100strains_30x/100strains_30x_lordec_original_k31_ls5/benchmark/short_30x/lordec/resources.time.txt	/home/work/wenhai/dadec/benchmark/runs/100strains_30x/100strains_30x_lordec_original_k31_ls5/benchmark/short_30x/lordec/resources.time.txt	105	d184f9407feb00e728e97d71ffc13ec371a4db54fe67ce3fdf0181689bac2320	included	compact final report, aggregate, metric, status, or provenance
runs/100strains_30x/100strains_30x_lordec_original_k31_ls5/output/short_30x/lordec/metaquast.ambiguity9999/combined_reference/report.tsv	/home/work/wenhai/dadec/benchmark/runs/100strains_30x/100strains_30x_lordec_original_k31_ls5/output/short_30x/lordec/metaquast.ambiguity9999/combined_reference/report.tsv	1047	2297550a0e330b419fecea43bab4c7a7970490f7c8351629117d49b182776f25	included	compact final report, aggregate, metric, status, or provenance
runs/100strains_30x/100strains_30x_proovread_original/benchmark/provenance.json	/home/work/wenhai/dadec/benchmark/runs/100strains_30x/100strains_30x_proovread_original/benchmark/provenance.json	2334	e37e08f0b267b3b46e3d0dc945b6f4c89da5d9e813917e69a8a2bfd913d76a09	included	compact final report, aggregate, metric, status, or provenance
runs/100strains_30x/100strains_30x_proovread_original/benchmark/short_30x/proovread/resources.time.txt	/home/work/wenhai/dadec/benchmark/runs/100strains_30x/100strains_30x_proovread_original/benchmark/short_30x/proovread/resources.time.txt	111	be8dfb236b454590929b2fdd71e961249bd04022029ea66967adbd8e37e1657e	included	compact final report, aggregate, metric, status, or provenance
runs/100strains_30x/100strains_30x_proovread_original/output/short_30x/proovread/metaquast.ambiguity9999/combined_reference/report.tsv	/home/work/wenhai/dadec/benchmark/runs/100strains_30x/100strains_30x_proovread_original/output/short_30x/proovread/metaquast.ambiguity9999/combined_reference/report.tsv	1038	ff85edaf8e3d77d6b3a9a5ef71e26b1d158266f6af00f8708576ac2e305e9dbf	included	compact final report, aggregate, metric, status, or provenance
runs/100strains_30x/100strains_30x_ratatosk_original_k31_k63/benchmark/provenance.json	/home/work/wenhai/dadec/benchmark/runs/100strains_30x/100strains_30x_ratatosk_original_k31_k63/benchmark/provenance.json	2344	0c3744ed83bbe9c74f485e9d1831cacb05cf84af13b56176d0ddf31daeca4fc0	included	compact final report, aggregate, metric, status, or provenance
runs/100strains_30x/100strains_30x_ratatosk_original_k31_k63/benchmark/short_30x/ratatosk/resources.time.txt	/home/work/wenhai/dadec/benchmark/runs/100strains_30x/100strains_30x_ratatosk_original_k31_k63/benchmark/short_30x/ratatosk/resources.time.txt	107	8c882cbe159ed0310253d15971f32ae9909a27971bc33714140b432b625717b7	included	compact final report, aggregate, metric, status, or provenance
runs/100strains_30x/100strains_30x_ratatosk_original_k31_k63/output/short_30x/ratatosk/metaquast.ambiguity9999/combined_reference/report.tsv	/home/work/wenhai/dadec/benchmark/runs/100strains_30x/100strains_30x_ratatosk_original_k31_k63/output/short_30x/ratatosk/metaquast.ambiguity9999/combined_reference/report.tsv	1048	4ee7b01a097fc9a390d3b6b40f78ac4793bfc6d890354a959a20d5b32e7a0515	included	compact final report, aggregate, metric, status, or provenance
runs/100strains_legacy_30x/100strains_legacy_30x_colormap_original/benchmark/provenance.json	/home/work/wenhai/dadec/benchmark/runs/100strains_legacy_30x/100strains_legacy_30x_colormap_original/benchmark/provenance.json	1925	4682dd6a674cffe4cd46e078df400f446c7868c9c6f5383dd8cccecfd4e0f8f6	included	compact final report, aggregate, metric, status, or provenance
runs/100strains_legacy_30x/100strains_legacy_30x_colormap_original/output/short_30x/colormap/metaquast.ambiguity9999/combined_reference/report.tsv	/home/work/wenhai/dadec/benchmark/runs/100strains_legacy_30x/100strains_legacy_30x_colormap_original/output/short_30x/colormap/metaquast.ambiguity9999/combined_reference/report.tsv	1065	08d0cda3f71752c954479dcdc09cda827a0b430d8ce0ec4d78faf6794af279d5	included	compact final report, aggregate, metric, status, or provenance
runs/100strains_legacy_30x/100strains_legacy_30x_dadec_dev_fix_a_k31_k31_s3_a2_a1/benchmark/provenance.json	/home/work/wenhai/dadec/benchmark/runs/100strains_legacy_30x/100strains_legacy_30x_dadec_dev_fix_a_k31_k31_s3_a2_a1/benchmark/provenance.json	1912	f789a9487c62277c9ddbb9a6dac74b89d482dba1df3847ac2ed058b3939073fa	included	compact final report, aggregate, metric, status, or provenance
runs/100strains_legacy_30x/100strains_legacy_30x_dadec_dev_fix_a_k31_k31_s3_a2_a1/benchmark/short_30x/dadec/resources.time.txt	/home/work/wenhai/dadec/benchmark/runs/100strains_legacy_30x/100strains_legacy_30x_dadec_dev_fix_a_k31_k31_s3_a2_a1/benchmark/short_30x/dadec/resources.time.txt	110	b245ceac82718fe393d820a9fdc2776153523f71e0fb36da759fc446220e620f	included	compact final report, aggregate, metric, status, or provenance
runs/100strains_legacy_30x/100strains_legacy_30x_dadec_dev_fix_a_k31_k31_s3_a2_a1/output/short_30x/dadec/metaquast.ambiguity9999/combined_reference/report.tsv	/home/work/wenhai/dadec/benchmark/runs/100strains_legacy_30x/100strains_legacy_30x_dadec_dev_fix_a_k31_k31_s3_a2_a1/output/short_30x/dadec/metaquast.ambiguity9999/combined_reference/report.tsv	1057	efc4977b83d53cbf304b6ce19b27c88af1476550309d863715fbe59dd54ddab8	included	compact final report, aggregate, metric, status, or provenance
runs/100strains_legacy_30x/100strains_legacy_30x_f_hero_original_k21_k59_hs10_hi1/benchmark/provenance.json	/home/work/wenhai/dadec/benchmark/runs/100strains_legacy_30x/100strains_legacy_30x_f_hero_original_k21_k59_hs10_hi1/benchmark/provenance.json	1761	1a35c974352b03e56a25f2b670f55907fc66707aec83a402e091f321d1d69da5	included	compact final report, aggregate, metric, status, or provenance
runs/100strains_legacy_30x/100strains_legacy_30x_f_hero_original_k21_k59_hs10_hi1/output/short_30x/f_hero/metaquast.ambiguity9999/combined_reference/report.tsv	/home/work/wenhai/dadec/benchmark/runs/100strains_legacy_30x/100strains_legacy_30x_f_hero_original_k21_k59_hs10_hi1/output/short_30x/f_hero/metaquast.ambiguity9999/combined_reference/report.tsv	1049	aff4d9f4dc915556a1e1c1c9b1dd4ab91533cfb330f972e529680bd6027e6237	included	compact final report, aggregate, metric, status, or provenance
runs/100strains_legacy_30x/100strains_legacy_30x_fmlrc_original_k21_k59/benchmark/provenance.json	/home/work/wenhai/dadec/benchmark/runs/100strains_legacy_30x/100strains_legacy_30x_fmlrc_original_k21_k59/benchmark/provenance.json	1730	1b1d31e48a56a5f4f96af0263d0669ea46349e67167d12b70c6daefbc44fb4c4	included	compact final report, aggregate, metric, status, or provenance
runs/100strains_legacy_30x/100strains_legacy_30x_fmlrc_original_k21_k59/output/short_30x/fmlrc/metaquast.ambiguity9999/combined_reference/report.tsv	/home/work/wenhai/dadec/benchmark/runs/100strains_legacy_30x/100strains_legacy_30x_fmlrc_original_k21_k59/output/short_30x/fmlrc/metaquast.ambiguity9999/combined_reference/report.tsv	1050	a2e9e2d35e4b747c51d13256873f321368ad5abc6e82a8c33b56033a21a095d2	included	compact final report, aggregate, metric, status, or provenance
runs/100strains_legacy_30x/100strains_legacy_30x_l_hero_original_k31_ls5_hs10_hi1/benchmark/provenance.json	/home/work/wenhai/dadec/benchmark/runs/100strains_legacy_30x/100strains_legacy_30x_l_hero_original_k31_ls5_hs10_hi1/benchmark/provenance.json	1761	e01ad979916e82cbfcfa2fb3a7e9e1f582a26ed1042dc81c3794d2886e7083e9	included	compact final report, aggregate, metric, status, or provenance
runs/100strains_legacy_30x/100strains_legacy_30x_l_hero_original_k31_ls5_hs10_hi1/output/short_30x/l_hero/metaquast.ambiguity9999/combined_reference/report.tsv	/home/work/wenhai/dadec/benchmark/runs/100strains_legacy_30x/100strains_legacy_30x_l_hero_original_k31_ls5_hs10_hi1/output/short_30x/l_hero/metaquast.ambiguity9999/combined_reference/report.tsv	1048	c8e5fdaa2667b799800cdc6b80536abe8f36072222cc6336582137353233013b	included	compact final report, aggregate, metric, status, or provenance
runs/100strains_legacy_30x/100strains_legacy_30x_lordec_original_k31_ls5/benchmark/provenance.json	/home/work/wenhai/dadec/benchmark/runs/100strains_legacy_30x/100strains_legacy_30x_lordec_original_k31_ls5/benchmark/provenance.json	1737	2bd44ab22751b990b53c79629cb0105a3d203778231e841ca6856dcd74f7005b	included	compact final report, aggregate, metric, status, or provenance
runs/100strains_legacy_30x/100strains_legacy_30x_lordec_original_k31_ls5/output/short_30x/lordec/metaquast.ambiguity9999/combined_reference/report.tsv	/home/work/wenhai/dadec/benchmark/runs/100strains_legacy_30x/100strains_legacy_30x_lordec_original_k31_ls5/output/short_30x/lordec/metaquast.ambiguity9999/combined_reference/report.tsv	1048	71ff4078681000f195a165aaa309f9940e5bb11e93bc006127a39f2b1b8f7f38	included	compact final report, aggregate, metric, status, or provenance
runs/100strains_legacy_30x/100strains_legacy_30x_proovread_original/benchmark/provenance.json	/home/work/wenhai/dadec/benchmark/runs/100strains_legacy_30x/100strains_legacy_30x_proovread_original/benchmark/provenance.json	1732	69ff670ca4729b6bff21f2aa110a6fe2e09db57e10cbf4118bcc68c04d62fb5d	included	compact final report, aggregate, metric, status, or provenance
runs/100strains_legacy_30x/100strains_legacy_30x_proovread_original/output/short_30x/proovread/metaquast.ambiguity9999/combined_reference/report.tsv	/home/work/wenhai/dadec/benchmark/runs/100strains_legacy_30x/100strains_legacy_30x_proovread_original/output/short_30x/proovread/metaquast.ambiguity9999/combined_reference/report.tsv	1043	2f9f6a106b559bf27152ae153d32de7659fd1a0a372b535f79e7bb265a01d727	included	compact final report, aggregate, metric, status, or provenance
runs/100strains_legacy_30x/100strains_legacy_30x_r_hero_original_k31_k63_hs10_hi1/benchmark/provenance.json	/home/work/wenhai/dadec/benchmark/runs/100strains_legacy_30x/100strains_legacy_30x_r_hero_original_k31_k63_hs10_hi1/benchmark/provenance.json	1761	f23d01401c8cb5e79dacf2af58daf7f78b2242ca45e6f5a2ee7f22c35272a2f3	included	compact final report, aggregate, metric, status, or provenance
runs/100strains_legacy_30x/100strains_legacy_30x_r_hero_original_k31_k63_hs10_hi1/output/short_30x/r_hero/metaquast.ambiguity9999/combined_reference/report.tsv	/home/work/wenhai/dadec/benchmark/runs/100strains_legacy_30x/100strains_legacy_30x_r_hero_original_k31_k63_hs10_hi1/output/short_30x/r_hero/metaquast.ambiguity9999/combined_reference/report.tsv	1047	ff21b095fa1e7f5f140ba9593c8a97db330dbc8fdcc9a077c0e83623affcda33	included	compact final report, aggregate, metric, status, or provenance
runs/100strains_legacy_30x/100strains_legacy_30x_ratatosk_original_k31_k63/benchmark/provenance.json	/home/work/wenhai/dadec/benchmark/runs/100strains_legacy_30x/100strains_legacy_30x_ratatosk_original_k31_k63/benchmark/provenance.json	1751	732e207e3291d21321381ae6c176873eaa20b5bd1c0832d0263bfa056b02a672	included	compact final report, aggregate, metric, status, or provenance
runs/100strains_legacy_30x/100strains_legacy_30x_ratatosk_original_k31_k63/output/short_30x/ratatosk/metaquast.ambiguity9999/combined_reference/report.tsv	/home/work/wenhai/dadec/benchmark/runs/100strains_legacy_30x/100strains_legacy_30x_ratatosk_original_k31_k63/output/short_30x/ratatosk/metaquast.ambiguity9999/combined_reference/report.tsv	1051	c2c9ac724c6aa3e4825588b9068abe6b8028ea98bfef3a166b9f3fe962f3ebce	included	compact final report, aggregate, metric, status, or provenance
runs/30strains_10x/30strains_10x_colormap_original/benchmark/provenance.json	/home/work/wenhai/dadec/benchmark/runs/30strains_10x/30strains_10x_colormap_original/benchmark/provenance.json	3062	0ec27ecc822868d5509fd9b8aed91b8f2764c1b882b6a16fdaf35b6db87da36b	included	compact final report, aggregate, metric, status, or provenance
runs/30strains_10x/30strains_10x_colormap_original/benchmark/short_10x/colormap/resources.time.txt	/home/work/wenhai/dadec/benchmark/runs/30strains_10x/30strains_10x_colormap_original/benchmark/short_10x/colormap/resources.time.txt	107	b290ca8f7503ef589073cc56fef7b55ed5eb354c836e1fabb750c6ae3a6e1df5	included	compact final report, aggregate, metric, status, or provenance
runs/30strains_10x/30strains_10x_colormap_original/output/short_10x/colormap/metaquast.ambiguity9999/combined_reference/report.tsv	/home/work/wenhai/dadec/benchmark/runs/30strains_10x/30strains_10x_colormap_original/output/short_10x/colormap/metaquast.ambiguity9999/combined_reference/report.tsv	1027	54eab1fbcd33637c00f10d706cf3e4862b4b78afe9b7dc371af8712d98ee958b	included	compact final report, aggregate, metric, status, or provenance
runs/30strains_10x/30strains_10x_dadec_dev_fix_a_k21_k21_s10_a2_a1/benchmark/provenance.json	/home/work/wenhai/dadec/benchmark/runs/30strains_10x/30strains_10x_dadec_dev_fix_a_k21_k21_s10_a2_a1/benchmark/provenance.json	3094	efaa172008c1884cf386255f7b2630a52c797688336aa3ddc0045194d6a2710e	included	compact final report, aggregate, metric, status, or provenance
runs/30strains_10x/30strains_10x_dadec_dev_fix_a_k21_k21_s10_a2_a1/benchmark/short_10x/dadec/resources.time.txt	/home/work/wenhai/dadec/benchmark/runs/30strains_10x/30strains_10x_dadec_dev_fix_a_k21_k21_s10_a2_a1/benchmark/short_10x/dadec/resources.time.txt	106	9e67ebded27a0c43b68e69f0f6a0c8cc0bd7eee4b767cb95be62e0c7b3b2ada1	included	compact final report, aggregate, metric, status, or provenance
runs/30strains_10x/30strains_10x_dadec_dev_fix_a_k21_k21_s10_a2_a1/output/short_10x/dadec/metaquast.ambiguity9999/combined_reference/report.tsv	/home/work/wenhai/dadec/benchmark/runs/30strains_10x/30strains_10x_dadec_dev_fix_a_k21_k21_s10_a2_a1/output/short_10x/dadec/metaquast.ambiguity9999/combined_reference/report.tsv	1036	cc0f401f6e3cc279d1afa6588b29e7f52eadab44702a69beafa43d3bddc873ce	included	compact final report, aggregate, metric, status, or provenance
runs/30strains_10x/30strains_10x_f_hero_original_k21_k31_hs10_hi1/benchmark/provenance.json	/home/work/wenhai/dadec/benchmark/runs/30strains_10x/30strains_10x_f_hero_original_k21_k31_hs10_hi1/benchmark/provenance.json	3359	3770fecea43e4e9773d1ac45bff7bf2402ca434b67009c86a7fdb360faf0dc29	included	compact final report, aggregate, metric, status, or provenance
runs/30strains_10x/30strains_10x_f_hero_original_k21_k31_hs10_hi1/benchmark/short_10x/f_hero/resources.time.txt	/home/work/wenhai/dadec/benchmark/runs/30strains_10x/30strains_10x_f_hero_original_k21_k31_hs10_hi1/benchmark/short_10x/f_hero/resources.time.txt	117	759fb8cd421c90e2614601aae636f8318e534b95cd3b5f0f7cf10ac6b2c4876d	included	compact final report, aggregate, metric, status, or provenance
runs/30strains_10x/30strains_10x_f_hero_original_k21_k31_hs10_hi1/output/short_10x/f_hero/metaquast.ambiguity9999/combined_reference/report.tsv	/home/work/wenhai/dadec/benchmark/runs/30strains_10x/30strains_10x_f_hero_original_k21_k31_hs10_hi1/output/short_10x/f_hero/metaquast.ambiguity9999/combined_reference/report.tsv	1033	6c1a60c61eb6ec2f4b818f2c4e949a8aab2ad4eeba0ee8f74b2643c758eb3810	included	compact final report, aggregate, metric, status, or provenance
runs/30strains_10x/30strains_10x_fmlrc_original_k21_k31/benchmark/provenance.json	/home/work/wenhai/dadec/benchmark/runs/30strains_10x/30strains_10x_fmlrc_original_k21_k31/benchmark/provenance.json	3204	6826f449b91122b1c86b2f3e8f502f02c13740ee995f286f34cf0a1acf0bb28b	included	compact final report, aggregate, metric, status, or provenance
runs/30strains_10x/30strains_10x_fmlrc_original_k21_k31/benchmark/short_10x/fmlrc/resources.time.txt	/home/work/wenhai/dadec/benchmark/runs/30strains_10x/30strains_10x_fmlrc_original_k21_k31/benchmark/short_10x/fmlrc/resources.time.txt	101	37fd6a5ef08b369e101fa39d22d86584ae5aabc8fd2e3b5fe72a76d7b543f621	included	compact final report, aggregate, metric, status, or provenance
runs/30strains_10x/30strains_10x_fmlrc_original_k21_k31/output/short_10x/fmlrc/metaquast.ambiguity9999/combined_reference/report.tsv	/home/work/wenhai/dadec/benchmark/runs/30strains_10x/30strains_10x_fmlrc_original_k21_k31/output/short_10x/fmlrc/metaquast.ambiguity9999/combined_reference/report.tsv	1032	a1549b685e04a3b197994bc684747f632d39e74b2bc416ab513b5e3110409a66	included	compact final report, aggregate, metric, status, or provenance
runs/30strains_10x/30strains_10x_l_hero_original_k21_ls5_hs10_hi1/benchmark/provenance.json	/home/work/wenhai/dadec/benchmark/runs/30strains_10x/30strains_10x_l_hero_original_k21_ls5_hs10_hi1/benchmark/provenance.json	3230	24e66a2f44276af06dcb11329fcdf50211171b2272ea456b646dc37946ae28c6	included	compact final report, aggregate, metric, status, or provenance
runs/30strains_10x/30strains_10x_l_hero_original_k21_ls5_hs10_hi1/benchmark/short_10x/l_hero/resources.time.txt	/home/work/wenhai/dadec/benchmark/runs/30strains_10x/30strains_10x_l_hero_original_k21_ls5_hs10_hi1/benchmark/short_10x/l_hero/resources.time.txt	107	6af69823d8cfdb5a1c6bf19dfb53280ba37dcca0c8991f2baf3fcf90d5a42892	included	compact final report, aggregate, metric, status, or provenance
runs/30strains_10x/30strains_10x_l_hero_original_k21_ls5_hs10_hi1/output/short_10x/l_hero/metaquast.ambiguity9999/combined_reference/report.tsv	/home/work/wenhai/dadec/benchmark/runs/30strains_10x/30strains_10x_l_hero_original_k21_ls5_hs10_hi1/output/short_10x/l_hero/metaquast.ambiguity9999/combined_reference/report.tsv	1029	362ab83ba4870645cf0563a182fdedee9b73e8a8df209e0168bb8dea662b2fb9	included	compact final report, aggregate, metric, status, or provenance
runs/30strains_10x/30strains_10x_lordec_original_k21_ls5/benchmark/provenance.json	/home/work/wenhai/dadec/benchmark/runs/30strains_10x/30strains_10x_lordec_original_k21_ls5/benchmark/provenance.json	3080	22f2decd6210bf8b4966f7aee4c7f971c9eff4cee3736cffa3b5c7fb1de6d5ec	included	compact final report, aggregate, metric, status, or provenance
runs/30strains_10x/30strains_10x_lordec_original_k21_ls5/benchmark/short_10x/lordec/resources.time.txt	/home/work/wenhai/dadec/benchmark/runs/30strains_10x/30strains_10x_lordec_original_k21_ls5/benchmark/short_10x/lordec/resources.time.txt	102	91454c819365de0a028b95766eabf8f00adcf4e1737bff62ce80e02d325b3e54	included	compact final report, aggregate, metric, status, or provenance
runs/30strains_10x/30strains_10x_lordec_original_k21_ls5/output/short_10x/lordec/metaquast.ambiguity9999/combined_reference/report.tsv	/home/work/wenhai/dadec/benchmark/runs/30strains_10x/30strains_10x_lordec_original_k21_ls5/output/short_10x/lordec/metaquast.ambiguity9999/combined_reference/report.tsv	1028	dc275ae5f477942e45453a9d3d6703a22a381dbdb36200eff8da331bf9220beb	included	compact final report, aggregate, metric, status, or provenance
runs/30strains_10x/30strains_10x_proovread_original/benchmark/provenance.json	/home/work/wenhai/dadec/benchmark/runs/30strains_10x/30strains_10x_proovread_original/benchmark/provenance.json	3066	45c4fc22f32ce5bf64e0fb558ce4ce9366e3217e609db559d7f93b40149ac6c3	included	compact final report, aggregate, metric, status, or provenance
runs/30strains_10x/30strains_10x_proovread_original/benchmark/short_10x/proovread/resources.time.txt	/home/work/wenhai/dadec/benchmark/runs/30strains_10x/30strains_10x_proovread_original/benchmark/short_10x/proovread/resources.time.txt	109	2106fa286e6bfe474792c3b47ba2414f8e9f507f9a613418e16b132fe7d87f30	included	compact final report, aggregate, metric, status, or provenance
runs/30strains_10x/30strains_10x_proovread_original/output/short_10x/proovread/metaquast.ambiguity9999/combined_reference/report.tsv	/home/work/wenhai/dadec/benchmark/runs/30strains_10x/30strains_10x_proovread_original/output/short_10x/proovread/metaquast.ambiguity9999/combined_reference/report.tsv	1019	a68d60bf3e24fbb5f40d328de2adf37e00a8e532932dccd060bf4579a703c12d	included	compact final report, aggregate, metric, status, or provenance
runs/30strains_10x/30strains_10x_r_hero_original_k21_k31_hs10_hi1/benchmark/provenance.json	/home/work/wenhai/dadec/benchmark/runs/30strains_10x/30strains_10x_r_hero_original_k21_k31_hs10_hi1/benchmark/provenance.json	3216	04a70f85355bbdca5fe82647e210136324a22d918834d726e30636e12de1d7f3	included	compact final report, aggregate, metric, status, or provenance
runs/30strains_10x/30strains_10x_r_hero_original_k21_k31_hs10_hi1/benchmark/short_10x/r_hero/resources.time.txt	/home/work/wenhai/dadec/benchmark/runs/30strains_10x/30strains_10x_r_hero_original_k21_k31_hs10_hi1/benchmark/short_10x/r_hero/resources.time.txt	104	a08b38e1c3f329f110db672b66d4e9ba1b5749f941728db3af5ffa2f6f98c900	included	compact final report, aggregate, metric, status, or provenance
runs/30strains_10x/30strains_10x_r_hero_original_k21_k31_hs10_hi1/output/short_10x/r_hero/metaquast.ambiguity9999/combined_reference/report.tsv	/home/work/wenhai/dadec/benchmark/runs/30strains_10x/30strains_10x_r_hero_original_k21_k31_hs10_hi1/output/short_10x/r_hero/metaquast.ambiguity9999/combined_reference/report.tsv	1027	4d1033d63f97e647ada8738181940e2a8d189ba8353fcd133c5f97b75344b281	included	compact final report, aggregate, metric, status, or provenance
runs/30strains_10x/30strains_10x_ratatosk_original_k21_k31/benchmark/provenance.json	/home/work/wenhai/dadec/benchmark/runs/30strains_10x/30strains_10x_ratatosk_original_k21_k31/benchmark/provenance.json	3076	90120769061aa3ee281437d4565f30dffafafb2e8de86f63bfa4ba37ef97a5a8	included	compact final report, aggregate, metric, status, or provenance
runs/30strains_10x/30strains_10x_ratatosk_original_k21_k31/benchmark/short_10x/ratatosk/resources.time.txt	/home/work/wenhai/dadec/benchmark/runs/30strains_10x/30strains_10x_ratatosk_original_k21_k31/benchmark/short_10x/ratatosk/resources.time.txt	104	9f7cae4c01c98174b77a01523a329d8ee4dc76bb309457692599067bc5fdfed0	included	compact final report, aggregate, metric, status, or provenance
runs/30strains_10x/30strains_10x_ratatosk_original_k21_k31/output/short_10x/ratatosk/metaquast.ambiguity9999/combined_reference/report.tsv	/home/work/wenhai/dadec/benchmark/runs/30strains_10x/30strains_10x_ratatosk_original_k21_k31/output/short_10x/ratatosk/metaquast.ambiguity9999/combined_reference/report.tsv	1024	c9a01987bc9c2bf0758ac63b47ef93c70acb25d49f2f11f72968329e45adf1b7	included	compact final report, aggregate, metric, status, or provenance
runs/30strains_20x/30strains_20x_colormap_original/benchmark/provenance.json	/home/work/wenhai/dadec/benchmark/runs/30strains_20x/30strains_20x_colormap_original/benchmark/provenance.json	3062	000259fee7984c4246e97df4384eeb849aa428781075d1dce8ecc1412cab9ebf	included	compact final report, aggregate, metric, status, or provenance
runs/30strains_20x/30strains_20x_colormap_original/benchmark/short_20x/colormap/resources.time.txt	/home/work/wenhai/dadec/benchmark/runs/30strains_20x/30strains_20x_colormap_original/benchmark/short_20x/colormap/resources.time.txt	108	af2d224f5934049e21d6f54d168370f9060e9b788629d015a069bdde19c073cb	included	compact final report, aggregate, metric, status, or provenance
runs/30strains_20x/30strains_20x_colormap_original/output/short_20x/colormap/metaquast.ambiguity9999/combined_reference/report.tsv	/home/work/wenhai/dadec/benchmark/runs/30strains_20x/30strains_20x_colormap_original/output/short_20x/colormap/metaquast.ambiguity9999/combined_reference/report.tsv	1028	f4ba522562f4fde41307c43b3e139ad59fc939ab84b7873496865433c3ee4f3c	included	compact final report, aggregate, metric, status, or provenance
runs/30strains_20x/30strains_20x_dadec_dev_fix_a_k21_k21_s10_a2_a1/benchmark/provenance.json	/home/work/wenhai/dadec/benchmark/runs/30strains_20x/30strains_20x_dadec_dev_fix_a_k21_k21_s10_a2_a1/benchmark/provenance.json	3095	8dadd63f958b3ff877c1d39098fe85e2cb767c9860ebe0d0cbdcbcc73a1da848	included	compact final report, aggregate, metric, status, or provenance
runs/30strains_20x/30strains_20x_dadec_dev_fix_a_k21_k21_s10_a2_a1/benchmark/short_20x/dadec/resources.time.txt	/home/work/wenhai/dadec/benchmark/runs/30strains_20x/30strains_20x_dadec_dev_fix_a_k21_k21_s10_a2_a1/benchmark/short_20x/dadec/resources.time.txt	108	d5bf8f8e8fa361e17bc4105f27e468d54ee486c776d1e57f398710f5acc2d859	included	compact final report, aggregate, metric, status, or provenance
runs/30strains_20x/30strains_20x_dadec_dev_fix_a_k21_k21_s10_a2_a1/output/short_20x/dadec/metaquast.ambiguity9999/combined_reference/report.tsv	/home/work/wenhai/dadec/benchmark/runs/30strains_20x/30strains_20x_dadec_dev_fix_a_k21_k21_s10_a2_a1/output/short_20x/dadec/metaquast.ambiguity9999/combined_reference/report.tsv	1042	474ef5a08bbcee1dfd5c4d8b6992a605f72ac189d51e7fdbe430d085b531c36d	included	compact final report, aggregate, metric, status, or provenance
runs/30strains_20x/30strains_20x_f_hero_original_k21_k31_hs10_hi1/benchmark/provenance.json	/home/work/wenhai/dadec/benchmark/runs/30strains_20x/30strains_20x_f_hero_original_k21_k31_hs10_hi1/benchmark/provenance.json	3359	b20b5832176c191691f39e8e7f7e332200e02ac807096c11eb7f9f7ceab10fd7	included	compact final report, aggregate, metric, status, or provenance
runs/30strains_20x/30strains_20x_f_hero_original_k21_k31_hs10_hi1/benchmark/short_20x/f_hero/resources.time.txt	/home/work/wenhai/dadec/benchmark/runs/30strains_20x/30strains_20x_f_hero_original_k21_k31_hs10_hi1/benchmark/short_20x/f_hero/resources.time.txt	125	184c83c0a447fb46348b78a2f24cde21d52a495addef244b62600ad2893e3b0a	included	compact final report, aggregate, metric, status, or provenance
runs/30strains_20x/30strains_20x_f_hero_original_k21_k31_hs10_hi1/output/short_20x/f_hero/metaquast.ambiguity9999/combined_reference/report.tsv	/home/work/wenhai/dadec/benchmark/runs/30strains_20x/30strains_20x_f_hero_original_k21_k31_hs10_hi1/output/short_20x/f_hero/metaquast.ambiguity9999/combined_reference/report.tsv	1032	19220323efc25bdf6c2d79bd95841be4a4314e5e766371a9abe88945fef6ae9d	included	compact final report, aggregate, metric, status, or provenance
runs/30strains_20x/30strains_20x_fmlrc_original_k21_k31/benchmark/provenance.json	/home/work/wenhai/dadec/benchmark/runs/30strains_20x/30strains_20x_fmlrc_original_k21_k31/benchmark/provenance.json	3204	01351b5e15b79f3b71832063158f48ebe227ec808e554e19eaff17c4a60b88f0	included	compact final report, aggregate, metric, status, or provenance
runs/30strains_20x/30strains_20x_fmlrc_original_k21_k31/benchmark/short_20x/fmlrc/resources.time.txt	/home/work/wenhai/dadec/benchmark/runs/30strains_20x/30strains_20x_fmlrc_original_k21_k31/benchmark/short_20x/fmlrc/resources.time.txt	102	b774b2d6be8ce5e0093c163eecde7ceb0b3372a7252eaa3d1184990da7b0ef5d	included	compact final report, aggregate, metric, status, or provenance
runs/30strains_20x/30strains_20x_fmlrc_original_k21_k31/output/short_20x/fmlrc/metaquast.ambiguity9999/combined_reference/report.tsv	/home/work/wenhai/dadec/benchmark/runs/30strains_20x/30strains_20x_fmlrc_original_k21_k31/output/short_20x/fmlrc/metaquast.ambiguity9999/combined_reference/report.tsv	1030	d9ea2e16f2a7150605abd061a989cc6c4e742275595125c1a131a24cd2e89e3c	included	compact final report, aggregate, metric, status, or provenance
runs/30strains_20x/30strains_20x_l_hero_original_k31_ls5_hs10_hi1/benchmark/provenance.json	/home/work/wenhai/dadec/benchmark/runs/30strains_20x/30strains_20x_l_hero_original_k31_ls5_hs10_hi1/benchmark/provenance.json	3230	c08fc09af40696163973e2dfe7753083d3af7ad1b3061d8ba82a64b4bafa568c	included	compact final report, aggregate, metric, status, or provenance
runs/30strains_20x/30strains_20x_l_hero_original_k31_ls5_hs10_hi1/benchmark/short_20x/l_hero/resources.time.txt	/home/work/wenhai/dadec/benchmark/runs/30strains_20x/30strains_20x_l_hero_original_k31_ls5_hs10_hi1/benchmark/short_20x/l_hero/resources.time.txt	106	c7279549724980625917e1e64bfa42964b1d5cbf0805760fded6b9ca8a9008b4	included	compact final report, aggregate, metric, status, or provenance
runs/30strains_20x/30strains_20x_l_hero_original_k31_ls5_hs10_hi1/output/short_20x/l_hero/metaquast.ambiguity9999/combined_reference/report.tsv	/home/work/wenhai/dadec/benchmark/runs/30strains_20x/30strains_20x_l_hero_original_k31_ls5_hs10_hi1/output/short_20x/l_hero/metaquast.ambiguity9999/combined_reference/report.tsv	1030	5d0e7e522901644cff2549c6f4fabbbc35ce5d2f4c90cf68d463749183a133c1	included	compact final report, aggregate, metric, status, or provenance
runs/30strains_20x/30strains_20x_lordec_original_k31_ls5/benchmark/provenance.json	/home/work/wenhai/dadec/benchmark/runs/30strains_20x/30strains_20x_lordec_original_k31_ls5/benchmark/provenance.json	3080	b45e8f406440fa588585afab34c16227c5e4b8e77eb537db4dc71309a5bd3cf7	included	compact final report, aggregate, metric, status, or provenance
runs/30strains_20x/30strains_20x_lordec_original_k31_ls5/benchmark/short_20x/lordec/resources.time.txt	/home/work/wenhai/dadec/benchmark/runs/30strains_20x/30strains_20x_lordec_original_k31_ls5/benchmark/short_20x/lordec/resources.time.txt	102	a9c684e11acef20b658c66f84acd4d98be818c07da4e146aa9c58320d844268c	included	compact final report, aggregate, metric, status, or provenance
runs/30strains_20x/30strains_20x_lordec_original_k31_ls5/output/short_20x/lordec/metaquast.ambiguity9999/combined_reference/report.tsv	/home/work/wenhai/dadec/benchmark/runs/30strains_20x/30strains_20x_lordec_original_k31_ls5/output/short_20x/lordec/metaquast.ambiguity9999/combined_reference/report.tsv	1025	c1baccdeafb24eb72a28f82a4ad57635afefc2400140d5a2ecc9e6f96ea5dfa0	included	compact final report, aggregate, metric, status, or provenance
runs/30strains_20x/30strains_20x_proovread_original/benchmark/provenance.json	/home/work/wenhai/dadec/benchmark/runs/30strains_20x/30strains_20x_proovread_original/benchmark/provenance.json	3065	2d265dfaa18ab88ad00fda36259ba5af49531e55dce44d5438140fb69ff25c61	included	compact final report, aggregate, metric, status, or provenance
runs/30strains_20x/30strains_20x_proovread_original/benchmark/short_20x/proovread/resources.time.txt	/home/work/wenhai/dadec/benchmark/runs/30strains_20x/30strains_20x_proovread_original/benchmark/short_20x/proovread/resources.time.txt	108	114276d57817ade7f63bbdfc758621b3567d9b2ed0dbe96a5c355ad2a6be52a6	included	compact final report, aggregate, metric, status, or provenance
runs/30strains_20x/30strains_20x_proovread_original/output/short_20x/proovread/metaquast.ambiguity9999/combined_reference/report.tsv	/home/work/wenhai/dadec/benchmark/runs/30strains_20x/30strains_20x_proovread_original/output/short_20x/proovread/metaquast.ambiguity9999/combined_reference/report.tsv	1019	ecb6313c9263478168e17f1c58f13d71e55972627c2f766c22888dbeb8eaa1dd	included	compact final report, aggregate, metric, status, or provenance
runs/30strains_20x/30strains_20x_r_hero_original_k21_k31_hs10_hi1/benchmark/provenance.json	/home/work/wenhai/dadec/benchmark/runs/30strains_20x/30strains_20x_r_hero_original_k21_k31_hs10_hi1/benchmark/provenance.json	3216	07499a94deae4e16038e5a99a740f999c4800562c63904646560ef780d7464b9	included	compact final report, aggregate, metric, status, or provenance
runs/30strains_20x/30strains_20x_r_hero_original_k21_k31_hs10_hi1/benchmark/short_20x/r_hero/resources.time.txt	/home/work/wenhai/dadec/benchmark/runs/30strains_20x/30strains_20x_r_hero_original_k21_k31_hs10_hi1/benchmark/short_20x/r_hero/resources.time.txt	118	3cf8c254e15cccb2001e7c16776ab8bb34182676a6cb80ad330d80a982114c8f	included	compact final report, aggregate, metric, status, or provenance
runs/30strains_20x/30strains_20x_r_hero_original_k21_k31_hs10_hi1/output/short_20x/r_hero/metaquast.ambiguity9999/combined_reference/report.tsv	/home/work/wenhai/dadec/benchmark/runs/30strains_20x/30strains_20x_r_hero_original_k21_k31_hs10_hi1/output/short_20x/r_hero/metaquast.ambiguity9999/combined_reference/report.tsv	1026	08637b0283ce8a83aa557ee80640a555028da20dc7b59612666b1a722ca36456	included	compact final report, aggregate, metric, status, or provenance
runs/30strains_20x/30strains_20x_ratatosk_original_k21_k31/benchmark/provenance.json	/home/work/wenhai/dadec/benchmark/runs/30strains_20x/30strains_20x_ratatosk_original_k21_k31/benchmark/provenance.json	3076	935ac7a17f41d4807e60a67ce0990c008c224747d520454cb2dcb942c5ac3885	included	compact final report, aggregate, metric, status, or provenance
runs/30strains_20x/30strains_20x_ratatosk_original_k21_k31/benchmark/short_20x/ratatosk/resources.time.txt	/home/work/wenhai/dadec/benchmark/runs/30strains_20x/30strains_20x_ratatosk_original_k21_k31/benchmark/short_20x/ratatosk/resources.time.txt	105	06db8779ec55a116fe42c18a62d9be9737ebafc803988b5215245516dbb7e7a0	included	compact final report, aggregate, metric, status, or provenance
runs/30strains_20x/30strains_20x_ratatosk_original_k21_k31/output/short_20x/ratatosk/metaquast.ambiguity9999/combined_reference/report.tsv	/home/work/wenhai/dadec/benchmark/runs/30strains_20x/30strains_20x_ratatosk_original_k21_k31/output/short_20x/ratatosk/metaquast.ambiguity9999/combined_reference/report.tsv	1023	262dbc8c874389101077fee8d9eb2512625d43efddda4f61b457e93a38e2581f	included	compact final report, aggregate, metric, status, or provenance
runs/30strains_30x/30strains_30x_colormap_original/benchmark/provenance.json	/home/work/wenhai/dadec/benchmark/runs/30strains_30x/30strains_30x_colormap_original/benchmark/provenance.json	3061	c114ddb4e76b5949d4e69d0afae2394208dedbbc7d3c2786f9c28ead0ea8186f	included	compact final report, aggregate, metric, status, or provenance
runs/30strains_30x/30strains_30x_colormap_original/benchmark/short_30x/colormap/resources.time.txt	/home/work/wenhai/dadec/benchmark/runs/30strains_30x/30strains_30x_colormap_original/benchmark/short_30x/colormap/resources.time.txt	108	900a2a173651c8d92f9badc38f5cf58342591d6d91387f4be33d35cdd3823326	included	compact final report, aggregate, metric, status, or provenance
runs/30strains_30x/30strains_30x_colormap_original/output/short_30x/colormap/metaquast.ambiguity9999/combined_reference/report.tsv	/home/work/wenhai/dadec/benchmark/runs/30strains_30x/30strains_30x_colormap_original/output/short_30x/colormap/metaquast.ambiguity9999/combined_reference/report.tsv	1028	ea681157bb0dafd4171049caa120a3fba13b19705a0376835baf5b7386a991d6	included	compact final report, aggregate, metric, status, or provenance
runs/30strains_30x/30strains_30x_dadec_dev_fix_a_k31_k31_s1_a2_a1/benchmark/provenance.json	/home/work/wenhai/dadec/benchmark/runs/30strains_30x/30strains_30x_dadec_dev_fix_a_k31_k31_s1_a2_a1/benchmark/provenance.json	3091	0bcaeb16426473431066c45ab79bfe529f6118c101932053df8cce92527c7c9a	included	compact final report, aggregate, metric, status, or provenance
runs/30strains_30x/30strains_30x_dadec_dev_fix_a_k31_k31_s1_a2_a1/benchmark/short_30x/dadec/resources.time.txt	/home/work/wenhai/dadec/benchmark/runs/30strains_30x/30strains_30x_dadec_dev_fix_a_k31_k31_s1_a2_a1/benchmark/short_30x/dadec/resources.time.txt	107	b74e115e0f004eda715ea761b99204b92b918e3dab91aeb860137e35a2227eaf	included	compact final report, aggregate, metric, status, or provenance
runs/30strains_30x/30strains_30x_dadec_dev_fix_a_k31_k31_s1_a2_a1/output/short_30x/dadec/metaquast.ambiguity9999/combined_reference/report.tsv	/home/work/wenhai/dadec/benchmark/runs/30strains_30x/30strains_30x_dadec_dev_fix_a_k31_k31_s1_a2_a1/output/short_30x/dadec/metaquast.ambiguity9999/combined_reference/report.tsv	1035	6de6d7a3abb78eea01e876f1433af93c641620612e051093c82bdcb21b08b1ff	included	compact final report, aggregate, metric, status, or provenance
runs/30strains_30x/30strains_30x_f_hero_original_k21_k59_hs10_hi1/benchmark/provenance.json	/home/work/wenhai/dadec/benchmark/runs/30strains_30x/30strains_30x_f_hero_original_k21_k59_hs10_hi1/benchmark/provenance.json	3358	1472cc9678786b70b3e540acdf4d65f67c61d182b31e82eef3b7c36e5f25281f	included	compact final report, aggregate, metric, status, or provenance
runs/30strains_30x/30strains_30x_f_hero_original_k21_k59_hs10_hi1/benchmark/short_30x/f_hero/resources.time.txt	/home/work/wenhai/dadec/benchmark/runs/30strains_30x/30strains_30x_f_hero_original_k21_k59_hs10_hi1/benchmark/short_30x/f_hero/resources.time.txt	116	8bbe36b52e1bddef2090eb89e18c46c5232e4b8440865fbd0350ca77423e70d5	included	compact final report, aggregate, metric, status, or provenance
runs/30strains_30x/30strains_30x_f_hero_original_k21_k59_hs10_hi1/output/short_30x/f_hero/metaquast.ambiguity9999/combined_reference/report.tsv	/home/work/wenhai/dadec/benchmark/runs/30strains_30x/30strains_30x_f_hero_original_k21_k59_hs10_hi1/output/short_30x/f_hero/metaquast.ambiguity9999/combined_reference/report.tsv	1028	2a0ca1fff4750adcc5673f65074ebaaf966a281e1505ea40afb8b2e626fa14aa	included	compact final report, aggregate, metric, status, or provenance
runs/30strains_30x/30strains_30x_fmlrc_original_k21_k59/benchmark/provenance.json	/home/work/wenhai/dadec/benchmark/runs/30strains_30x/30strains_30x_fmlrc_original_k21_k59/benchmark/provenance.json	3203	9c2e5972478dd22a46f5e7b3e896658d60542742e7639b676a00e35590928b98	included	compact final report, aggregate, metric, status, or provenance
runs/30strains_30x/30strains_30x_fmlrc_original_k21_k59/benchmark/short_30x/fmlrc/resources.time.txt	/home/work/wenhai/dadec/benchmark/runs/30strains_30x/30strains_30x_fmlrc_original_k21_k59/benchmark/short_30x/fmlrc/resources.time.txt	102	10208107f28e8a3324d1aedeed9556374487b87f36e2841a2eefdc6f61ace172	included	compact final report, aggregate, metric, status, or provenance
runs/30strains_30x/30strains_30x_fmlrc_original_k21_k59/output/short_30x/fmlrc/metaquast.ambiguity9999/combined_reference/report.tsv	/home/work/wenhai/dadec/benchmark/runs/30strains_30x/30strains_30x_fmlrc_original_k21_k59/output/short_30x/fmlrc/metaquast.ambiguity9999/combined_reference/report.tsv	1028	5370fb395d6b8a143cac607f02bd4956ed80cc9f9017703251b5d5b111ec9e2a	included	compact final report, aggregate, metric, status, or provenance
runs/30strains_30x/30strains_30x_l_hero_original_k31_ls5_hs10_hi1/benchmark/provenance.json	/home/work/wenhai/dadec/benchmark/runs/30strains_30x/30strains_30x_l_hero_original_k31_ls5_hs10_hi1/benchmark/provenance.json	3229	a82ce99f6081123b1772fe3dab08c8933d5ae15f44a67f03c46c54f7e5dc4454	included	compact final report, aggregate, metric, status, or provenance
runs/30strains_30x/30strains_30x_l_hero_original_k31_ls5_hs10_hi1/benchmark/short_30x/l_hero/resources.time.txt	/home/work/wenhai/dadec/benchmark/runs/30strains_30x/30strains_30x_l_hero_original_k31_ls5_hs10_hi1/benchmark/short_30x/l_hero/resources.time.txt	118	a66d51cd7df507f5e8f1f67b0c3d378fd4a150360e8e62987ebc39cdf4864686	included	compact final report, aggregate, metric, status, or provenance
runs/30strains_30x/30strains_30x_l_hero_original_k31_ls5_hs10_hi1/output/short_30x/l_hero/metaquast.ambiguity9999/combined_reference/report.tsv	/home/work/wenhai/dadec/benchmark/runs/30strains_30x/30strains_30x_l_hero_original_k31_ls5_hs10_hi1/output/short_30x/l_hero/metaquast.ambiguity9999/combined_reference/report.tsv	1029	c93126d739e3bfed6aab0df235b90f50fa94d7328f2f07e02d4a31648446e1ec	included	compact final report, aggregate, metric, status, or provenance
runs/30strains_30x/30strains_30x_lordec_original_k31_ls5/benchmark/provenance.json	/home/work/wenhai/dadec/benchmark/runs/30strains_30x/30strains_30x_lordec_original_k31_ls5/benchmark/provenance.json	3078	783dc40299e23dfd7086d9d0c6cf44ef178aec5bd6244b5c70486234807a53f6	included	compact final report, aggregate, metric, status, or provenance
runs/30strains_30x/30strains_30x_lordec_original_k31_ls5/benchmark/short_30x/lordec/resources.time.txt	/home/work/wenhai/dadec/benchmark/runs/30strains_30x/30strains_30x_lordec_original_k31_ls5/benchmark/short_30x/lordec/resources.time.txt	102	8a78a3e3bd382edb6ed5ccc15effe6dcd621719f224bf7c836504efa4183ce1d	included	compact final report, aggregate, metric, status, or provenance
runs/30strains_30x/30strains_30x_lordec_original_k31_ls5/output/short_30x/lordec/metaquast.ambiguity9999/combined_reference/report.tsv	/home/work/wenhai/dadec/benchmark/runs/30strains_30x/30strains_30x_lordec_original_k31_ls5/output/short_30x/lordec/metaquast.ambiguity9999/combined_reference/report.tsv	1025	aaa97607b14463577b62b2552085c76d573437826e156ab19f53592d697f1230	included	compact final report, aggregate, metric, status, or provenance
runs/30strains_30x/30strains_30x_proovread_original/benchmark/provenance.json	/home/work/wenhai/dadec/benchmark/runs/30strains_30x/30strains_30x_proovread_original/benchmark/provenance.json	3067	41ff1f5547716368ad72e584485f0d4527d37f21c2eccb8d5f682b04f29cd194	included	compact final report, aggregate, metric, status, or provenance
runs/30strains_30x/30strains_30x_proovread_original/benchmark/short_30x/proovread/resources.time.txt	/home/work/wenhai/dadec/benchmark/runs/30strains_30x/30strains_30x_proovread_original/benchmark/short_30x/proovread/resources.time.txt	109	bce40dce5a837755dc845c8e22d2f916215a8256757f11199285617b59870ae1	included	compact final report, aggregate, metric, status, or provenance
runs/30strains_30x/30strains_30x_proovread_original/output/short_30x/proovread/metaquast.ambiguity9999/combined_reference/report.tsv	/home/work/wenhai/dadec/benchmark/runs/30strains_30x/30strains_30x_proovread_original/output/short_30x/proovread/metaquast.ambiguity9999/combined_reference/report.tsv	1020	5412178e1aadcf21f07bc5650f3a4495d96d55639591c5b2c8b728f47b1423b6	included	compact final report, aggregate, metric, status, or provenance
runs/30strains_30x/30strains_30x_r_hero_original_k21_k31_hs10_hi1/benchmark/provenance.json	/home/work/wenhai/dadec/benchmark/runs/30strains_30x/30strains_30x_r_hero_original_k21_k31_hs10_hi1/benchmark/provenance.json	3215	cab57bcfadf205165d5e38b1cc5b16dc282e5f564977990bbc266c0d009b79ef	included	compact final report, aggregate, metric, status, or provenance
runs/30strains_30x/30strains_30x_r_hero_original_k21_k31_hs10_hi1/benchmark/short_30x/r_hero/resources.time.txt	/home/work/wenhai/dadec/benchmark/runs/30strains_30x/30strains_30x_r_hero_original_k21_k31_hs10_hi1/benchmark/short_30x/r_hero/resources.time.txt	118	b4b1a9854f318338a91326305090b4a17387b5f5f12c7e367af042887692220b	included	compact final report, aggregate, metric, status, or provenance
runs/30strains_30x/30strains_30x_r_hero_original_k21_k31_hs10_hi1/output/short_30x/r_hero/metaquast.ambiguity9999/combined_reference/report.tsv	/home/work/wenhai/dadec/benchmark/runs/30strains_30x/30strains_30x_r_hero_original_k21_k31_hs10_hi1/output/short_30x/r_hero/metaquast.ambiguity9999/combined_reference/report.tsv	1022	20f2c5df671b2a7c58827a8cbd3a848a8365891da590001a3e830ca2bfdc0fe1	included	compact final report, aggregate, metric, status, or provenance
runs/30strains_30x/30strains_30x_ratatosk_original_k21_k31/benchmark/provenance.json	/home/work/wenhai/dadec/benchmark/runs/30strains_30x/30strains_30x_ratatosk_original_k21_k31/benchmark/provenance.json	3075	5d03e61eadf430e947a63b20f11e676ac5ae0041f5d2c44511c9727f4085f86c	included	compact final report, aggregate, metric, status, or provenance
runs/30strains_30x/30strains_30x_ratatosk_original_k21_k31/benchmark/short_30x/ratatosk/resources.time.txt	/home/work/wenhai/dadec/benchmark/runs/30strains_30x/30strains_30x_ratatosk_original_k21_k31/benchmark/short_30x/ratatosk/resources.time.txt	106	ab2473b889345a90e8b57be25ebe6c8bf8e4a1e8693fcf9db57a03a81e6f2e54	included	compact final report, aggregate, metric, status, or provenance
runs/30strains_30x/30strains_30x_ratatosk_original_k21_k31/output/short_30x/ratatosk/metaquast.ambiguity9999/combined_reference/report.tsv	/home/work/wenhai/dadec/benchmark/runs/30strains_30x/30strains_30x_ratatosk_original_k21_k31/output/short_30x/ratatosk/metaquast.ambiguity9999/combined_reference/report.tsv	1023	6725c3c5e6f6c193c76c793136305558d75fed78a19326bc3c9c0313a33297c9	included	compact final report, aggregate, metric, status, or provenance
runs/30strains_40x/30strains_40x_colormap_original/benchmark/provenance.json	/home/work/wenhai/dadec/benchmark/runs/30strains_40x/30strains_40x_colormap_original/benchmark/provenance.json	3062	03f5e7c598e9f9fe4576394c6a0b505819000d902ca21d2ce092d77ca6f6b027	included	compact final report, aggregate, metric, status, or provenance
runs/30strains_40x/30strains_40x_colormap_original/benchmark/short_40x/colormap/resources.time.txt	/home/work/wenhai/dadec/benchmark/runs/30strains_40x/30strains_40x_colormap_original/benchmark/short_40x/colormap/resources.time.txt	108	c9369352d30d371152c0f9111a4eaef91c2d7a34c3718cadcb6c10d028136113	included	compact final report, aggregate, metric, status, or provenance
runs/30strains_40x/30strains_40x_colormap_original/output/short_40x/colormap/metaquast.ambiguity9999/combined_reference/report.tsv	/home/work/wenhai/dadec/benchmark/runs/30strains_40x/30strains_40x_colormap_original/output/short_40x/colormap/metaquast.ambiguity9999/combined_reference/report.tsv	1028	4b56a8d971e3d50353b22c2a978747410ad09492b9482ffacaa9e9ffcd241bb3	included	compact final report, aggregate, metric, status, or provenance
runs/30strains_40x/30strains_40x_dadec_dev_fix_a_k31_k31_s1_a2_a1/benchmark/provenance.json	/home/work/wenhai/dadec/benchmark/runs/30strains_40x/30strains_40x_dadec_dev_fix_a_k31_k31_s1_a2_a1/benchmark/provenance.json	3091	9d1967fdb04d457b243dd19c207e1218f4aaa254bb1a9cb0b8b148f84af73599	included	compact final report, aggregate, metric, status, or provenance
runs/30strains_40x/30strains_40x_dadec_dev_fix_a_k31_k31_s1_a2_a1/benchmark/short_40x/dadec/resources.time.txt	/home/work/wenhai/dadec/benchmark/runs/30strains_40x/30strains_40x_dadec_dev_fix_a_k31_k31_s1_a2_a1/benchmark/short_40x/dadec/resources.time.txt	109	eedd51b9864ac1d1ae43584c381dedf00b2b20262ce4155f92613f765ea33c2b	included	compact final report, aggregate, metric, status, or provenance
runs/30strains_40x/30strains_40x_dadec_dev_fix_a_k31_k31_s1_a2_a1/output/short_40x/dadec/metaquast.ambiguity9999/combined_reference/report.tsv	/home/work/wenhai/dadec/benchmark/runs/30strains_40x/30strains_40x_dadec_dev_fix_a_k31_k31_s1_a2_a1/output/short_40x/dadec/metaquast.ambiguity9999/combined_reference/report.tsv	1040	db70de2bc6e938609eb9828dca13a11e15ce3e8108285447df82c7b1ac73ec5c	included	compact final report, aggregate, metric, status, or provenance
runs/30strains_40x/30strains_40x_f_hero_original_k21_k59_hs10_hi1/benchmark/provenance.json	/home/work/wenhai/dadec/benchmark/runs/30strains_40x/30strains_40x_f_hero_original_k21_k59_hs10_hi1/benchmark/provenance.json	3359	7a63d404841200ce1370b2be09b20ce8b244c1185b2caad8027fc413e9c712ee	included	compact final report, aggregate, metric, status, or provenance
runs/30strains_40x/30strains_40x_f_hero_original_k21_k59_hs10_hi1/benchmark/short_40x/f_hero/resources.time.txt	/home/work/wenhai/dadec/benchmark/runs/30strains_40x/30strains_40x_f_hero_original_k21_k59_hs10_hi1/benchmark/short_40x/f_hero/resources.time.txt	118	86dc679abe2d0a79b914985e32a40fddda06ee84a905579aba3d3ffa4ee5d405	included	compact final report, aggregate, metric, status, or provenance
runs/30strains_40x/30strains_40x_f_hero_original_k21_k59_hs10_hi1/output/short_40x/f_hero/metaquast.ambiguity9999/combined_reference/report.tsv	/home/work/wenhai/dadec/benchmark/runs/30strains_40x/30strains_40x_f_hero_original_k21_k59_hs10_hi1/output/short_40x/f_hero/metaquast.ambiguity9999/combined_reference/report.tsv	1029	4fadc3796c3fd029d0a937b720a5e0af772a7e1fa60d059f404902ec43c7f04b	included	compact final report, aggregate, metric, status, or provenance
runs/30strains_40x/30strains_40x_fmlrc_original_k21_k59/benchmark/provenance.json	/home/work/wenhai/dadec/benchmark/runs/30strains_40x/30strains_40x_fmlrc_original_k21_k59/benchmark/provenance.json	3204	4e047d5f7567ac59ad44741e96a53598e99a3305695ce290ca2da562b13ba772	included	compact final report, aggregate, metric, status, or provenance
runs/30strains_40x/30strains_40x_fmlrc_original_k21_k59/benchmark/short_40x/fmlrc/resources.time.txt	/home/work/wenhai/dadec/benchmark/runs/30strains_40x/30strains_40x_fmlrc_original_k21_k59/benchmark/short_40x/fmlrc/resources.time.txt	102	ba6de1a07c402bdaced02b51ad4270c860e2adb11d54686f49de83a7cbe0b4af	included	compact final report, aggregate, metric, status, or provenance
runs/30strains_40x/30strains_40x_fmlrc_original_k21_k59/output/short_40x/fmlrc/metaquast.ambiguity9999/combined_reference/report.tsv	/home/work/wenhai/dadec/benchmark/runs/30strains_40x/30strains_40x_fmlrc_original_k21_k59/output/short_40x/fmlrc/metaquast.ambiguity9999/combined_reference/report.tsv	1028	e566e2d10d1e02e9d6208f3d095233da974a51b546eed2cc4795320754aa7a7c	included	compact final report, aggregate, metric, status, or provenance
runs/30strains_40x/30strains_40x_l_hero_original_k31_ls5_hs10_hi1/benchmark/provenance.json	/home/work/wenhai/dadec/benchmark/runs/30strains_40x/30strains_40x_l_hero_original_k31_ls5_hs10_hi1/benchmark/provenance.json	3230	8b3499b4e0b6f3c82a7093657bfcbf02c8d73f042072156ad6aa75bc6a1234b9	included	compact final report, aggregate, metric, status, or provenance
runs/30strains_40x/30strains_40x_l_hero_original_k31_ls5_hs10_hi1/benchmark/short_40x/l_hero/resources.time.txt	/home/work/wenhai/dadec/benchmark/runs/30strains_40x/30strains_40x_l_hero_original_k31_ls5_hs10_hi1/benchmark/short_40x/l_hero/resources.time.txt	115	4d4e177ac531d4db4a7a8a045e8584249a3431e4a61ac00e70b9733234b40755	included	compact final report, aggregate, metric, status, or provenance
runs/30strains_40x/30strains_40x_l_hero_original_k31_ls5_hs10_hi1/output/short_40x/l_hero/metaquast.ambiguity9999/combined_reference/report.tsv	/home/work/wenhai/dadec/benchmark/runs/30strains_40x/30strains_40x_l_hero_original_k31_ls5_hs10_hi1/output/short_40x/l_hero/metaquast.ambiguity9999/combined_reference/report.tsv	1028	871f2690b2be2c0a952a53c937f5c8601951f0e5b1b719ce08a36268c3361aa2	included	compact final report, aggregate, metric, status, or provenance
runs/30strains_40x/30strains_40x_lordec_original_k31_ls5/benchmark/provenance.json	/home/work/wenhai/dadec/benchmark/runs/30strains_40x/30strains_40x_lordec_original_k31_ls5/benchmark/provenance.json	3080	5b086ec88dae2eb5f980a0c1e99b0561ffccd0cd412ecd012a211eb44363ce3b	included	compact final report, aggregate, metric, status, or provenance
runs/30strains_40x/30strains_40x_lordec_original_k31_ls5/benchmark/short_40x/lordec/resources.time.txt	/home/work/wenhai/dadec/benchmark/runs/30strains_40x/30strains_40x_lordec_original_k31_ls5/benchmark/short_40x/lordec/resources.time.txt	103	5f5fb2f937196a3e21dffc0e01e2b2785cb64db67e82073287cfa8f961795484	included	compact final report, aggregate, metric, status, or provenance
runs/30strains_40x/30strains_40x_lordec_original_k31_ls5/output/short_40x/lordec/metaquast.ambiguity9999/combined_reference/report.tsv	/home/work/wenhai/dadec/benchmark/runs/30strains_40x/30strains_40x_lordec_original_k31_ls5/output/short_40x/lordec/metaquast.ambiguity9999/combined_reference/report.tsv	1025	03390bfc7b0149e3bc7ffbe3fc3de43b07b1e295e183597e9048228121639204	included	compact final report, aggregate, metric, status, or provenance
runs/30strains_40x/30strains_40x_proovread_original/benchmark/provenance.json	/home/work/wenhai/dadec/benchmark/runs/30strains_40x/30strains_40x_proovread_original/benchmark/provenance.json	3065	36752ff95a4a090b8510e5287e593bcf0a658e4a29afb5ee7b4af0ea10cdecfe	included	compact final report, aggregate, metric, status, or provenance
runs/30strains_40x/30strains_40x_proovread_original/benchmark/short_40x/proovread/resources.time.txt	/home/work/wenhai/dadec/benchmark/runs/30strains_40x/30strains_40x_proovread_original/benchmark/short_40x/proovread/resources.time.txt	108	693c67b00b8d8c633c19067356b355f5489ea7ae591fca0923cd960faf761b56	included	compact final report, aggregate, metric, status, or provenance
runs/30strains_40x/30strains_40x_proovread_original/output/short_40x/proovread/metaquast.ambiguity9999/combined_reference/report.tsv	/home/work/wenhai/dadec/benchmark/runs/30strains_40x/30strains_40x_proovread_original/output/short_40x/proovread/metaquast.ambiguity9999/combined_reference/report.tsv	1019	ba30f66363c61ecba413fff4dcb797e7ee81c76e4d08d53a0fff8a8e78e4ec6f	included	compact final report, aggregate, metric, status, or provenance
runs/30strains_40x/30strains_40x_r_hero_original_k21_k31_hs10_hi1/benchmark/provenance.json	/home/work/wenhai/dadec/benchmark/runs/30strains_40x/30strains_40x_r_hero_original_k21_k31_hs10_hi1/benchmark/provenance.json	3216	047451b0471db398d1eec248a50f5c8a79e7942c17a3b87106812cb7051f1947	included	compact final report, aggregate, metric, status, or provenance
runs/30strains_40x/30strains_40x_r_hero_original_k21_k31_hs10_hi1/benchmark/short_40x/r_hero/resources.time.txt	/home/work/wenhai/dadec/benchmark/runs/30strains_40x/30strains_40x_r_hero_original_k21_k31_hs10_hi1/benchmark/short_40x/r_hero/resources.time.txt	109	030f4ed22f9839dcc1ce1f3aca0fb925a5d0f36508c892a62b621e3f58a62169	included	compact final report, aggregate, metric, status, or provenance
runs/30strains_40x/30strains_40x_r_hero_original_k21_k31_hs10_hi1/output/short_40x/r_hero/metaquast.ambiguity9999/combined_reference/report.tsv	/home/work/wenhai/dadec/benchmark/runs/30strains_40x/30strains_40x_r_hero_original_k21_k31_hs10_hi1/output/short_40x/r_hero/metaquast.ambiguity9999/combined_reference/report.tsv	1024	adba7a9ecff56be1aec296efc4fad254a6fe7234efd9ed09ba6ac0e39ec52ec5	included	compact final report, aggregate, metric, status, or provenance
runs/30strains_40x/30strains_40x_ratatosk_original_k21_k31/benchmark/provenance.json	/home/work/wenhai/dadec/benchmark/runs/30strains_40x/30strains_40x_ratatosk_original_k21_k31/benchmark/provenance.json	3076	c07347cdd87e1fb31350b012fa57f8aa1dc10422388d71cf21ff7db0839da5d2	included	compact final report, aggregate, metric, status, or provenance
runs/30strains_40x/30strains_40x_ratatosk_original_k21_k31/benchmark/short_40x/ratatosk/resources.time.txt	/home/work/wenhai/dadec/benchmark/runs/30strains_40x/30strains_40x_ratatosk_original_k21_k31/benchmark/short_40x/ratatosk/resources.time.txt	107	a32223ab2d434b2f2a625bad50213b6e8a8ef2ce1130ff5bdf14330dabc978c9	included	compact final report, aggregate, metric, status, or provenance
runs/30strains_40x/30strains_40x_ratatosk_original_k21_k31/output/short_40x/ratatosk/metaquast.ambiguity9999/combined_reference/report.tsv	/home/work/wenhai/dadec/benchmark/runs/30strains_40x/30strains_40x_ratatosk_original_k21_k31/output/short_40x/ratatosk/metaquast.ambiguity9999/combined_reference/report.tsv	1024	d3d3af623b573ae52605b048b108ae125ad54021a1514b73f5085d8a1ff8122c	included	compact final report, aggregate, metric, status, or provenance
runs/30strains_50x/30strains_50x_colormap_original/benchmark/provenance.json	/home/work/wenhai/dadec/benchmark/runs/30strains_50x/30strains_50x_colormap_original/benchmark/provenance.json	3062	f92775cfa599ad91dd37c90cfa8fb1f2866436a7666c1ba5f20f5f54b3beac0d	included	compact final report, aggregate, metric, status, or provenance
runs/30strains_50x/30strains_50x_colormap_original/benchmark/short_50x/colormap/resources.time.txt	/home/work/wenhai/dadec/benchmark/runs/30strains_50x/30strains_50x_colormap_original/benchmark/short_50x/colormap/resources.time.txt	108	77f31df873adf1360a040ae802760d186f376cc75b662492200ce3b12f1758ea	included	compact final report, aggregate, metric, status, or provenance
runs/30strains_50x/30strains_50x_colormap_original/output/short_50x/colormap/metaquast.ambiguity9999/combined_reference/report.tsv	/home/work/wenhai/dadec/benchmark/runs/30strains_50x/30strains_50x_colormap_original/output/short_50x/colormap/metaquast.ambiguity9999/combined_reference/report.tsv	1028	05412b51b72c6b38eba39eef43ac5aab076d35f12c69f092c0814878d15f790e	included	compact final report, aggregate, metric, status, or provenance
runs/30strains_50x/30strains_50x_dadec_dev_fix_a_k31_k31_s1_a2_a1/benchmark/provenance.json	/home/work/wenhai/dadec/benchmark/runs/30strains_50x/30strains_50x_dadec_dev_fix_a_k31_k31_s1_a2_a1/benchmark/provenance.json	3091	dab6b2105ff322b051e0e23c307d93d23dc1255cce6d6bb8ac216a459e264f64	included	compact final report, aggregate, metric, status, or provenance
runs/30strains_50x/30strains_50x_dadec_dev_fix_a_k31_k31_s1_a2_a1/benchmark/short_50x/dadec/resources.time.txt	/home/work/wenhai/dadec/benchmark/runs/30strains_50x/30strains_50x_dadec_dev_fix_a_k31_k31_s1_a2_a1/benchmark/short_50x/dadec/resources.time.txt	109	a4f60370c6a34b13072f3c3172610c63153c86955f023bc9afc837cd8d8d4ca3	included	compact final report, aggregate, metric, status, or provenance
runs/30strains_50x/30strains_50x_dadec_dev_fix_a_k31_k31_s1_a2_a1/output/short_50x/dadec/metaquast.ambiguity9999/combined_reference/report.tsv	/home/work/wenhai/dadec/benchmark/runs/30strains_50x/30strains_50x_dadec_dev_fix_a_k31_k31_s1_a2_a1/output/short_50x/dadec/metaquast.ambiguity9999/combined_reference/report.tsv	1040	5ea84eb775980aa490533c993a4bd6e58f3234bf85774488bfa445ae2e41a19f	included	compact final report, aggregate, metric, status, or provenance
runs/30strains_50x/30strains_50x_f_hero_original_k21_k59_hs1_hi1/benchmark/provenance.json	/home/work/wenhai/dadec/benchmark/runs/30strains_50x/30strains_50x_f_hero_original_k21_k59_hs1_hi1/benchmark/provenance.json	3354	f1f2ea1275aefd8ef08c0500f34ed6d8b1fd06f5d3838eda90b2b199fd2abb0f	included	compact final report, aggregate, metric, status, or provenance
runs/30strains_50x/30strains_50x_f_hero_original_k21_k59_hs1_hi1/benchmark/short_50x/f_hero/resources.time.txt	/home/work/wenhai/dadec/benchmark/runs/30strains_50x/30strains_50x_f_hero_original_k21_k59_hs1_hi1/benchmark/short_50x/f_hero/resources.time.txt	118	f3b773cf3be28367a542b82d214b78f24c818889779534639dc0572cd4782c21	included	compact final report, aggregate, metric, status, or provenance
runs/30strains_50x/30strains_50x_f_hero_original_k21_k59_hs1_hi1/output/short_50x/f_hero/metaquast.ambiguity9999/combined_reference/report.tsv	/home/work/wenhai/dadec/benchmark/runs/30strains_50x/30strains_50x_f_hero_original_k21_k59_hs1_hi1/output/short_50x/f_hero/metaquast.ambiguity9999/combined_reference/report.tsv	1028	78d5b0a3ebcc42eadde66526a0664d79189bf0564d99063f397f55598536d421	included	compact final report, aggregate, metric, status, or provenance
runs/30strains_50x/30strains_50x_fmlrc_original_k21_k59/benchmark/provenance.json	/home/work/wenhai/dadec/benchmark/runs/30strains_50x/30strains_50x_fmlrc_original_k21_k59/benchmark/provenance.json	3204	e720206d51650d558bac88df158ebd1c0af00502e1970d2879acbacce0f4e343	included	compact final report, aggregate, metric, status, or provenance
runs/30strains_50x/30strains_50x_fmlrc_original_k21_k59/benchmark/short_50x/fmlrc/resources.time.txt	/home/work/wenhai/dadec/benchmark/runs/30strains_50x/30strains_50x_fmlrc_original_k21_k59/benchmark/short_50x/fmlrc/resources.time.txt	102	ee1c244f119d2bfc462c5316cbf1b9ede32c6ac53cb1059eba93b221cf05ec09	included	compact final report, aggregate, metric, status, or provenance
runs/30strains_50x/30strains_50x_fmlrc_original_k21_k59/output/short_50x/fmlrc/metaquast.ambiguity9999/combined_reference/report.tsv	/home/work/wenhai/dadec/benchmark/runs/30strains_50x/30strains_50x_fmlrc_original_k21_k59/output/short_50x/fmlrc/metaquast.ambiguity9999/combined_reference/report.tsv	1027	04220ae7d313b13b5db227c9f7c5553caa3f0b0d5e5a47cb0b123b585217408a	included	compact final report, aggregate, metric, status, or provenance
runs/30strains_50x/30strains_50x_l_hero_original_k31_ls5_hs1_hi1/benchmark/provenance.json	/home/work/wenhai/dadec/benchmark/runs/30strains_50x/30strains_50x_l_hero_original_k31_ls5_hs1_hi1/benchmark/provenance.json	3226	a61f3e6fe7e75ee022cd50e420767576201b00b4fa184af0f091dd23ea8e776b	included	compact final report, aggregate, metric, status, or provenance
runs/30strains_50x/30strains_50x_l_hero_original_k31_ls5_hs1_hi1/benchmark/short_50x/l_hero/resources.time.txt	/home/work/wenhai/dadec/benchmark/runs/30strains_50x/30strains_50x_l_hero_original_k31_ls5_hs1_hi1/benchmark/short_50x/l_hero/resources.time.txt	108	6255c266f4feef70baa2810864f6940b03b94a7211649f85eab58e6079353a9e	included	compact final report, aggregate, metric, status, or provenance
runs/30strains_50x/30strains_50x_l_hero_original_k31_ls5_hs1_hi1/output/short_50x/l_hero/metaquast.ambiguity9999/combined_reference/report.tsv	/home/work/wenhai/dadec/benchmark/runs/30strains_50x/30strains_50x_l_hero_original_k31_ls5_hs1_hi1/output/short_50x/l_hero/metaquast.ambiguity9999/combined_reference/report.tsv	1027	224f8f0d40d1d71bde79d0bbab20dd3f3d0ce6e89e63a3839e55add7bae0abb3	included	compact final report, aggregate, metric, status, or provenance
runs/30strains_50x/30strains_50x_lordec_original_k31_ls5/benchmark/provenance.json	/home/work/wenhai/dadec/benchmark/runs/30strains_50x/30strains_50x_lordec_original_k31_ls5/benchmark/provenance.json	3079	db33fbd8a3725dcb1e03c42a0f66ff0a94ccb5c9dab0eac706ca96fd423634d5	included	compact final report, aggregate, metric, status, or provenance
runs/30strains_50x/30strains_50x_lordec_original_k31_ls5/benchmark/short_50x/lordec/resources.time.txt	/home/work/wenhai/dadec/benchmark/runs/30strains_50x/30strains_50x_lordec_original_k31_ls5/benchmark/short_50x/lordec/resources.time.txt	103	394747d16c6c14944e26da34f9d2cc24e10cf2c654d3dff4439cbd80b41de282	included	compact final report, aggregate, metric, status, or provenance
runs/30strains_50x/30strains_50x_lordec_original_k31_ls5/output/short_50x/lordec/metaquast.ambiguity9999/combined_reference/report.tsv	/home/work/wenhai/dadec/benchmark/runs/30strains_50x/30strains_50x_lordec_original_k31_ls5/output/short_50x/lordec/metaquast.ambiguity9999/combined_reference/report.tsv	1025	d72433c946c5c3ccbc531057691142a7944ada06df98e2a214259d97e2aee012	included	compact final report, aggregate, metric, status, or provenance
runs/30strains_50x/30strains_50x_proovread_original/benchmark/provenance.json	/home/work/wenhai/dadec/benchmark/runs/30strains_50x/30strains_50x_proovread_original/benchmark/provenance.json	3065	f2455b42be75b98d6419b7d477e08608ce948821e750849b6eba2cf3a9794b33	included	compact final report, aggregate, metric, status, or provenance
runs/30strains_50x/30strains_50x_proovread_original/benchmark/short_50x/proovread/resources.time.txt	/home/work/wenhai/dadec/benchmark/runs/30strains_50x/30strains_50x_proovread_original/benchmark/short_50x/proovread/resources.time.txt	109	1ab240fe40286151fcbee50d2954c68db1173b27da93ab996417dec4262ec127	included	compact final report, aggregate, metric, status, or provenance
runs/30strains_50x/30strains_50x_proovread_original/output/short_50x/proovread/metaquast.ambiguity9999/combined_reference/report.tsv	/home/work/wenhai/dadec/benchmark/runs/30strains_50x/30strains_50x_proovread_original/output/short_50x/proovread/metaquast.ambiguity9999/combined_reference/report.tsv	1017	8fbf32876d345ff3088bf577ca3984b6197cc08e485a80980f318d39d1ccca90	included	compact final report, aggregate, metric, status, or provenance
runs/30strains_50x/30strains_50x_r_hero_original_k21_k31_hs1_hi1/benchmark/provenance.json	/home/work/wenhai/dadec/benchmark/runs/30strains_50x/30strains_50x_r_hero_original_k21_k31_hs1_hi1/benchmark/provenance.json	3211	8334cd364911500615f97fb615ebdb9cf533e9588f0561e78c4988ec5e57f698	included	compact final report, aggregate, metric, status, or provenance
runs/30strains_50x/30strains_50x_r_hero_original_k21_k31_hs1_hi1/benchmark/short_50x/r_hero/resources.time.txt	/home/work/wenhai/dadec/benchmark/runs/30strains_50x/30strains_50x_r_hero_original_k21_k31_hs1_hi1/benchmark/short_50x/r_hero/resources.time.txt	109	594de02666c71c2565e3a34a081346766018b5ab3bba767b7bd2fc4e61ee6eb4	included	compact final report, aggregate, metric, status, or provenance
runs/30strains_50x/30strains_50x_r_hero_original_k21_k31_hs1_hi1/output/short_50x/r_hero/metaquast.ambiguity9999/combined_reference/report.tsv	/home/work/wenhai/dadec/benchmark/runs/30strains_50x/30strains_50x_r_hero_original_k21_k31_hs1_hi1/output/short_50x/r_hero/metaquast.ambiguity9999/combined_reference/report.tsv	1028	41f5f13aa72f92adb38f566566e0797d5ee39f5a6c5086aeb9f8e5146373e692	included	compact final report, aggregate, metric, status, or provenance
runs/30strains_50x/30strains_50x_ratatosk_original_k21_k31/benchmark/provenance.json	/home/work/wenhai/dadec/benchmark/runs/30strains_50x/30strains_50x_ratatosk_original_k21_k31/benchmark/provenance.json	3075	a6b63268ddad49b3f85fcf7ca29b152bc1a58c05687f9e076b0ec698bbd5cf47	included	compact final report, aggregate, metric, status, or provenance
runs/30strains_50x/30strains_50x_ratatosk_original_k21_k31/benchmark/short_50x/ratatosk/resources.time.txt	/home/work/wenhai/dadec/benchmark/runs/30strains_50x/30strains_50x_ratatosk_original_k21_k31/benchmark/short_50x/ratatosk/resources.time.txt	108	5a289b57bb0f9c26d80366a4b5aeffe2cc1c189f3161a393a5c8cc03510b0118	included	compact final report, aggregate, metric, status, or provenance
runs/30strains_50x/30strains_50x_ratatosk_original_k21_k31/output/short_50x/ratatosk/metaquast.ambiguity9999/combined_reference/report.tsv	/home/work/wenhai/dadec/benchmark/runs/30strains_50x/30strains_50x_ratatosk_original_k21_k31/output/short_50x/ratatosk/metaquast.ambiguity9999/combined_reference/report.tsv	1025	4e90accfa61040d051bbe4335580d4e272f8eb432a8a4a4292f8f842986312c9	included	compact final report, aggregate, metric, status, or provenance
runs/30strains_legacy_10x/30strains_legacy_10x_colormap_original/benchmark/provenance.json	/home/work/wenhai/dadec/benchmark/runs/30strains_legacy_10x/30strains_legacy_10x_colormap_original/benchmark/provenance.json	2231	5bad9066ca2f5a5e6b559d99dcae26c395a420266526a0e88a98ff632b8aee0d	included	compact final report, aggregate, metric, status, or provenance
runs/30strains_legacy_10x/30strains_legacy_10x_colormap_original/benchmark/short_10x/colormap/resources.time.txt	/home/work/wenhai/dadec/benchmark/runs/30strains_legacy_10x/30strains_legacy_10x_colormap_original/benchmark/short_10x/colormap/resources.time.txt	106	e7d5c60ec5f60ff72605d45b87a51732c1448017a6ab52620c1fe57161690038	included	compact final report, aggregate, metric, status, or provenance
runs/30strains_legacy_10x/30strains_legacy_10x_colormap_original/output/short_10x/colormap/metaquast.ambiguity9999/combined_reference/report.tsv	/home/work/wenhai/dadec/benchmark/runs/30strains_legacy_10x/30strains_legacy_10x_colormap_original/output/short_10x/colormap/metaquast.ambiguity9999/combined_reference/report.tsv	1030	ce1530c67d9e8ce485b1f1f867788a92b4570c7074d535cc5b61da59cf2ca22a	included	compact final report, aggregate, metric, status, or provenance
runs/30strains_legacy_10x/30strains_legacy_10x_dadec_dev_fix_a_k21_k21_s1_a2_a1/benchmark/provenance.json	/home/work/wenhai/dadec/benchmark/runs/30strains_legacy_10x/30strains_legacy_10x_dadec_dev_fix_a_k21_k21_s1_a2_a1/benchmark/provenance.json	2260	a07d2d6f4b1a70be30f9097f2f1c1c81a721586499dcff144a2e2a7c07199124	included	compact final report, aggregate, metric, status, or provenance
runs/30strains_legacy_10x/30strains_legacy_10x_dadec_dev_fix_a_k21_k21_s1_a2_a1/benchmark/short_10x/dadec/resources.time.txt	/home/work/wenhai/dadec/benchmark/runs/30strains_legacy_10x/30strains_legacy_10x_dadec_dev_fix_a_k21_k21_s1_a2_a1/benchmark/short_10x/dadec/resources.time.txt	106	34f4797de6c14b3595227e6b7fe98f36df908b7a523f368c670860978b3445f5	included	compact final report, aggregate, metric, status, or provenance
runs/30strains_legacy_10x/30strains_legacy_10x_dadec_dev_fix_a_k21_k21_s1_a2_a1/output/short_10x/dadec/metaquast.ambiguity9999/combined_reference/report.tsv	/home/work/wenhai/dadec/benchmark/runs/30strains_legacy_10x/30strains_legacy_10x_dadec_dev_fix_a_k21_k21_s1_a2_a1/output/short_10x/dadec/metaquast.ambiguity9999/combined_reference/report.tsv	1038	56539d969739ddbcaacf0bf70b24a4e2fb7be3c25305e803d6e1b14709d21495	included	compact final report, aggregate, metric, status, or provenance
runs/30strains_legacy_10x/30strains_legacy_10x_f_hero_original_k21_k31_hs10_hi1/benchmark/provenance.json	/home/work/wenhai/dadec/benchmark/runs/30strains_legacy_10x/30strains_legacy_10x_f_hero_original_k21_k31_hs10_hi1/benchmark/provenance.json	2528	b40eee455f53261e952aa9eac1603f04112273d5109a3fbaca2126336b9f3931	included	compact final report, aggregate, metric, status, or provenance
runs/30strains_legacy_10x/30strains_legacy_10x_f_hero_original_k21_k31_hs10_hi1/benchmark/short_10x/f_hero/resources.time.txt	/home/work/wenhai/dadec/benchmark/runs/30strains_legacy_10x/30strains_legacy_10x_f_hero_original_k21_k31_hs10_hi1/benchmark/short_10x/f_hero/resources.time.txt	105	50adbd71a1bc64c2bceaaebf60992713e65c0177fcb8abbec154ffecbf693153	included	compact final report, aggregate, metric, status, or provenance
runs/30strains_legacy_10x/30strains_legacy_10x_f_hero_original_k21_k31_hs10_hi1/output/short_10x/f_hero/metaquast.ambiguity9999/combined_reference/report.tsv	/home/work/wenhai/dadec/benchmark/runs/30strains_legacy_10x/30strains_legacy_10x_f_hero_original_k21_k31_hs10_hi1/output/short_10x/f_hero/metaquast.ambiguity9999/combined_reference/report.tsv	1037	8232eab933793366cb987fa4bfee27b29bae6817ca6da87cdcdd05cbddf6925b	included	compact final report, aggregate, metric, status, or provenance
runs/30strains_legacy_10x/30strains_legacy_10x_fmlrc_original_k21_k31/benchmark/provenance.json	/home/work/wenhai/dadec/benchmark/runs/30strains_legacy_10x/30strains_legacy_10x_fmlrc_original_k21_k31/benchmark/provenance.json	2373	7f93571b1f44360276f75734113b7a09fb101c54f30d818c24e47373a9bbc2b3	included	compact final report, aggregate, metric, status, or provenance
runs/30strains_legacy_10x/30strains_legacy_10x_fmlrc_original_k21_k31/benchmark/short_10x/fmlrc/resources.time.txt	/home/work/wenhai/dadec/benchmark/runs/30strains_legacy_10x/30strains_legacy_10x_fmlrc_original_k21_k31/benchmark/short_10x/fmlrc/resources.time.txt	100	3a7323be74c2db20a7f91ebf96aa2d3354d23ccaaa45ba311d9dbac9a67229d8	included	compact final report, aggregate, metric, status, or provenance
runs/30strains_legacy_10x/30strains_legacy_10x_fmlrc_original_k21_k31/output/short_10x/fmlrc/metaquast.ambiguity9999/combined_reference/report.tsv	/home/work/wenhai/dadec/benchmark/runs/30strains_legacy_10x/30strains_legacy_10x_fmlrc_original_k21_k31/output/short_10x/fmlrc/metaquast.ambiguity9999/combined_reference/report.tsv	1033	6e0a17f5c0f6bbf0b472c0f3cbd67cde2b0d07d6492d5821c57121fdc1cce99b	included	compact final report, aggregate, metric, status, or provenance
runs/30strains_legacy_10x/30strains_legacy_10x_l_hero_original_k21_ls5_hs10_hi1/benchmark/provenance.json	/home/work/wenhai/dadec/benchmark/runs/30strains_legacy_10x/30strains_legacy_10x_l_hero_original_k21_ls5_hs10_hi1/benchmark/provenance.json	2399	5e6560fd30aef88e965229e478c3e2f4283db27a6bfc8f24c125b1bdfebcec5e	included	compact final report, aggregate, metric, status, or provenance
runs/30strains_legacy_10x/30strains_legacy_10x_l_hero_original_k21_ls5_hs10_hi1/benchmark/short_10x/l_hero/resources.time.txt	/home/work/wenhai/dadec/benchmark/runs/30strains_legacy_10x/30strains_legacy_10x_l_hero_original_k21_ls5_hs10_hi1/benchmark/short_10x/l_hero/resources.time.txt	118	5c9c00127428774a65100330d92b2332e6b3c47cc45fa24129ef95d36f582914	included	compact final report, aggregate, metric, status, or provenance
runs/30strains_legacy_10x/30strains_legacy_10x_l_hero_original_k21_ls5_hs10_hi1/output/short_10x/l_hero/metaquast.ambiguity9999/combined_reference/report.tsv	/home/work/wenhai/dadec/benchmark/runs/30strains_legacy_10x/30strains_legacy_10x_l_hero_original_k21_ls5_hs10_hi1/output/short_10x/l_hero/metaquast.ambiguity9999/combined_reference/report.tsv	1029	9540cc07969caa5936aa75ba502a4a0f9d298709dc792b86bde093172a38b770	included	compact final report, aggregate, metric, status, or provenance
runs/30strains_legacy_10x/30strains_legacy_10x_lordec_original_k21_ls5/benchmark/provenance.json	/home/work/wenhai/dadec/benchmark/runs/30strains_legacy_10x/30strains_legacy_10x_lordec_original_k21_ls5/benchmark/provenance.json	2249	3717ff55ec9f63d1c9f05eeba0495389b4df2d24dae94f4d76956af50b14d6c1	included	compact final report, aggregate, metric, status, or provenance
runs/30strains_legacy_10x/30strains_legacy_10x_lordec_original_k21_ls5/benchmark/short_10x/lordec/resources.time.txt	/home/work/wenhai/dadec/benchmark/runs/30strains_legacy_10x/30strains_legacy_10x_lordec_original_k21_ls5/benchmark/short_10x/lordec/resources.time.txt	102	4649ac8ad208e539e01a26ae187cba6db044a28e48a0a5ca08d636fd40f0f65c	included	compact final report, aggregate, metric, status, or provenance
runs/30strains_legacy_10x/30strains_legacy_10x_lordec_original_k21_ls5/output/short_10x/lordec/metaquast.ambiguity9999/combined_reference/report.tsv	/home/work/wenhai/dadec/benchmark/runs/30strains_legacy_10x/30strains_legacy_10x_lordec_original_k21_ls5/output/short_10x/lordec/metaquast.ambiguity9999/combined_reference/report.tsv	1027	e7d3318b2efaaae323b8b26daa6e158c832163f157118b4f4d9fdf7d383b94ff	included	compact final report, aggregate, metric, status, or provenance
runs/30strains_legacy_10x/30strains_legacy_10x_proovread_original/benchmark/provenance.json	/home/work/wenhai/dadec/benchmark/runs/30strains_legacy_10x/30strains_legacy_10x_proovread_original/benchmark/provenance.json	2235	00f5b13eab65e5df7de81709503bb93e252e9e0d754679b2114bc8047cbed626	included	compact final report, aggregate, metric, status, or provenance
runs/30strains_legacy_10x/30strains_legacy_10x_proovread_original/benchmark/short_10x/proovread/resources.time.txt	/home/work/wenhai/dadec/benchmark/runs/30strains_legacy_10x/30strains_legacy_10x_proovread_original/benchmark/short_10x/proovread/resources.time.txt	109	92362b5280f4a077e17e8cd4f6aff9a4f0552c8deb741b7206a04e5f9595fd6b	included	compact final report, aggregate, metric, status, or provenance
runs/30strains_legacy_10x/30strains_legacy_10x_proovread_original/output/short_10x/proovread/metaquast.ambiguity9999/combined_reference/report.tsv	/home/work/wenhai/dadec/benchmark/runs/30strains_legacy_10x/30strains_legacy_10x_proovread_original/output/short_10x/proovread/metaquast.ambiguity9999/combined_reference/report.tsv	1012	30f0be96926236f2c8fc42bb8ea0c2b259cfbd104002bd13c8dae55e26053ea3	included	compact final report, aggregate, metric, status, or provenance
runs/30strains_legacy_10x/30strains_legacy_10x_r_hero_original_k21_k31_hs10_hi1/benchmark/provenance.json	/home/work/wenhai/dadec/benchmark/runs/30strains_legacy_10x/30strains_legacy_10x_r_hero_original_k21_k31_hs10_hi1/benchmark/provenance.json	2385	62e3ccb9c13f4073ec1317f5db8aae696ef623a5d9653b6520d6c62f4883331e	included	compact final report, aggregate, metric, status, or provenance
runs/30strains_legacy_10x/30strains_legacy_10x_r_hero_original_k21_k31_hs10_hi1/benchmark/short_10x/r_hero/resources.time.txt	/home/work/wenhai/dadec/benchmark/runs/30strains_legacy_10x/30strains_legacy_10x_r_hero_original_k21_k31_hs10_hi1/benchmark/short_10x/r_hero/resources.time.txt	116	ba6fc2638654889a64c595e3773513226d8682126eda6d6a7725cc0115e679b6	included	compact final report, aggregate, metric, status, or provenance
runs/30strains_legacy_10x/30strains_legacy_10x_r_hero_original_k21_k31_hs10_hi1/output/short_10x/r_hero/metaquast.ambiguity9999/combined_reference/report.tsv	/home/work/wenhai/dadec/benchmark/runs/30strains_legacy_10x/30strains_legacy_10x_r_hero_original_k21_k31_hs10_hi1/output/short_10x/r_hero/metaquast.ambiguity9999/combined_reference/report.tsv	1028	2a8edc1b2d061528464d8a0a194bbf3fbedb0657b4c3d9fc39145ad8d9fb61c2	included	compact final report, aggregate, metric, status, or provenance
runs/30strains_legacy_10x/30strains_legacy_10x_ratatosk_original_k21_k31/benchmark/provenance.json	/home/work/wenhai/dadec/benchmark/runs/30strains_legacy_10x/30strains_legacy_10x_ratatosk_original_k21_k31/benchmark/provenance.json	2245	ed98c477472856d894e667fae1ca304a36fd080fb3f6573a199459dc3f82bf9c	included	compact final report, aggregate, metric, status, or provenance
runs/30strains_legacy_10x/30strains_legacy_10x_ratatosk_original_k21_k31/benchmark/short_10x/ratatosk/resources.time.txt	/home/work/wenhai/dadec/benchmark/runs/30strains_legacy_10x/30strains_legacy_10x_ratatosk_original_k21_k31/benchmark/short_10x/ratatosk/resources.time.txt	104	cbcdf6aaae19aecf69076cd4bf8d0597105a1dfd779e88cf2937ace5535d4751	included	compact final report, aggregate, metric, status, or provenance
runs/30strains_legacy_10x/30strains_legacy_10x_ratatosk_original_k21_k31/output/short_10x/ratatosk/metaquast.ambiguity9999/combined_reference/report.tsv	/home/work/wenhai/dadec/benchmark/runs/30strains_legacy_10x/30strains_legacy_10x_ratatosk_original_k21_k31/output/short_10x/ratatosk/metaquast.ambiguity9999/combined_reference/report.tsv	1027	7b78e0e17bb5e888bb2ce82c2e3493916149921660ae769362ca6a7570e8e0d1	included	compact final report, aggregate, metric, status, or provenance
runs/30strains_legacy_20x/30strains_legacy_20x_colormap_original/benchmark/provenance.json	/home/work/wenhai/dadec/benchmark/runs/30strains_legacy_20x/30strains_legacy_20x_colormap_original/benchmark/provenance.json	2231	f3e0b79721b1640b335c4eb2c24b611e6461d3f823ba8b41b226d15352067fb4	included	compact final report, aggregate, metric, status, or provenance
runs/30strains_legacy_20x/30strains_legacy_20x_colormap_original/benchmark/short_20x/colormap/resources.time.txt	/home/work/wenhai/dadec/benchmark/runs/30strains_legacy_20x/30strains_legacy_20x_colormap_original/benchmark/short_20x/colormap/resources.time.txt	108	6c220c67c685fcb1d749425b7bf863645b82ba6a9aef8a1c5a84a579d9d7fe53	included	compact final report, aggregate, metric, status, or provenance
runs/30strains_legacy_20x/30strains_legacy_20x_colormap_original/output/short_20x/colormap/metaquast.ambiguity9999/combined_reference/report.tsv	/home/work/wenhai/dadec/benchmark/runs/30strains_legacy_20x/30strains_legacy_20x_colormap_original/output/short_20x/colormap/metaquast.ambiguity9999/combined_reference/report.tsv	1028	ad914b676c42d224da91887ef02488ab958e3b7df3ac8e567d9852f28f99f2c1	included	compact final report, aggregate, metric, status, or provenance
runs/30strains_legacy_20x/30strains_legacy_20x_dadec_dev_fix_a_k21_k21_s1_a2_a1/benchmark/provenance.json	/home/work/wenhai/dadec/benchmark/runs/30strains_legacy_20x/30strains_legacy_20x_dadec_dev_fix_a_k21_k21_s1_a2_a1/benchmark/provenance.json	2260	ee9249725f24e7899f75529bee0bc666da3d74a044d3eff9bc34c5ab14601afb	included	compact final report, aggregate, metric, status, or provenance
runs/30strains_legacy_20x/30strains_legacy_20x_dadec_dev_fix_a_k21_k21_s1_a2_a1/benchmark/short_20x/dadec/resources.time.txt	/home/work/wenhai/dadec/benchmark/runs/30strains_legacy_20x/30strains_legacy_20x_dadec_dev_fix_a_k21_k21_s1_a2_a1/benchmark/short_20x/dadec/resources.time.txt	107	9ba6ce97b591394453f84c1deb9ce6f783a28f76c017cf414fc0d2ee05a4d08b	included	compact final report, aggregate, metric, status, or provenance
runs/30strains_legacy_20x/30strains_legacy_20x_dadec_dev_fix_a_k21_k21_s1_a2_a1/output/short_20x/dadec/metaquast.ambiguity9999/combined_reference/report.tsv	/home/work/wenhai/dadec/benchmark/runs/30strains_legacy_20x/30strains_legacy_20x_dadec_dev_fix_a_k21_k21_s1_a2_a1/output/short_20x/dadec/metaquast.ambiguity9999/combined_reference/report.tsv	1040	028a91c214d38207c460633bd8c1fe3487dd8f5645e73ba9f24603c783ec30da	included	compact final report, aggregate, metric, status, or provenance
runs/30strains_legacy_20x/30strains_legacy_20x_f_hero_original_k21_k31_hs10_hi1/benchmark/provenance.json	/home/work/wenhai/dadec/benchmark/runs/30strains_legacy_20x/30strains_legacy_20x_f_hero_original_k21_k31_hs10_hi1/benchmark/provenance.json	2528	a485fde3e5956b4025d6ace7943ba5ac4611b949d5e513828b688fb45eb0dcba	included	compact final report, aggregate, metric, status, or provenance
runs/30strains_legacy_20x/30strains_legacy_20x_f_hero_original_k21_k31_hs10_hi1/benchmark/short_20x/f_hero/resources.time.txt	/home/work/wenhai/dadec/benchmark/runs/30strains_legacy_20x/30strains_legacy_20x_f_hero_original_k21_k31_hs10_hi1/benchmark/short_20x/f_hero/resources.time.txt	116	53da82cf71ec154955f7849d75e32187958e3c8e9dfd906ba9993450bb554374	included	compact final report, aggregate, metric, status, or provenance
runs/30strains_legacy_20x/30strains_legacy_20x_f_hero_original_k21_k31_hs10_hi1/output/short_20x/f_hero/metaquast.ambiguity9999/combined_reference/report.tsv	/home/work/wenhai/dadec/benchmark/runs/30strains_legacy_20x/30strains_legacy_20x_f_hero_original_k21_k31_hs10_hi1/output/short_20x/f_hero/metaquast.ambiguity9999/combined_reference/report.tsv	1029	6d686005b10cabe889f9c5cb2ab7c7762a51a50e2c18982cd2f1e797640c96d5	included	compact final report, aggregate, metric, status, or provenance
runs/30strains_legacy_20x/30strains_legacy_20x_fmlrc_original_k21_k31/benchmark/provenance.json	/home/work/wenhai/dadec/benchmark/runs/30strains_legacy_20x/30strains_legacy_20x_fmlrc_original_k21_k31/benchmark/provenance.json	2373	f26453fb96d4e7da88e8da17336c0b3f9bda22fcf24b8661a116af3f1fe55bf6	included	compact final report, aggregate, metric, status, or provenance
runs/30strains_legacy_20x/30strains_legacy_20x_fmlrc_original_k21_k31/benchmark/short_20x/fmlrc/resources.time.txt	/home/work/wenhai/dadec/benchmark/runs/30strains_legacy_20x/30strains_legacy_20x_fmlrc_original_k21_k31/benchmark/short_20x/fmlrc/resources.time.txt	101	c91c97c397f023614211efe6c1588dd577b5d5df52adb1a54f290990279ed265	included	compact final report, aggregate, metric, status, or provenance
runs/30strains_legacy_20x/30strains_legacy_20x_fmlrc_original_k21_k31/output/short_20x/fmlrc/metaquast.ambiguity9999/combined_reference/report.tsv	/home/work/wenhai/dadec/benchmark/runs/30strains_legacy_20x/30strains_legacy_20x_fmlrc_original_k21_k31/output/short_20x/fmlrc/metaquast.ambiguity9999/combined_reference/report.tsv	1029	bdbf5bbb24ab613dfc6787ac998527333081133ee05d52d5a3e8fc25c87b9c09	included	compact final report, aggregate, metric, status, or provenance
runs/30strains_legacy_20x/30strains_legacy_20x_l_hero_original_k31_ls5_hs10_hi1/benchmark/provenance.json	/home/work/wenhai/dadec/benchmark/runs/30strains_legacy_20x/30strains_legacy_20x_l_hero_original_k31_ls5_hs10_hi1/benchmark/provenance.json	2399	1c37de01ab6af9b89dda708dfe973e5990777e5d081523fdc15f06f132a7346f	included	compact final report, aggregate, metric, status, or provenance
runs/30strains_legacy_20x/30strains_legacy_20x_l_hero_original_k31_ls5_hs10_hi1/benchmark/short_20x/l_hero/resources.time.txt	/home/work/wenhai/dadec/benchmark/runs/30strains_legacy_20x/30strains_legacy_20x_l_hero_original_k31_ls5_hs10_hi1/benchmark/short_20x/l_hero/resources.time.txt	107	71bff7f7c39a5f66faf280aecb2d700ee5dacf550ff016c08addbb2eac0366f7	included	compact final report, aggregate, metric, status, or provenance
runs/30strains_legacy_20x/30strains_legacy_20x_l_hero_original_k31_ls5_hs10_hi1/output/short_20x/l_hero/metaquast.ambiguity9999/combined_reference/report.tsv	/home/work/wenhai/dadec/benchmark/runs/30strains_legacy_20x/30strains_legacy_20x_l_hero_original_k31_ls5_hs10_hi1/output/short_20x/l_hero/metaquast.ambiguity9999/combined_reference/report.tsv	1031	d44f456f49c2d8a8d660df7d9cdb44d56c4a7f61aaf15e1a1e011115f3d4acfc	included	compact final report, aggregate, metric, status, or provenance
runs/30strains_legacy_20x/30strains_legacy_20x_lordec_original_k31_ls5/benchmark/provenance.json	/home/work/wenhai/dadec/benchmark/runs/30strains_legacy_20x/30strains_legacy_20x_lordec_original_k31_ls5/benchmark/provenance.json	2249	69b2cc523cb08ba7bb6631f1905e356e982bfbcd06630ccf78103ba72f66f700	included	compact final report, aggregate, metric, status, or provenance
runs/30strains_legacy_20x/30strains_legacy_20x_lordec_original_k31_ls5/benchmark/short_20x/lordec/resources.time.txt	/home/work/wenhai/dadec/benchmark/runs/30strains_legacy_20x/30strains_legacy_20x_lordec_original_k31_ls5/benchmark/short_20x/lordec/resources.time.txt	102	c97b5e0902a840a687315082d088e359c5ca898155a9c6606742aa3b0ee52249	included	compact final report, aggregate, metric, status, or provenance
runs/30strains_legacy_20x/30strains_legacy_20x_lordec_original_k31_ls5/output/short_20x/lordec/metaquast.ambiguity9999/combined_reference/report.tsv	/home/work/wenhai/dadec/benchmark/runs/30strains_legacy_20x/30strains_legacy_20x_lordec_original_k31_ls5/output/short_20x/lordec/metaquast.ambiguity9999/combined_reference/report.tsv	1028	e31700bc2757a1b8dae0df749ff2e9ad5a8a8597d4e91d983ab09a90accabb11	included	compact final report, aggregate, metric, status, or provenance
runs/30strains_legacy_20x/30strains_legacy_20x_proovread_original/benchmark/provenance.json	/home/work/wenhai/dadec/benchmark/runs/30strains_legacy_20x/30strains_legacy_20x_proovread_original/benchmark/provenance.json	2234	9c6bb94d37e40db43e548f3447a47fb8ff4bf686759eaf19c0290ae5cef01ea5	included	compact final report, aggregate, metric, status, or provenance
runs/30strains_legacy_20x/30strains_legacy_20x_proovread_original/benchmark/short_20x/proovread/resources.time.txt	/home/work/wenhai/dadec/benchmark/runs/30strains_legacy_20x/30strains_legacy_20x_proovread_original/benchmark/short_20x/proovread/resources.time.txt	109	75a008eae126f3069f981249e53fb4dcbe5fe5e421345677ed4f095d563970de	included	compact final report, aggregate, metric, status, or provenance
runs/30strains_legacy_20x/30strains_legacy_20x_proovread_original/output/short_20x/proovread/metaquast.ambiguity9999/combined_reference/report.tsv	/home/work/wenhai/dadec/benchmark/runs/30strains_legacy_20x/30strains_legacy_20x_proovread_original/output/short_20x/proovread/metaquast.ambiguity9999/combined_reference/report.tsv	1014	af479c192cf7d4848358b01161ed0e23124b913205d00641b420a1a4d3d2d044	included	compact final report, aggregate, metric, status, or provenance
runs/30strains_legacy_20x/30strains_legacy_20x_r_hero_original_k21_k31_hs10_hi1/benchmark/provenance.json	/home/work/wenhai/dadec/benchmark/runs/30strains_legacy_20x/30strains_legacy_20x_r_hero_original_k21_k31_hs10_hi1/benchmark/provenance.json	2385	d943fc601f65cead1509f8e051b5c44d27d2b932708cf322b60585745c5710b5	included	compact final report, aggregate, metric, status, or provenance
runs/30strains_legacy_20x/30strains_legacy_20x_r_hero_original_k21_k31_hs10_hi1/benchmark/short_20x/r_hero/resources.time.txt	/home/work/wenhai/dadec/benchmark/runs/30strains_legacy_20x/30strains_legacy_20x_r_hero_original_k21_k31_hs10_hi1/benchmark/short_20x/r_hero/resources.time.txt	118	15c21889bb398779298ffa9d3a5ebdb15e54717c325f9eafabc4e6aa61deac0d	included	compact final report, aggregate, metric, status, or provenance
runs/30strains_legacy_20x/30strains_legacy_20x_r_hero_original_k21_k31_hs10_hi1/output/short_20x/r_hero/metaquast.ambiguity9999/combined_reference/report.tsv	/home/work/wenhai/dadec/benchmark/runs/30strains_legacy_20x/30strains_legacy_20x_r_hero_original_k21_k31_hs10_hi1/output/short_20x/r_hero/metaquast.ambiguity9999/combined_reference/report.tsv	1022	721210fb431bd4edcee99925b03d76383769d69bc948ab1c1f7ef520ba0f54f9	included	compact final report, aggregate, metric, status, or provenance
runs/30strains_legacy_20x/30strains_legacy_20x_ratatosk_original_k21_k31/benchmark/provenance.json	/home/work/wenhai/dadec/benchmark/runs/30strains_legacy_20x/30strains_legacy_20x_ratatosk_original_k21_k31/benchmark/provenance.json	2245	05d20b6d2aab2af95cbcd5b22d15e5c87a114c3c2772a20d58930552e0441573	included	compact final report, aggregate, metric, status, or provenance
runs/30strains_legacy_20x/30strains_legacy_20x_ratatosk_original_k21_k31/benchmark/short_20x/ratatosk/resources.time.txt	/home/work/wenhai/dadec/benchmark/runs/30strains_legacy_20x/30strains_legacy_20x_ratatosk_original_k21_k31/benchmark/short_20x/ratatosk/resources.time.txt	104	54054f432bda89bb1e6aea0c59e0c1a9c4dc758b8a7a66ffaaf09162015cb5aa	included	compact final report, aggregate, metric, status, or provenance
runs/30strains_legacy_20x/30strains_legacy_20x_ratatosk_original_k21_k31/output/short_20x/ratatosk/metaquast.ambiguity9999/combined_reference/report.tsv	/home/work/wenhai/dadec/benchmark/runs/30strains_legacy_20x/30strains_legacy_20x_ratatosk_original_k21_k31/output/short_20x/ratatosk/metaquast.ambiguity9999/combined_reference/report.tsv	1024	adf3a0a3596a1fd6fbf12c0593dccda37eb37b200aa4842e9fa2d083a74c594d	included	compact final report, aggregate, metric, status, or provenance
runs/30strains_legacy_30x/30strains_legacy_30x_colormap_original/benchmark/provenance.json	/home/work/wenhai/dadec/benchmark/runs/30strains_legacy_30x/30strains_legacy_30x_colormap_original/benchmark/provenance.json	2218	9ad97ba879034c1e118cfb1dc8be234575d44cf7555f7f9ee4757b7a98b67569	included	compact final report, aggregate, metric, status, or provenance
runs/30strains_legacy_30x/30strains_legacy_30x_colormap_original/benchmark/short_30x/colormap/resources.time.txt	/home/work/wenhai/dadec/benchmark/runs/30strains_legacy_30x/30strains_legacy_30x_colormap_original/benchmark/short_30x/colormap/resources.time.txt	108	cf8b19c9b5a0233ec36e8a64a0f8ad81060837e5a8f2d13192590fd2c6d4fd62	included	compact final report, aggregate, metric, status, or provenance
runs/30strains_legacy_30x/30strains_legacy_30x_colormap_original/output/short_30x/colormap/metaquast.ambiguity9999/combined_reference/report.tsv	/home/work/wenhai/dadec/benchmark/runs/30strains_legacy_30x/30strains_legacy_30x_colormap_original/output/short_30x/colormap/metaquast.ambiguity9999/combined_reference/report.tsv	1028	f69b360b916bbfbc7b8e1b0237b9826383554c1330675b8e0d497cec12e40370	included	compact final report, aggregate, metric, status, or provenance
runs/30strains_legacy_30x/30strains_legacy_30x_dadec_dev_fix_a_k31_k31_s1_a2_a1/benchmark/provenance.json	/home/work/wenhai/dadec/benchmark/runs/30strains_legacy_30x/30strains_legacy_30x_dadec_dev_fix_a_k31_k31_s1_a2_a1/benchmark/provenance.json	2260	1600e020f0320fcf044e7e7f1127d38f0e820033f03388dfd695e237e5f7fdaa	included	compact final report, aggregate, metric, status, or provenance
runs/30strains_legacy_30x/30strains_legacy_30x_dadec_dev_fix_a_k31_k31_s1_a2_a1/benchmark/short_30x/dadec/resources.time.txt	/home/work/wenhai/dadec/benchmark/runs/30strains_legacy_30x/30strains_legacy_30x_dadec_dev_fix_a_k31_k31_s1_a2_a1/benchmark/short_30x/dadec/resources.time.txt	107	b3c9d8b56e5a3e3ac3f68422f381b7976b9cd507a03d50f1ad87a76f1bbd2922	included	compact final report, aggregate, metric, status, or provenance
runs/30strains_legacy_30x/30strains_legacy_30x_dadec_dev_fix_a_k31_k31_s1_a2_a1/output/short_30x/dadec/metaquast.ambiguity9999/combined_reference/report.tsv	/home/work/wenhai/dadec/benchmark/runs/30strains_legacy_30x/30strains_legacy_30x_dadec_dev_fix_a_k31_k31_s1_a2_a1/output/short_30x/dadec/metaquast.ambiguity9999/combined_reference/report.tsv	1035	54fec22a9a7e844025164a340937b13bb67d3918d46b29c09db680533d33b0d5	included	compact final report, aggregate, metric, status, or provenance
runs/30strains_legacy_30x/30strains_legacy_30x_f_hero_original_k21_k59_hs10_hi1/benchmark/provenance.json	/home/work/wenhai/dadec/benchmark/runs/30strains_legacy_30x/30strains_legacy_30x_f_hero_original_k21_k59_hs10_hi1/benchmark/provenance.json	2529	9e61805efbdf2963e34c0abb0a624431dc539d674678b0884a7a4cdfba7b13c1	included	compact final report, aggregate, metric, status, or provenance
runs/30strains_legacy_30x/30strains_legacy_30x_f_hero_original_k21_k59_hs10_hi1/benchmark/short_30x/f_hero/resources.time.txt	/home/work/wenhai/dadec/benchmark/runs/30strains_legacy_30x/30strains_legacy_30x_f_hero_original_k21_k59_hs10_hi1/benchmark/short_30x/f_hero/resources.time.txt	106	c0fe448611f3c847298d2b98252cd0d5b51229017ab57ffd3755a2d13105c8a8	included	compact final report, aggregate, metric, status, or provenance
runs/30strains_legacy_30x/30strains_legacy_30x_f_hero_original_k21_k59_hs10_hi1/output/short_30x/f_hero/metaquast.ambiguity9999/combined_reference/report.tsv	/home/work/wenhai/dadec/benchmark/runs/30strains_legacy_30x/30strains_legacy_30x_f_hero_original_k21_k59_hs10_hi1/output/short_30x/f_hero/metaquast.ambiguity9999/combined_reference/report.tsv	1028	5cbb5f069f144b9a9dcd0c8678fce37c18f517c25daa7a03ed1ae20fed3ef4ab	included	compact final report, aggregate, metric, status, or provenance
runs/30strains_legacy_30x/30strains_legacy_30x_fmlrc_original_k21_k59/benchmark/provenance.json	/home/work/wenhai/dadec/benchmark/runs/30strains_legacy_30x/30strains_legacy_30x_fmlrc_original_k21_k59/benchmark/provenance.json	2360	73b15668568bcd5efdf8dc75cd145e535016acc0bd7326a16d9133018c3705bd	included	compact final report, aggregate, metric, status, or provenance
runs/30strains_legacy_30x/30strains_legacy_30x_fmlrc_original_k21_k59/benchmark/short_30x/fmlrc/resources.time.txt	/home/work/wenhai/dadec/benchmark/runs/30strains_legacy_30x/30strains_legacy_30x_fmlrc_original_k21_k59/benchmark/short_30x/fmlrc/resources.time.txt	102	65d1be1c9eada29e0b91f5920511f86ee39bd13d67b3ea9c03237da6c6bc3e08	included	compact final report, aggregate, metric, status, or provenance
runs/30strains_legacy_30x/30strains_legacy_30x_fmlrc_original_k21_k59/output/short_30x/fmlrc/metaquast.ambiguity9999/combined_reference/report.tsv	/home/work/wenhai/dadec/benchmark/runs/30strains_legacy_30x/30strains_legacy_30x_fmlrc_original_k21_k59/output/short_30x/fmlrc/metaquast.ambiguity9999/combined_reference/report.tsv	1028	063c0ff5fb48341f5bdb4c43e6b954fabae58c10743a001969d69bc26a96b303	included	compact final report, aggregate, metric, status, or provenance
runs/30strains_legacy_30x/30strains_legacy_30x_l_hero_original_k31_ls5_hs10_hi1/benchmark/provenance.json	/home/work/wenhai/dadec/benchmark/runs/30strains_legacy_30x/30strains_legacy_30x_l_hero_original_k31_ls5_hs10_hi1/benchmark/provenance.json	2400	517bb020e29098bf9348f562fc35e2b775ea3cff53fa02777012d78566886dbb	included	compact final report, aggregate, metric, status, or provenance
runs/30strains_legacy_30x/30strains_legacy_30x_l_hero_original_k31_ls5_hs10_hi1/benchmark/short_30x/l_hero/resources.time.txt	/home/work/wenhai/dadec/benchmark/runs/30strains_legacy_30x/30strains_legacy_30x_l_hero_original_k31_ls5_hs10_hi1/benchmark/short_30x/l_hero/resources.time.txt	118	14583271b7194ea43d8d6b1a15cbc52ced76b410362c9da8fdee991e80c83289	included	compact final report, aggregate, metric, status, or provenance
runs/30strains_legacy_30x/30strains_legacy_30x_l_hero_original_k31_ls5_hs10_hi1/output/short_30x/l_hero/metaquast.ambiguity9999/combined_reference/report.tsv	/home/work/wenhai/dadec/benchmark/runs/30strains_legacy_30x/30strains_legacy_30x_l_hero_original_k31_ls5_hs10_hi1/output/short_30x/l_hero/metaquast.ambiguity9999/combined_reference/report.tsv	1027	728e9c9832f385bdae26079b4902541d6751be7c875e61cb43344041b5e3294c	included	compact final report, aggregate, metric, status, or provenance
runs/30strains_legacy_30x/30strains_legacy_30x_lordec_original_k31_ls5/benchmark/provenance.json	/home/work/wenhai/dadec/benchmark/runs/30strains_legacy_30x/30strains_legacy_30x_lordec_original_k31_ls5/benchmark/provenance.json	2236	4906663618e216c3c37759b5575047357c6087035c77d20395576427206ec38c	included	compact final report, aggregate, metric, status, or provenance
runs/30strains_legacy_30x/30strains_legacy_30x_lordec_original_k31_ls5/benchmark/short_30x/lordec/resources.time.txt	/home/work/wenhai/dadec/benchmark/runs/30strains_legacy_30x/30strains_legacy_30x_lordec_original_k31_ls5/benchmark/short_30x/lordec/resources.time.txt	103	9b2185a9803f67fb583acdf781cbdeb72f1676480892a8fed0aadfdfb147ed0c	included	compact final report, aggregate, metric, status, or provenance
runs/30strains_legacy_30x/30strains_legacy_30x_lordec_original_k31_ls5/output/short_30x/lordec/metaquast.ambiguity9999/combined_reference/report.tsv	/home/work/wenhai/dadec/benchmark/runs/30strains_legacy_30x/30strains_legacy_30x_lordec_original_k31_ls5/output/short_30x/lordec/metaquast.ambiguity9999/combined_reference/report.tsv	1026	ba32c03a5e8da44e4a12f385ce0b9990b4b9a49d6110cd688386b1acf6321012	included	compact final report, aggregate, metric, status, or provenance
runs/30strains_legacy_30x/30strains_legacy_30x_proovread_original/benchmark/provenance.json	/home/work/wenhai/dadec/benchmark/runs/30strains_legacy_30x/30strains_legacy_30x_proovread_original/benchmark/provenance.json	2222	b3616df51bd70a02b68b0f478796c72bf1fb090b741df9d181c1deae96586465	included	compact final report, aggregate, metric, status, or provenance
runs/30strains_legacy_30x/30strains_legacy_30x_proovread_original/benchmark/short_30x/proovread/resources.time.txt	/home/work/wenhai/dadec/benchmark/runs/30strains_legacy_30x/30strains_legacy_30x_proovread_original/benchmark/short_30x/proovread/resources.time.txt	109	12822a61bf0bc4db2dc2ce07dd5f104f23ebd4da5a3f6e317e58deac86d488f6	included	compact final report, aggregate, metric, status, or provenance
runs/30strains_legacy_30x/30strains_legacy_30x_proovread_original/output/short_30x/proovread/metaquast.ambiguity9999/combined_reference/report.tsv	/home/work/wenhai/dadec/benchmark/runs/30strains_legacy_30x/30strains_legacy_30x_proovread_original/output/short_30x/proovread/metaquast.ambiguity9999/combined_reference/report.tsv	1011	bcb04d0ed5a0b791e60a3de012242b901045834c82ffd9d63bd948cc8ebca0fb	included	compact final report, aggregate, metric, status, or provenance
runs/30strains_legacy_30x/30strains_legacy_30x_r_hero_original_k21_k31_hs10_hi1/benchmark/provenance.json	/home/work/wenhai/dadec/benchmark/runs/30strains_legacy_30x/30strains_legacy_30x_r_hero_original_k21_k31_hs10_hi1/benchmark/provenance.json	2386	9e4327bc601ed89fa16924b937cccb89798720cbb0a9e336d1b654436e212fdf	included	compact final report, aggregate, metric, status, or provenance
runs/30strains_legacy_30x/30strains_legacy_30x_r_hero_original_k21_k31_hs10_hi1/benchmark/short_30x/r_hero/resources.time.txt	/home/work/wenhai/dadec/benchmark/runs/30strains_legacy_30x/30strains_legacy_30x_r_hero_original_k21_k31_hs10_hi1/benchmark/short_30x/r_hero/resources.time.txt	117	6769da05aa221b9d59d9c620c0942fa06aaaa17c03fc2846d92bf17be2f8dc77	included	compact final report, aggregate, metric, status, or provenance
runs/30strains_legacy_30x/30strains_legacy_30x_r_hero_original_k21_k31_hs10_hi1/output/short_30x/r_hero/metaquast.ambiguity9999/combined_reference/report.tsv	/home/work/wenhai/dadec/benchmark/runs/30strains_legacy_30x/30strains_legacy_30x_r_hero_original_k21_k31_hs10_hi1/output/short_30x/r_hero/metaquast.ambiguity9999/combined_reference/report.tsv	1021	c4a04237bad6c900a0e50f2522699605fa1193c6d9a8cb9909e271b2df492059	included	compact final report, aggregate, metric, status, or provenance
runs/30strains_legacy_30x/30strains_legacy_30x_ratatosk_original_k21_k31/benchmark/provenance.json	/home/work/wenhai/dadec/benchmark/runs/30strains_legacy_30x/30strains_legacy_30x_ratatosk_original_k21_k31/benchmark/provenance.json	2232	a407f4b7851375782bfc5e7a44d7ef173fa6be6d43a666f343a073a55d7e2267	included	compact final report, aggregate, metric, status, or provenance
runs/30strains_legacy_30x/30strains_legacy_30x_ratatosk_original_k21_k31/benchmark/short_30x/ratatosk/resources.time.txt	/home/work/wenhai/dadec/benchmark/runs/30strains_legacy_30x/30strains_legacy_30x_ratatosk_original_k21_k31/benchmark/short_30x/ratatosk/resources.time.txt	106	374b2c17f7bcac0a59fb2ab505c3a58eed7f1e765b1ceee50cd1e89b6e3924d4	included	compact final report, aggregate, metric, status, or provenance
runs/30strains_legacy_30x/30strains_legacy_30x_ratatosk_original_k21_k31/output/short_30x/ratatosk/metaquast.ambiguity9999/combined_reference/report.tsv	/home/work/wenhai/dadec/benchmark/runs/30strains_legacy_30x/30strains_legacy_30x_ratatosk_original_k21_k31/output/short_30x/ratatosk/metaquast.ambiguity9999/combined_reference/report.tsv	1024	ecc1cde329f22bfa522c73a763c0bd8bdd3716b807ad38f8de5aa04432dd14aa	included	compact final report, aggregate, metric, status, or provenance
runs/30strains_legacy_40x/30strains_legacy_40x_colormap_original/benchmark/provenance.json	/home/work/wenhai/dadec/benchmark/runs/30strains_legacy_40x/30strains_legacy_40x_colormap_original/benchmark/provenance.json	2218	7d3c4f4f92e6c32becee286bc954841fc9833e7445c90390ad2f886c55eca405	included	compact final report, aggregate, metric, status, or provenance
runs/30strains_legacy_40x/30strains_legacy_40x_colormap_original/benchmark/short_40x/colormap/resources.time.txt	/home/work/wenhai/dadec/benchmark/runs/30strains_legacy_40x/30strains_legacy_40x_colormap_original/benchmark/short_40x/colormap/resources.time.txt	108	8ae2f9423f2c1de40d4deabcae3971d0667dd3e9518385fed80117c9454fecac	included	compact final report, aggregate, metric, status, or provenance
runs/30strains_legacy_40x/30strains_legacy_40x_colormap_original/output/short_40x/colormap/metaquast.ambiguity9999/combined_reference/report.tsv	/home/work/wenhai/dadec/benchmark/runs/30strains_legacy_40x/30strains_legacy_40x_colormap_original/output/short_40x/colormap/metaquast.ambiguity9999/combined_reference/report.tsv	1028	43ee3f1bb2198af8b09900656c1cc4c0f886fb48c7274ab62c565ad3723ff2be	included	compact final report, aggregate, metric, status, or provenance
runs/30strains_legacy_40x/30strains_legacy_40x_dadec_dev_fix_a_k31_k31_s1_a2_a1/benchmark/provenance.json	/home/work/wenhai/dadec/benchmark/runs/30strains_legacy_40x/30strains_legacy_40x_dadec_dev_fix_a_k31_k31_s1_a2_a1/benchmark/provenance.json	2260	ec7c4996ae47ae089c185ab49256f2a933c19af6f7374f4f9e2c749a123b16a3	included	compact final report, aggregate, metric, status, or provenance
runs/30strains_legacy_40x/30strains_legacy_40x_dadec_dev_fix_a_k31_k31_s1_a2_a1/benchmark/short_40x/dadec/resources.time.txt	/home/work/wenhai/dadec/benchmark/runs/30strains_legacy_40x/30strains_legacy_40x_dadec_dev_fix_a_k31_k31_s1_a2_a1/benchmark/short_40x/dadec/resources.time.txt	108	ebbf1850c3f80651f96f3c0985a1321bf4cb5ec344e6c44895d3eff44fe23871	included	compact final report, aggregate, metric, status, or provenance
runs/30strains_legacy_40x/30strains_legacy_40x_dadec_dev_fix_a_k31_k31_s1_a2_a1/output/short_40x/dadec/metaquast.ambiguity9999/combined_reference/report.tsv	/home/work/wenhai/dadec/benchmark/runs/30strains_legacy_40x/30strains_legacy_40x_dadec_dev_fix_a_k31_k31_s1_a2_a1/output/short_40x/dadec/metaquast.ambiguity9999/combined_reference/report.tsv	1034	426fb7ea76ccff2ca4a0511a443cf5f455dcd7456d8eb1942b49957d23fb7050	included	compact final report, aggregate, metric, status, or provenance
runs/30strains_legacy_40x/30strains_legacy_40x_f_hero_original_k21_k59_hs10_hi1/benchmark/provenance.json	/home/work/wenhai/dadec/benchmark/runs/30strains_legacy_40x/30strains_legacy_40x_f_hero_original_k21_k59_hs10_hi1/benchmark/provenance.json	2116	28d93428f581694284445007a42439f58d5901f01af725b5f25b1a74d4d791eb	included	compact final report, aggregate, metric, status, or provenance
runs/30strains_legacy_40x/30strains_legacy_40x_f_hero_original_k21_k59_hs10_hi1/output/short_40x/f_hero/metaquast.ambiguity9999/combined_reference/report.tsv	/home/work/wenhai/dadec/benchmark/runs/30strains_legacy_40x/30strains_legacy_40x_f_hero_original_k21_k59_hs10_hi1/output/short_40x/f_hero/metaquast.ambiguity9999/combined_reference/report.tsv	1025	73c7698f5a3132d20a5c0601534989c1641af43efd251168880e66a510052cd8	included	compact final report, aggregate, metric, status, or provenance
runs/30strains_legacy_40x/30strains_legacy_40x_fmlrc_original_k21_k59/benchmark/provenance.json	/home/work/wenhai/dadec/benchmark/runs/30strains_legacy_40x/30strains_legacy_40x_fmlrc_original_k21_k59/benchmark/provenance.json	2360	1f4675c4026a00ce7f48ab3aa7e489ef212c981192a09d55454355e101806167	included	compact final report, aggregate, metric, status, or provenance
runs/30strains_legacy_40x/30strains_legacy_40x_fmlrc_original_k21_k59/benchmark/short_40x/fmlrc/resources.time.txt	/home/work/wenhai/dadec/benchmark/runs/30strains_legacy_40x/30strains_legacy_40x_fmlrc_original_k21_k59/benchmark/short_40x/fmlrc/resources.time.txt	102	ae2a7f059ccd0e59e920d12bf14ce4f5c094dc50b35c6ea6e24a158e1ec58d62	included	compact final report, aggregate, metric, status, or provenance
runs/30strains_legacy_40x/30strains_legacy_40x_fmlrc_original_k21_k59/output/short_40x/fmlrc/metaquast.ambiguity9999/combined_reference/report.tsv	/home/work/wenhai/dadec/benchmark/runs/30strains_legacy_40x/30strains_legacy_40x_fmlrc_original_k21_k59/output/short_40x/fmlrc/metaquast.ambiguity9999/combined_reference/report.tsv	1028	3824e08118bf95f7f537049b5655572fa6c216b7c07ef01ef295ce1469ecfa61	included	compact final report, aggregate, metric, status, or provenance
runs/30strains_legacy_40x/30strains_legacy_40x_l_hero_original_k31_ls5_hs10_hi1/benchmark/provenance.json	/home/work/wenhai/dadec/benchmark/runs/30strains_legacy_40x/30strains_legacy_40x_l_hero_original_k31_ls5_hs10_hi1/benchmark/provenance.json	2116	031ba42f56f22e0dc1f910922302e2db1cfe7b3d500e96a61ffcdea1bb0f1be2	included	compact final report, aggregate, metric, status, or provenance
runs/30strains_legacy_40x/30strains_legacy_40x_l_hero_original_k31_ls5_hs10_hi1/output/short_40x/l_hero/metaquast.ambiguity9999/combined_reference/report.tsv	/home/work/wenhai/dadec/benchmark/runs/30strains_legacy_40x/30strains_legacy_40x_l_hero_original_k31_ls5_hs10_hi1/output/short_40x/l_hero/metaquast.ambiguity9999/combined_reference/report.tsv	1023	98dadc31389dcb614fb1db2ba24a7ea01e5e151144c0f9070576cb5ba96e1fa4	included	compact final report, aggregate, metric, status, or provenance
runs/30strains_legacy_40x/30strains_legacy_40x_lordec_original_k31_ls5/benchmark/provenance.json	/home/work/wenhai/dadec/benchmark/runs/30strains_legacy_40x/30strains_legacy_40x_lordec_original_k31_ls5/benchmark/provenance.json	2236	d12144b7f16839b796c0ca4b7745271780503c0a46ec952124cfc2f1b5835ba0	included	compact final report, aggregate, metric, status, or provenance
runs/30strains_legacy_40x/30strains_legacy_40x_lordec_original_k31_ls5/benchmark/short_40x/lordec/resources.time.txt	/home/work/wenhai/dadec/benchmark/runs/30strains_legacy_40x/30strains_legacy_40x_lordec_original_k31_ls5/benchmark/short_40x/lordec/resources.time.txt	103	809385c315ab6d1422c04404083c8d0ccbf588abea6eb173133fcb0e393bdf80	included	compact final report, aggregate, metric, status, or provenance
runs/30strains_legacy_40x/30strains_legacy_40x_lordec_original_k31_ls5/output/short_40x/lordec/metaquast.ambiguity9999/combined_reference/report.tsv	/home/work/wenhai/dadec/benchmark/runs/30strains_legacy_40x/30strains_legacy_40x_lordec_original_k31_ls5/output/short_40x/lordec/metaquast.ambiguity9999/combined_reference/report.tsv	1026	9557ab681ac37674b36212dc9572f9bd3ca5c4494fea8207c1b8c1e71693a6ac	included	compact final report, aggregate, metric, status, or provenance
runs/30strains_legacy_40x/30strains_legacy_40x_proovread_original/benchmark/provenance.json	/home/work/wenhai/dadec/benchmark/runs/30strains_legacy_40x/30strains_legacy_40x_proovread_original/benchmark/provenance.json	2222	ed7cec503264b441477ec99d405d83ac880c7ef6dbdbb35a11fec754b8c9f128	included	compact final report, aggregate, metric, status, or provenance
runs/30strains_legacy_40x/30strains_legacy_40x_proovread_original/benchmark/short_40x/proovread/resources.time.txt	/home/work/wenhai/dadec/benchmark/runs/30strains_legacy_40x/30strains_legacy_40x_proovread_original/benchmark/short_40x/proovread/resources.time.txt	109	957049846eb93b707c3902c75f759a93e189dc615cdae6595036a6c55e9d3923	included	compact final report, aggregate, metric, status, or provenance
runs/30strains_legacy_40x/30strains_legacy_40x_proovread_original/output/short_40x/proovread/metaquast.ambiguity9999/combined_reference/report.tsv	/home/work/wenhai/dadec/benchmark/runs/30strains_legacy_40x/30strains_legacy_40x_proovread_original/output/short_40x/proovread/metaquast.ambiguity9999/combined_reference/report.tsv	1018	e79f3a584bb81082a9ca3655cb40d23441d3e801f7905d54e741080468d1f755	included	compact final report, aggregate, metric, status, or provenance
runs/30strains_legacy_40x/30strains_legacy_40x_r_hero_original_k21_k31_hs10_hi1/benchmark/provenance.json	/home/work/wenhai/dadec/benchmark/runs/30strains_legacy_40x/30strains_legacy_40x_r_hero_original_k21_k31_hs10_hi1/benchmark/provenance.json	2116	d1d82e0047b3a51f4486c974e656d24866f0980daf0922e469049b94f44657c3	included	compact final report, aggregate, metric, status, or provenance
runs/30strains_legacy_40x/30strains_legacy_40x_r_hero_original_k21_k31_hs10_hi1/output/short_40x/r_hero/metaquast.ambiguity9999/combined_reference/report.tsv	/home/work/wenhai/dadec/benchmark/runs/30strains_legacy_40x/30strains_legacy_40x_r_hero_original_k21_k31_hs10_hi1/output/short_40x/r_hero/metaquast.ambiguity9999/combined_reference/report.tsv	1019	27d1bbc8f546bd7c8c09372e1393e66395cf19c5e052a9b036b12d60b276b0ee	included	compact final report, aggregate, metric, status, or provenance
runs/30strains_legacy_40x/30strains_legacy_40x_ratatosk_original_k21_k31/benchmark/provenance.json	/home/work/wenhai/dadec/benchmark/runs/30strains_legacy_40x/30strains_legacy_40x_ratatosk_original_k21_k31/benchmark/provenance.json	2232	6b3835054ced1247055d1e0931bde4fd0eb77959f8997c5c799faaa529ab5ff3	included	compact final report, aggregate, metric, status, or provenance
runs/30strains_legacy_40x/30strains_legacy_40x_ratatosk_original_k21_k31/benchmark/short_40x/ratatosk/resources.time.txt	/home/work/wenhai/dadec/benchmark/runs/30strains_legacy_40x/30strains_legacy_40x_ratatosk_original_k21_k31/benchmark/short_40x/ratatosk/resources.time.txt	107	334a93d1f8a20fe93d755f96bedc1e4fb857f0623acb71c45eff8b5a357d00c8	included	compact final report, aggregate, metric, status, or provenance
runs/30strains_legacy_40x/30strains_legacy_40x_ratatosk_original_k21_k31/output/short_40x/ratatosk/metaquast.ambiguity9999/combined_reference/report.tsv	/home/work/wenhai/dadec/benchmark/runs/30strains_legacy_40x/30strains_legacy_40x_ratatosk_original_k21_k31/output/short_40x/ratatosk/metaquast.ambiguity9999/combined_reference/report.tsv	1024	ca706ee3a6b176f3d0d359f141a043b56f8ce80869efb544fc2b2a401ec60908	included	compact final report, aggregate, metric, status, or provenance
runs/30strains_legacy_50x/30strains_legacy_50x_colormap_original/benchmark/provenance.json	/home/work/wenhai/dadec/benchmark/runs/30strains_legacy_50x/30strains_legacy_50x_colormap_original/benchmark/provenance.json	2218	43884792108765c570479e2ed723019be580ab6c0a4504bc1afec78f75a71125	included	compact final report, aggregate, metric, status, or provenance
runs/30strains_legacy_50x/30strains_legacy_50x_colormap_original/benchmark/short_50x/colormap/resources.time.txt	/home/work/wenhai/dadec/benchmark/runs/30strains_legacy_50x/30strains_legacy_50x_colormap_original/benchmark/short_50x/colormap/resources.time.txt	108	96c178cdf133b9819dea735908893c6a40365e87925d9362d8fb644351aa55d8	included	compact final report, aggregate, metric, status, or provenance
runs/30strains_legacy_50x/30strains_legacy_50x_colormap_original/output/short_50x/colormap/metaquast.ambiguity9999/combined_reference/report.tsv	/home/work/wenhai/dadec/benchmark/runs/30strains_legacy_50x/30strains_legacy_50x_colormap_original/output/short_50x/colormap/metaquast.ambiguity9999/combined_reference/report.tsv	1028	52f24191304f5564a934e340198b8f4c930cfd96a35b86ef70756e9a6a6ec9e9	included	compact final report, aggregate, metric, status, or provenance
runs/30strains_legacy_50x/30strains_legacy_50x_dadec_dev_fix_a_k31_k31_s1_a2_a1/benchmark/provenance.json	/home/work/wenhai/dadec/benchmark/runs/30strains_legacy_50x/30strains_legacy_50x_dadec_dev_fix_a_k31_k31_s1_a2_a1/benchmark/provenance.json	2260	0f063fff247380d88456932b6863595a8fb5a63dd763d570c3c63f41a1f5ebdd	included	compact final report, aggregate, metric, status, or provenance
runs/30strains_legacy_50x/30strains_legacy_50x_dadec_dev_fix_a_k31_k31_s1_a2_a1/benchmark/short_50x/dadec/resources.time.txt	/home/work/wenhai/dadec/benchmark/runs/30strains_legacy_50x/30strains_legacy_50x_dadec_dev_fix_a_k31_k31_s1_a2_a1/benchmark/short_50x/dadec/resources.time.txt	109	d68eae1d9574b6263ed3c7072cdc0af0d2ede6d66415106da85a44b15ac6fc3c	included	compact final report, aggregate, metric, status, or provenance
runs/30strains_legacy_50x/30strains_legacy_50x_dadec_dev_fix_a_k31_k31_s1_a2_a1/output/short_50x/dadec/metaquast.ambiguity9999/combined_reference/report.tsv	/home/work/wenhai/dadec/benchmark/runs/30strains_legacy_50x/30strains_legacy_50x_dadec_dev_fix_a_k31_k31_s1_a2_a1/output/short_50x/dadec/metaquast.ambiguity9999/combined_reference/report.tsv	1034	b4824c4cfd3a238f839913e9fef47a13464c2bada03ddefac5273f96c57938ad	included	compact final report, aggregate, metric, status, or provenance
runs/30strains_legacy_50x/30strains_legacy_50x_f_hero_original_k21_k59_hs10_hi1/benchmark/provenance.json	/home/work/wenhai/dadec/benchmark/runs/30strains_legacy_50x/30strains_legacy_50x_f_hero_original_k21_k59_hs10_hi1/benchmark/provenance.json	2116	faa8a731690571229550ca952e19154803ad8801aaf429246eb1f0c9703d39cd	included	compact final report, aggregate, metric, status, or provenance
runs/30strains_legacy_50x/30strains_legacy_50x_f_hero_original_k21_k59_hs10_hi1/output/short_50x/f_hero/metaquast.ambiguity9999/combined_reference/report.tsv	/home/work/wenhai/dadec/benchmark/runs/30strains_legacy_50x/30strains_legacy_50x_f_hero_original_k21_k59_hs10_hi1/output/short_50x/f_hero/metaquast.ambiguity9999/combined_reference/report.tsv	1023	ca24ede25db8c10387229932976b38c30e379a347c1583262e2511a3f6e3ac66	included	compact final report, aggregate, metric, status, or provenance
runs/30strains_legacy_50x/30strains_legacy_50x_fmlrc_original_k21_k59/benchmark/provenance.json	/home/work/wenhai/dadec/benchmark/runs/30strains_legacy_50x/30strains_legacy_50x_fmlrc_original_k21_k59/benchmark/provenance.json	2360	66442b89bc1b0a029f7a50d64308d2a12279c5767bd87414cdb4b86a92f0a7cf	included	compact final report, aggregate, metric, status, or provenance
runs/30strains_legacy_50x/30strains_legacy_50x_fmlrc_original_k21_k59/benchmark/short_50x/fmlrc/resources.time.txt	/home/work/wenhai/dadec/benchmark/runs/30strains_legacy_50x/30strains_legacy_50x_fmlrc_original_k21_k59/benchmark/short_50x/fmlrc/resources.time.txt	103	9cf2a28015ba1ea2beed6ed9e2a0e3ea3e89a105b7f564f478939e8ebea49cbc	included	compact final report, aggregate, metric, status, or provenance
runs/30strains_legacy_50x/30strains_legacy_50x_fmlrc_original_k21_k59/output/short_50x/fmlrc/metaquast.ambiguity9999/combined_reference/report.tsv	/home/work/wenhai/dadec/benchmark/runs/30strains_legacy_50x/30strains_legacy_50x_fmlrc_original_k21_k59/output/short_50x/fmlrc/metaquast.ambiguity9999/combined_reference/report.tsv	1027	5ac6771136bed4e35c9580cc91b85a5dbaf471688fdd5de1beb794acb837e57d	included	compact final report, aggregate, metric, status, or provenance
runs/30strains_legacy_50x/30strains_legacy_50x_l_hero_original_k31_ls5_hs10_hi1/benchmark/provenance.json	/home/work/wenhai/dadec/benchmark/runs/30strains_legacy_50x/30strains_legacy_50x_l_hero_original_k31_ls5_hs10_hi1/benchmark/provenance.json	2116	e75702ce1f9942707bf29ced44423e1ece7672fc7bc76ecf9d6542e704ff5265	included	compact final report, aggregate, metric, status, or provenance
runs/30strains_legacy_50x/30strains_legacy_50x_l_hero_original_k31_ls5_hs10_hi1/output/short_50x/l_hero/metaquast.ambiguity9999/combined_reference/report.tsv	/home/work/wenhai/dadec/benchmark/runs/30strains_legacy_50x/30strains_legacy_50x_l_hero_original_k31_ls5_hs10_hi1/output/short_50x/l_hero/metaquast.ambiguity9999/combined_reference/report.tsv	1023	27e6a3c961a46440fc9daad4202f2460221dae756d2ea797f4d87f6b40e903b0	included	compact final report, aggregate, metric, status, or provenance
runs/30strains_legacy_50x/30strains_legacy_50x_lordec_original_k31_ls5/benchmark/provenance.json	/home/work/wenhai/dadec/benchmark/runs/30strains_legacy_50x/30strains_legacy_50x_lordec_original_k31_ls5/benchmark/provenance.json	2236	ad62fe713618f5a5b60287a50598b535913ac5ffafc17cb070b7ac3775a8f48c	included	compact final report, aggregate, metric, status, or provenance
runs/30strains_legacy_50x/30strains_legacy_50x_lordec_original_k31_ls5/benchmark/short_50x/lordec/resources.time.txt	/home/work/wenhai/dadec/benchmark/runs/30strains_legacy_50x/30strains_legacy_50x_lordec_original_k31_ls5/benchmark/short_50x/lordec/resources.time.txt	103	e4ff74f991ca06a89d31f889eb25bb16bd22ca2021906e886c486d294e5c3636	included	compact final report, aggregate, metric, status, or provenance
runs/30strains_legacy_50x/30strains_legacy_50x_lordec_original_k31_ls5/output/short_50x/lordec/metaquast.ambiguity9999/combined_reference/report.tsv	/home/work/wenhai/dadec/benchmark/runs/30strains_legacy_50x/30strains_legacy_50x_lordec_original_k31_ls5/output/short_50x/lordec/metaquast.ambiguity9999/combined_reference/report.tsv	1026	b396976ccdb56249601c05413e9caed4f0b7742f67d47daa2b06888c424528bc	included	compact final report, aggregate, metric, status, or provenance
runs/30strains_legacy_50x/30strains_legacy_50x_proovread_original/benchmark/provenance.json	/home/work/wenhai/dadec/benchmark/runs/30strains_legacy_50x/30strains_legacy_50x_proovread_original/benchmark/provenance.json	2222	459f27c7bf85d409b422880099ee0a56701ebf902c410332f62df2d19a5f4e89	included	compact final report, aggregate, metric, status, or provenance
runs/30strains_legacy_50x/30strains_legacy_50x_proovread_original/benchmark/short_50x/proovread/resources.time.txt	/home/work/wenhai/dadec/benchmark/runs/30strains_legacy_50x/30strains_legacy_50x_proovread_original/benchmark/short_50x/proovread/resources.time.txt	108	79c5052d33b51efbaf66a876b51561d60fb9afbd8a0d369366919ad444e0d9d7	included	compact final report, aggregate, metric, status, or provenance
runs/30strains_legacy_50x/30strains_legacy_50x_proovread_original/output/short_50x/proovread/metaquast.ambiguity9999/combined_reference/report.tsv	/home/work/wenhai/dadec/benchmark/runs/30strains_legacy_50x/30strains_legacy_50x_proovread_original/output/short_50x/proovread/metaquast.ambiguity9999/combined_reference/report.tsv	1015	8e87c648790661ad363af6b083e6c82f4e7b29421a706a19f6f1b68e8a0ff8e6	included	compact final report, aggregate, metric, status, or provenance
runs/30strains_legacy_50x/30strains_legacy_50x_r_hero_original_k21_k31_hs10_hi1/benchmark/provenance.json	/home/work/wenhai/dadec/benchmark/runs/30strains_legacy_50x/30strains_legacy_50x_r_hero_original_k21_k31_hs10_hi1/benchmark/provenance.json	2116	c0e519583109ff961e86d2296f2f01b65a71f5cd1cbdb656d4190c2d74f4afc2	included	compact final report, aggregate, metric, status, or provenance
runs/30strains_legacy_50x/30strains_legacy_50x_r_hero_original_k21_k31_hs10_hi1/output/short_50x/r_hero/metaquast.ambiguity9999/combined_reference/report.tsv	/home/work/wenhai/dadec/benchmark/runs/30strains_legacy_50x/30strains_legacy_50x_r_hero_original_k21_k31_hs10_hi1/output/short_50x/r_hero/metaquast.ambiguity9999/combined_reference/report.tsv	1020	99a0bd636edfe73d6686ad3cd899094d2ee62e7af626c40ed82071946fc29175	included	compact final report, aggregate, metric, status, or provenance
runs/30strains_legacy_50x/30strains_legacy_50x_ratatosk_original_k21_k31/benchmark/provenance.json	/home/work/wenhai/dadec/benchmark/runs/30strains_legacy_50x/30strains_legacy_50x_ratatosk_original_k21_k31/benchmark/provenance.json	2232	5512d46961d58005942ae49fb5d52b2bb2a23cd4282955dc5a806070126008ca	included	compact final report, aggregate, metric, status, or provenance
runs/30strains_legacy_50x/30strains_legacy_50x_ratatosk_original_k21_k31/benchmark/short_50x/ratatosk/resources.time.txt	/home/work/wenhai/dadec/benchmark/runs/30strains_legacy_50x/30strains_legacy_50x_ratatosk_original_k21_k31/benchmark/short_50x/ratatosk/resources.time.txt	108	ec6068f90708b0fe07f2b0700f94ba23a21e8bc4cfe013013e154b9256b9cceb	included	compact final report, aggregate, metric, status, or provenance
runs/30strains_legacy_50x/30strains_legacy_50x_ratatosk_original_k21_k31/output/short_50x/ratatosk/metaquast.ambiguity9999/combined_reference/report.tsv	/home/work/wenhai/dadec/benchmark/runs/30strains_legacy_50x/30strains_legacy_50x_ratatosk_original_k21_k31/output/short_50x/ratatosk/metaquast.ambiguity9999/combined_reference/report.tsv	1025	982ad96bacb0b79750de35ea6e848127ff01bcf444d2ab444d22acd580842783	included	compact final report, aggregate, metric, status, or provenance
runs/arabidopsis_10x/arabidopsis_10x_colormap_original/benchmark/provenance.json	/home/work/wenhai/dadec/benchmark/runs/arabidopsis_10x/arabidopsis_10x_colormap_original/benchmark/provenance.json	1767	eaebaf35a451e32eac5de5f58201d42f2d7a3f122b40d09a0c4d6fad0ecb1646	included	compact final report, aggregate, metric, status, or provenance
runs/arabidopsis_10x/arabidopsis_10x_colormap_original/benchmark/short_10x/colormap/resources.time.txt	/home/work/wenhai/dadec/benchmark/runs/arabidopsis_10x/arabidopsis_10x_colormap_original/benchmark/short_10x/colormap/resources.time.txt	107	6572dc6def7ed91db2a0ed355a365ad34d2dc1f0018426ffcc3abbd0eeff9865	included	compact final report, aggregate, metric, status, or provenance
runs/arabidopsis_10x/arabidopsis_10x_colormap_original/output/short_10x/colormap/quast/report.tsv	/home/work/wenhai/dadec/benchmark/runs/arabidopsis_10x/arabidopsis_10x_colormap_original/output/short_10x/colormap/quast/report.tsv	1214	75a5e0272c80ca46efc436adab48d3be3c7a7b4ebd69f39f9afa03a1eb21b0e7	included	compact final report, aggregate, metric, status, or provenance
runs/arabidopsis_10x/arabidopsis_10x_dadec_dev_fix_a_k39_k39_s1_a2_a1_t0p1/benchmark/provenance.json	/home/work/wenhai/dadec/benchmark/runs/arabidopsis_10x/arabidopsis_10x_dadec_dev_fix_a_k39_k39_s1_a2_a1_t0p1/benchmark/provenance.json	1881	5689c7a31f391be411f45a8e129a53f10d8ff0938280166e32785fa87f87fc4d	included	compact final report, aggregate, metric, status, or provenance
runs/arabidopsis_10x/arabidopsis_10x_dadec_dev_fix_a_k39_k39_s1_a2_a1_t0p1/benchmark/short_10x/dadec/resources.time.txt	/home/work/wenhai/dadec/benchmark/runs/arabidopsis_10x/arabidopsis_10x_dadec_dev_fix_a_k39_k39_s1_a2_a1_t0p1/benchmark/short_10x/dadec/resources.time.txt	107	08345165e8eec5951210bf62ed2073b88594a814a8beb127ec1440a25bd04e60	included	compact final report, aggregate, metric, status, or provenance
runs/arabidopsis_10x/arabidopsis_10x_dadec_dev_fix_a_k39_k39_s1_a2_a1_t0p1/output/short_10x/dadec/quast/report.tsv	/home/work/wenhai/dadec/benchmark/runs/arabidopsis_10x/arabidopsis_10x_dadec_dev_fix_a_k39_k39_s1_a2_a1_t0p1/output/short_10x/dadec/quast/report.tsv	1208	5083d19d2d0f2aa78468fda40db554eabc1894776d692a8fa80bb126bcc3452f	included	compact final report, aggregate, metric, status, or provenance
runs/arabidopsis_10x/arabidopsis_10x_f_hero_original_k21_k59_hs10_hi3/benchmark/provenance.json	/home/work/wenhai/dadec/benchmark/runs/arabidopsis_10x/arabidopsis_10x_f_hero_original_k21_k59_hs10_hi3/benchmark/provenance.json	2064	117c6a2f2406e3fb665cf0d8a63ca677b95ad3c9506bde8578ee7ad6f2515716	included	compact final report, aggregate, metric, status, or provenance
runs/arabidopsis_10x/arabidopsis_10x_f_hero_original_k21_k59_hs10_hi3/benchmark/short_10x/f_hero/resources.time.txt	/home/work/wenhai/dadec/benchmark/runs/arabidopsis_10x/arabidopsis_10x_f_hero_original_k21_k59_hs10_hi3/benchmark/short_10x/f_hero/resources.time.txt	119	12a7f0aff41f676e419f4c9b045277d197cdff247c4aa4b312310cbe1f70a623	included	compact final report, aggregate, metric, status, or provenance
runs/arabidopsis_10x/arabidopsis_10x_f_hero_original_k21_k59_hs10_hi3/output/short_10x/f_hero/quast/report.tsv	/home/work/wenhai/dadec/benchmark/runs/arabidopsis_10x/arabidopsis_10x_f_hero_original_k21_k59_hs10_hi3/output/short_10x/f_hero/quast/report.tsv	1204	911b0a1e991a40997ca8ad4382eabb042f5747bfaf4da0982e3fde4a136d1ad8	included	compact final report, aggregate, metric, status, or provenance
runs/arabidopsis_10x/arabidopsis_10x_fmlrc_original_k21_k59/benchmark/provenance.json	/home/work/wenhai/dadec/benchmark/runs/arabidopsis_10x/arabidopsis_10x_fmlrc_original_k21_k59/benchmark/provenance.json	1909	aa910bd5d8c4f464a97ebdb9e0b9a152a02f1d1f0824087fb7043fc588218325	included	compact final report, aggregate, metric, status, or provenance
runs/arabidopsis_10x/arabidopsis_10x_fmlrc_original_k21_k59/benchmark/short_10x/fmlrc/resources.time.txt	/home/work/wenhai/dadec/benchmark/runs/arabidopsis_10x/arabidopsis_10x_fmlrc_original_k21_k59/benchmark/short_10x/fmlrc/resources.time.txt	103	44ec65384a0cdda796c0e6d5786eb7386096a02aff1b672c18c443242754b103	included	compact final report, aggregate, metric, status, or provenance
runs/arabidopsis_10x/arabidopsis_10x_fmlrc_original_k21_k59/output/short_10x/fmlrc/quast/report.tsv	/home/work/wenhai/dadec/benchmark/runs/arabidopsis_10x/arabidopsis_10x_fmlrc_original_k21_k59/output/short_10x/fmlrc/quast/report.tsv	1206	fc3cb971a53b2507452b8c543aa02fcba3ca81e48cd5af8941692c46ff121187	included	compact final report, aggregate, metric, status, or provenance
runs/arabidopsis_10x/arabidopsis_10x_l_hero_original_k21_ls5_hs10_hi3/benchmark/provenance.json	/home/work/wenhai/dadec/benchmark/runs/arabidopsis_10x/arabidopsis_10x_l_hero_original_k21_ls5_hs10_hi3/benchmark/provenance.json	1935	bdfbe5328435a06023f93c01dbe83355e2d7031ab1abfcbef279dc5dfb6d4866	included	compact final report, aggregate, metric, status, or provenance
runs/arabidopsis_10x/arabidopsis_10x_l_hero_original_k21_ls5_hs10_hi3/benchmark/short_10x/l_hero/resources.time.txt	/home/work/wenhai/dadec/benchmark/runs/arabidopsis_10x/arabidopsis_10x_l_hero_original_k21_ls5_hs10_hi3/benchmark/short_10x/l_hero/resources.time.txt	119	17c53cb1e63758e24bce5aac2331aa200d4c168c7409b27c4f704313c195be9c	included	compact final report, aggregate, metric, status, or provenance
runs/arabidopsis_10x/arabidopsis_10x_l_hero_original_k21_ls5_hs10_hi3/output/short_10x/l_hero/quast/report.tsv	/home/work/wenhai/dadec/benchmark/runs/arabidopsis_10x/arabidopsis_10x_l_hero_original_k21_ls5_hs10_hi3/output/short_10x/l_hero/quast/report.tsv	1202	1596c2db25619d001ec3f018684ff8ebd69aa9f6efc834cc4e47a3e5e3229a46	included	compact final report, aggregate, metric, status, or provenance
runs/arabidopsis_10x/arabidopsis_10x_lordec_original_k21_ls5/benchmark/provenance.json	/home/work/wenhai/dadec/benchmark/runs/arabidopsis_10x/arabidopsis_10x_lordec_original_k21_ls5/benchmark/provenance.json	1785	d14a54a6749e9e04f54a5576eb886f87737e416931ca6c2769fcb02b6f0e8f55	included	compact final report, aggregate, metric, status, or provenance
runs/arabidopsis_10x/arabidopsis_10x_lordec_original_k21_ls5/benchmark/short_10x/lordec/resources.time.txt	/home/work/wenhai/dadec/benchmark/runs/arabidopsis_10x/arabidopsis_10x_lordec_original_k21_ls5/benchmark/short_10x/lordec/resources.time.txt	105	4287cda4db943269ea7f0d723eb165ae5096f339d88881f004560865e3c61541	included	compact final report, aggregate, metric, status, or provenance
runs/arabidopsis_10x/arabidopsis_10x_lordec_original_k21_ls5/output/short_10x/lordec/quast/report.tsv	/home/work/wenhai/dadec/benchmark/runs/arabidopsis_10x/arabidopsis_10x_lordec_original_k21_ls5/output/short_10x/lordec/quast/report.tsv	1209	ed297af5dbea5197410f0da643050e27a56c5b764fd5b5455b6151039affab27	included	compact final report, aggregate, metric, status, or provenance
runs/arabidopsis_10x/arabidopsis_10x_proovread_original/benchmark/provenance.json	/home/work/wenhai/dadec/benchmark/runs/arabidopsis_10x/arabidopsis_10x_proovread_original/benchmark/provenance.json	1771	086641d80106a7442df1937ce48e44ee3af5180410ab1f1f6acf028cf62c1a25	included	compact final report, aggregate, metric, status, or provenance
runs/arabidopsis_10x/arabidopsis_10x_proovread_original/benchmark/short_10x/proovread/resources.time.txt	/home/work/wenhai/dadec/benchmark/runs/arabidopsis_10x/arabidopsis_10x_proovread_original/benchmark/short_10x/proovread/resources.time.txt	111	9e1f9c7a6efdb7c031851a40b347eb0a1b65d973361a604bef68d1fc2b799791	included	compact final report, aggregate, metric, status, or provenance
runs/arabidopsis_10x/arabidopsis_10x_proovread_original/output/short_10x/proovread/quast/report.tsv	/home/work/wenhai/dadec/benchmark/runs/arabidopsis_10x/arabidopsis_10x_proovread_original/output/short_10x/proovread/quast/report.tsv	1207	0d5194c63afc2599213c2fd6f0424d5e8043ea7fcdaa2fcf429395faad08cec0	included	compact final report, aggregate, metric, status, or provenance
runs/arabidopsis_10x/arabidopsis_10x_r_hero_original_k31_k63_hs10_hi3/benchmark/provenance.json	/home/work/wenhai/dadec/benchmark/runs/arabidopsis_10x/arabidopsis_10x_r_hero_original_k31_k63_hs10_hi3/benchmark/provenance.json	1920	b82c7f2ec07ee8d49d5fb819742f3cae7eda4ff59864b0b96cd7da7cf42bd1d5	included	compact final report, aggregate, metric, status, or provenance
runs/arabidopsis_10x/arabidopsis_10x_r_hero_original_k31_k63_hs10_hi3/benchmark/short_10x/r_hero/resources.time.txt	/home/work/wenhai/dadec/benchmark/runs/arabidopsis_10x/arabidopsis_10x_r_hero_original_k31_k63_hs10_hi3/benchmark/short_10x/r_hero/resources.time.txt	110	f93cf5f1a58bdcf3acf4d7f6b371fb5b029aa552ea980bad12b3cef0a6c2a05f	included	compact final report, aggregate, metric, status, or provenance
runs/arabidopsis_10x/arabidopsis_10x_r_hero_original_k31_k63_hs10_hi3/output/short_10x/r_hero/quast/report.tsv	/home/work/wenhai/dadec/benchmark/runs/arabidopsis_10x/arabidopsis_10x_r_hero_original_k31_k63_hs10_hi3/output/short_10x/r_hero/quast/report.tsv	1202	139368cea44880895822564ba20b5774dc6e46f5c3c1e333953163887a45ce9c	included	compact final report, aggregate, metric, status, or provenance
runs/arabidopsis_10x/arabidopsis_10x_ratatosk_original_k21_k63/benchmark/provenance.json	/home/work/wenhai/dadec/benchmark/runs/arabidopsis_10x/arabidopsis_10x_ratatosk_original_k21_k63/benchmark/provenance.json	1781	9646522f4bda00b611fcc50f3a1535c81aefd5accdacaf8e69054e13bb76ec38	included	compact final report, aggregate, metric, status, or provenance
runs/arabidopsis_10x/arabidopsis_10x_ratatosk_original_k21_k63/benchmark/short_10x/ratatosk/resources.time.txt	/home/work/wenhai/dadec/benchmark/runs/arabidopsis_10x/arabidopsis_10x_ratatosk_original_k21_k63/benchmark/short_10x/ratatosk/resources.time.txt	106	e2d8cff8d4b3f5d1c6c45c601abe8c5dbfcf29b94a7dfb3cb6aafa34df5b39a2	included	compact final report, aggregate, metric, status, or provenance
runs/arabidopsis_10x/arabidopsis_10x_ratatosk_original_k21_k63/output/short_10x/ratatosk/quast/report.tsv	/home/work/wenhai/dadec/benchmark/runs/arabidopsis_10x/arabidopsis_10x_ratatosk_original_k21_k63/output/short_10x/ratatosk/quast/report.tsv	1204	88bc3d10f976b98bd8b1d68266dd6b7ed67c66a936030728e8f0cca146e73af1	included	compact final report, aggregate, metric, status, or provenance
runs/arabidopsis_20x/arabidopsis_20x_colormap_original/benchmark/provenance.json	/home/work/wenhai/dadec/benchmark/runs/arabidopsis_20x/arabidopsis_20x_colormap_original/benchmark/provenance.json	1793	d82e84a55926a9e1d113afc6c81949cdcfc37a8645772d59ae81289cccdf98d9	included	compact final report, aggregate, metric, status, or provenance
runs/arabidopsis_20x/arabidopsis_20x_colormap_original/benchmark/short_20x/colormap/resources.time.txt	/home/work/wenhai/dadec/benchmark/runs/arabidopsis_20x/arabidopsis_20x_colormap_original/benchmark/short_20x/colormap/resources.time.txt	109	161135a8491d9fc14ac0fd6e0b3635dac0f22ca92381d3337140a6313a226d58	included	compact final report, aggregate, metric, status, or provenance
runs/arabidopsis_20x/arabidopsis_20x_colormap_original/output/short_20x/colormap/quast/report.tsv	/home/work/wenhai/dadec/benchmark/runs/arabidopsis_20x/arabidopsis_20x_colormap_original/output/short_20x/colormap/quast/report.tsv	1201	4653a4110fcafe1f49ef89f5fe094cb209e6f53bbc69278083ff9045be6e1074	included	compact final report, aggregate, metric, status, or provenance
runs/arabidopsis_20x/arabidopsis_20x_dadec_dev_fix_a_k39_k39_s1_a2_a1_t0p1/benchmark/provenance.json	/home/work/wenhai/dadec/benchmark/runs/arabidopsis_20x/arabidopsis_20x_dadec_dev_fix_a_k39_k39_s1_a2_a1_t0p1/benchmark/provenance.json	1881	8db4cf79905de4105fce675b1379999d2a4f80bd9eb081467cf5844f0f4ea59f	included	compact final report, aggregate, metric, status, or provenance
runs/arabidopsis_20x/arabidopsis_20x_dadec_dev_fix_a_k39_k39_s1_a2_a1_t0p1/benchmark/short_20x/dadec/resources.time.txt	/home/work/wenhai/dadec/benchmark/runs/arabidopsis_20x/arabidopsis_20x_dadec_dev_fix_a_k39_k39_s1_a2_a1_t0p1/benchmark/short_20x/dadec/resources.time.txt	107	9c9ee83c841fbf440a8edef2f252ae9e67be4ca34f0485697cff8b3b8cdf9ffc	included	compact final report, aggregate, metric, status, or provenance
runs/arabidopsis_20x/arabidopsis_20x_dadec_dev_fix_a_k39_k39_s1_a2_a1_t0p1/output/short_20x/dadec/quast/report.tsv	/home/work/wenhai/dadec/benchmark/runs/arabidopsis_20x/arabidopsis_20x_dadec_dev_fix_a_k39_k39_s1_a2_a1_t0p1/output/short_20x/dadec/quast/report.tsv	1208	b8c5bda8dbcf289b5589f5828d5c569ca8178ce452b928d67df802ef8d4c63bb	included	compact final report, aggregate, metric, status, or provenance
runs/arabidopsis_20x/arabidopsis_20x_f_hero_original_k21_k59_hs10_hi3/benchmark/provenance.json	/home/work/wenhai/dadec/benchmark/runs/arabidopsis_20x/arabidopsis_20x_f_hero_original_k21_k59_hs10_hi3/benchmark/provenance.json	2090	e17ddac19c63bcbaa3d9521089a04243844a42e39797a56d1c887a31539c722b	included	compact final report, aggregate, metric, status, or provenance
runs/arabidopsis_20x/arabidopsis_20x_f_hero_original_k21_k59_hs10_hi3/benchmark/short_20x/f_hero/resources.time.txt	/home/work/wenhai/dadec/benchmark/runs/arabidopsis_20x/arabidopsis_20x_f_hero_original_k21_k59_hs10_hi3/benchmark/short_20x/f_hero/resources.time.txt	120	69116e45cdbac8410ed2164af501c7a8e2a19e56f93ffb86e6f9ac8c0bf79306	included	compact final report, aggregate, metric, status, or provenance
runs/arabidopsis_20x/arabidopsis_20x_f_hero_original_k21_k59_hs10_hi3/output/short_20x/f_hero/quast/report.tsv	/home/work/wenhai/dadec/benchmark/runs/arabidopsis_20x/arabidopsis_20x_f_hero_original_k21_k59_hs10_hi3/output/short_20x/f_hero/quast/report.tsv	1194	68eaf6e05cb0eb53b468d233f767fb55f8206b4c808991ed1b47eb1cb848892a	included	compact final report, aggregate, metric, status, or provenance
runs/arabidopsis_20x/arabidopsis_20x_fmlrc_original_k21_k59/benchmark/provenance.json	/home/work/wenhai/dadec/benchmark/runs/arabidopsis_20x/arabidopsis_20x_fmlrc_original_k21_k59/benchmark/provenance.json	1935	2d807a61985bfc49df4f3a818125a941442c08c3df4a5e7872a5c512b54430e1	included	compact final report, aggregate, metric, status, or provenance
runs/arabidopsis_20x/arabidopsis_20x_fmlrc_original_k21_k59/benchmark/short_20x/fmlrc/resources.time.txt	/home/work/wenhai/dadec/benchmark/runs/arabidopsis_20x/arabidopsis_20x_fmlrc_original_k21_k59/benchmark/short_20x/fmlrc/resources.time.txt	104	2c3a73ec6d46d2f26582093e450daf14dcc7c03c1b7adf08916de884d0af04e8	included	compact final report, aggregate, metric, status, or provenance
runs/arabidopsis_20x/arabidopsis_20x_fmlrc_original_k21_k59/output/short_20x/fmlrc/quast/report.tsv	/home/work/wenhai/dadec/benchmark/runs/arabidopsis_20x/arabidopsis_20x_fmlrc_original_k21_k59/output/short_20x/fmlrc/quast/report.tsv	1215	aca88407c44c0b3dbff3739cc6f70e1bb2e6876baf5dcf3654d8763dcb3d0dc1	included	compact final report, aggregate, metric, status, or provenance
runs/arabidopsis_20x/arabidopsis_20x_l_hero_original_k21_ls5_hs10_hi1/benchmark/provenance.json	/home/work/wenhai/dadec/benchmark/runs/arabidopsis_20x/arabidopsis_20x_l_hero_original_k21_ls5_hs10_hi1/benchmark/provenance.json	1961	c08a58795452920722bf17e2c9da528cedac86ead5458fb3363d61b524cbc111	included	compact final report, aggregate, metric, status, or provenance
runs/arabidopsis_20x/arabidopsis_20x_l_hero_original_k21_ls5_hs10_hi1/benchmark/short_20x/l_hero/resources.time.txt	/home/work/wenhai/dadec/benchmark/runs/arabidopsis_20x/arabidopsis_20x_l_hero_original_k21_ls5_hs10_hi1/benchmark/short_20x/l_hero/resources.time.txt	110	25b7ecc5fdfae2f17bfabaffdc30cd549be416aa54705196a3347b5ff833432a	included	compact final report, aggregate, metric, status, or provenance
runs/arabidopsis_20x/arabidopsis_20x_l_hero_original_k21_ls5_hs10_hi1/output/short_20x/l_hero/quast/report.tsv	/home/work/wenhai/dadec/benchmark/runs/arabidopsis_20x/arabidopsis_20x_l_hero_original_k21_ls5_hs10_hi1/output/short_20x/l_hero/quast/report.tsv	1210	eff6a627172f923dd4bd84e69ac538672ae0f66f2bc0842d2a2d27e840118ae9	included	compact final report, aggregate, metric, status, or provenance
runs/arabidopsis_20x/arabidopsis_20x_lordec_original_k21_ls5/benchmark/provenance.json	/home/work/wenhai/dadec/benchmark/runs/arabidopsis_20x/arabidopsis_20x_lordec_original_k21_ls5/benchmark/provenance.json	1811	36521a9e37bb33faf6cd61e5bced8e0a95f60870269c35a421d6a2ca416275bb	included	compact final report, aggregate, metric, status, or provenance
runs/arabidopsis_20x/arabidopsis_20x_lordec_original_k21_ls5/benchmark/short_20x/lordec/resources.time.txt	/home/work/wenhai/dadec/benchmark/runs/arabidopsis_20x/arabidopsis_20x_lordec_original_k21_ls5/benchmark/short_20x/lordec/resources.time.txt	106	3c0e2e96233977b52e8d387f0969a6cceb9a27fc0b54222d85d145ef16b36559	included	compact final report, aggregate, metric, status, or provenance
runs/arabidopsis_20x/arabidopsis_20x_lordec_original_k21_ls5/output/short_20x/lordec/quast/report.tsv	/home/work/wenhai/dadec/benchmark/runs/arabidopsis_20x/arabidopsis_20x_lordec_original_k21_ls5/output/short_20x/lordec/quast/report.tsv	1214	86e60222a38f9c3184f69e7e92f1b3cd052745cc24dea17bdc359612b28a2397	included	compact final report, aggregate, metric, status, or provenance
runs/arabidopsis_20x/arabidopsis_20x_proovread_original/benchmark/provenance.json	/home/work/wenhai/dadec/benchmark/runs/arabidopsis_20x/arabidopsis_20x_proovread_original/benchmark/provenance.json	1843	bf50e139152d71a2ca5ee52298b32485c7a6a7eea378752a8214e92991556f46	included	compact final report, aggregate, metric, status, or provenance
runs/arabidopsis_20x/arabidopsis_20x_proovread_original/benchmark/short_20x/proovread/resources.time.txt	/home/work/wenhai/dadec/benchmark/runs/arabidopsis_20x/arabidopsis_20x_proovread_original/benchmark/short_20x/proovread/resources.time.txt	113	f3e4655361a7e077694e418f9536a5a13da26631a51f4627d3d7c4b7412078d1	included	compact final report, aggregate, metric, status, or provenance
runs/arabidopsis_20x/arabidopsis_20x_proovread_original/output/short_20x/proovread/quast/report.tsv	/home/work/wenhai/dadec/benchmark/runs/arabidopsis_20x/arabidopsis_20x_proovread_original/output/short_20x/proovread/quast/report.tsv	1201	11f3adbb66564f2794564005ea492ddaca569e7dea3f27195f18a70b2a82be5c	included	compact final report, aggregate, metric, status, or provenance
runs/arabidopsis_20x/arabidopsis_20x_r_hero_original_k31_k63_hs10_hi1/benchmark/provenance.json	/home/work/wenhai/dadec/benchmark/runs/arabidopsis_20x/arabidopsis_20x_r_hero_original_k31_k63_hs10_hi1/benchmark/provenance.json	1947	b5b8ad084073b63c46259a15e8d2da8b74fb5dd9e8d9d7f6ee34eead64a51a02	included	compact final report, aggregate, metric, status, or provenance
runs/arabidopsis_20x/arabidopsis_20x_r_hero_original_k31_k63_hs10_hi1/benchmark/short_20x/r_hero/resources.time.txt	/home/work/wenhai/dadec/benchmark/runs/arabidopsis_20x/arabidopsis_20x_r_hero_original_k31_k63_hs10_hi1/benchmark/short_20x/r_hero/resources.time.txt	109	25da46f4348aa1286c4bdb0b7eab6b23975997decae5aee62f362b002f9135e2	included	compact final report, aggregate, metric, status, or provenance
runs/arabidopsis_20x/arabidopsis_20x_r_hero_original_k31_k63_hs10_hi1/output/short_20x/r_hero/quast/report.tsv	/home/work/wenhai/dadec/benchmark/runs/arabidopsis_20x/arabidopsis_20x_r_hero_original_k31_k63_hs10_hi1/output/short_20x/r_hero/quast/report.tsv	1195	dfc7fd801a670312e02d23377d450b1f1704af91e98342ca15abbee00666da3a	included	compact final report, aggregate, metric, status, or provenance
runs/arabidopsis_20x/arabidopsis_20x_ratatosk_original_k31_k63/benchmark/provenance.json	/home/work/wenhai/dadec/benchmark/runs/arabidopsis_20x/arabidopsis_20x_ratatosk_original_k31_k63/benchmark/provenance.json	1807	0fcfdb4cf3a7e7eb23c9db2f34f001a027a6060b1d4bba07a8b780b61cb4c58c	included	compact final report, aggregate, metric, status, or provenance
runs/arabidopsis_20x/arabidopsis_20x_ratatosk_original_k31_k63/benchmark/short_20x/ratatosk/resources.time.txt	/home/work/wenhai/dadec/benchmark/runs/arabidopsis_20x/arabidopsis_20x_ratatosk_original_k31_k63/benchmark/short_20x/ratatosk/resources.time.txt	106	7df916e621feb68bdbf55401f13f93692e29e2f5ae304efa846b81add8aa6666	included	compact final report, aggregate, metric, status, or provenance
runs/arabidopsis_20x/arabidopsis_20x_ratatosk_original_k31_k63/output/short_20x/ratatosk/quast/report.tsv	/home/work/wenhai/dadec/benchmark/runs/arabidopsis_20x/arabidopsis_20x_ratatosk_original_k31_k63/output/short_20x/ratatosk/quast/report.tsv	1197	af7340e42840fa85ac40eb748ef89dc47abb1c302dccff22b8161e9400830ff6	included	compact final report, aggregate, metric, status, or provenance
runs/arabidopsis_30x/arabidopsis_30x_colormap_original/benchmark/provenance.json	/home/work/wenhai/dadec/benchmark/runs/arabidopsis_30x/arabidopsis_30x_colormap_original/benchmark/provenance.json	1793	854c39ee55f63327959e520848d3e1a700c9e2efd0df801674208fcc351a0e3c	included	compact final report, aggregate, metric, status, or provenance
runs/arabidopsis_30x/arabidopsis_30x_colormap_original/benchmark/short_30x/colormap/resources.time.txt	/home/work/wenhai/dadec/benchmark/runs/arabidopsis_30x/arabidopsis_30x_colormap_original/benchmark/short_30x/colormap/resources.time.txt	109	b372b13e85bad612d5860a87a4e8cee408c0608475bc6d356fee178bd23888ba	included	compact final report, aggregate, metric, status, or provenance
runs/arabidopsis_30x/arabidopsis_30x_colormap_original/output/short_30x/colormap/quast/report.tsv	/home/work/wenhai/dadec/benchmark/runs/arabidopsis_30x/arabidopsis_30x_colormap_original/output/short_30x/colormap/quast/report.tsv	1214	c7d62d0bfd438c642cf59e20dff06b9f8e69ed564c7c717a7d71a4a51e1e18ab	included	compact final report, aggregate, metric, status, or provenance
runs/arabidopsis_30x/arabidopsis_30x_dadec_dev_fix_a_k39_k39_s10_a3_a2_t0p1/benchmark/provenance.json	/home/work/wenhai/dadec/benchmark/runs/arabidopsis_30x/arabidopsis_30x_dadec_dev_fix_a_k39_k39_s10_a3_a2_t0p1/benchmark/provenance.json	1839	d7e2334038202fd2d29969322e520fc3eb3ea72b3f2bac443a184056a92050ad	included	compact final report, aggregate, metric, status, or provenance
runs/arabidopsis_30x/arabidopsis_30x_dadec_dev_fix_a_k39_k39_s10_a3_a2_t0p1/benchmark/short_30x/dadec/resources.time.txt	/home/work/wenhai/dadec/benchmark/runs/arabidopsis_30x/arabidopsis_30x_dadec_dev_fix_a_k39_k39_s10_a3_a2_t0p1/benchmark/short_30x/dadec/resources.time.txt	107	4ba562526f1862e079fdd3a9fc07de031b5c87cf136638b7523be33923c1b7bd	included	compact final report, aggregate, metric, status, or provenance
runs/arabidopsis_30x/arabidopsis_30x_dadec_dev_fix_a_k39_k39_s10_a3_a2_t0p1/output/short_30x/dadec/quast/report.tsv	/home/work/wenhai/dadec/benchmark/runs/arabidopsis_30x/arabidopsis_30x_dadec_dev_fix_a_k39_k39_s10_a3_a2_t0p1/output/short_30x/dadec/quast/report.tsv	1220	e7e509a966f4caab76531770add81bb9d3646d8ac204204af7934733c60a0778	included	compact final report, aggregate, metric, status, or provenance
runs/arabidopsis_30x/arabidopsis_30x_f_hero_original_k21_k59_hs10_hi1/benchmark/provenance.json	/home/work/wenhai/dadec/benchmark/runs/arabidopsis_30x/arabidopsis_30x_f_hero_original_k21_k59_hs10_hi1/benchmark/provenance.json	2090	5e070d472c52c32b2eeea9be8969243805b171fdce23c3d44da2ca4a09cfcd77	included	compact final report, aggregate, metric, status, or provenance
runs/arabidopsis_30x/arabidopsis_30x_f_hero_original_k21_k59_hs10_hi1/benchmark/short_30x/f_hero/resources.time.txt	/home/work/wenhai/dadec/benchmark/runs/arabidopsis_30x/arabidopsis_30x_f_hero_original_k21_k59_hs10_hi1/benchmark/short_30x/f_hero/resources.time.txt	110	a5f507c4ad54e35c09b2ed549d219ff43b190649ee9012ddb9050753d6546e1b	included	compact final report, aggregate, metric, status, or provenance
runs/arabidopsis_30x/arabidopsis_30x_f_hero_original_k21_k59_hs10_hi1/output/short_30x/f_hero/quast/report.tsv	/home/work/wenhai/dadec/benchmark/runs/arabidopsis_30x/arabidopsis_30x_f_hero_original_k21_k59_hs10_hi1/output/short_30x/f_hero/quast/report.tsv	1217	fdfd9b6d9038e4ec0a5c6475bc9d84334203f4f6b1963c2fb0f661408af737a8	included	compact final report, aggregate, metric, status, or provenance
runs/arabidopsis_30x/arabidopsis_30x_fmlrc_original_k21_k59/benchmark/provenance.json	/home/work/wenhai/dadec/benchmark/runs/arabidopsis_30x/arabidopsis_30x_fmlrc_original_k21_k59/benchmark/provenance.json	1935	6b5c10064a6fa3d8c28fe068e2ca940654215c7de0cc20bf6887ce4f4a55225d	included	compact final report, aggregate, metric, status, or provenance
runs/arabidopsis_30x/arabidopsis_30x_fmlrc_original_k21_k59/benchmark/short_30x/fmlrc/resources.time.txt	/home/work/wenhai/dadec/benchmark/runs/arabidopsis_30x/arabidopsis_30x_fmlrc_original_k21_k59/benchmark/short_30x/fmlrc/resources.time.txt	103	be864bc7acdf72e7fc0a87b0b71747831151e5ca5d09478fbc22a922afe0aff2	included	compact final report, aggregate, metric, status, or provenance
runs/arabidopsis_30x/arabidopsis_30x_fmlrc_original_k21_k59/output/short_30x/fmlrc/quast/report.tsv	/home/work/wenhai/dadec/benchmark/runs/arabidopsis_30x/arabidopsis_30x_fmlrc_original_k21_k59/output/short_30x/fmlrc/quast/report.tsv	1214	a2c7b0f46f1ce743577a8a66f3886a0fb63216a8619c33a6bef8338130def1b5	included	compact final report, aggregate, metric, status, or provenance
runs/arabidopsis_30x/arabidopsis_30x_l_hero_original_k39_ls5_hs10_hi1/benchmark/provenance.json	/home/work/wenhai/dadec/benchmark/runs/arabidopsis_30x/arabidopsis_30x_l_hero_original_k39_ls5_hs10_hi1/benchmark/provenance.json	1961	8dbb23090ae357c9c956473ed413f064ea8fde9994ce89ba849f97b337f4878e	included	compact final report, aggregate, metric, status, or provenance
runs/arabidopsis_30x/arabidopsis_30x_l_hero_original_k39_ls5_hs10_hi1/benchmark/short_30x/l_hero/resources.time.txt	/home/work/wenhai/dadec/benchmark/runs/arabidopsis_30x/arabidopsis_30x_l_hero_original_k39_ls5_hs10_hi1/benchmark/short_30x/l_hero/resources.time.txt	120	7912e03b68710b7dc813d44aa2aa95fcf1fcc3a52622c9c4a385cffa98c512dc	included	compact final report, aggregate, metric, status, or provenance
runs/arabidopsis_30x/arabidopsis_30x_l_hero_original_k39_ls5_hs10_hi1/output/short_30x/l_hero/quast/report.tsv	/home/work/wenhai/dadec/benchmark/runs/arabidopsis_30x/arabidopsis_30x_l_hero_original_k39_ls5_hs10_hi1/output/short_30x/l_hero/quast/report.tsv	1209	0a9c34b74a1bb644d7289ea803bc0b8ca3a8e178b211b291b7d9fb27cc80b233	included	compact final report, aggregate, metric, status, or provenance
runs/arabidopsis_30x/arabidopsis_30x_lordec_original_k39_ls5/benchmark/provenance.json	/home/work/wenhai/dadec/benchmark/runs/arabidopsis_30x/arabidopsis_30x_lordec_original_k39_ls5/benchmark/provenance.json	1811	27f4665e29feb4e6299c60a3e294cc7b57234b403b8e091b05a19635424f104e	included	compact final report, aggregate, metric, status, or provenance
runs/arabidopsis_30x/arabidopsis_30x_lordec_original_k39_ls5/benchmark/short_30x/lordec/resources.time.txt	/home/work/wenhai/dadec/benchmark/runs/arabidopsis_30x/arabidopsis_30x_lordec_original_k39_ls5/benchmark/short_30x/lordec/resources.time.txt	105	9577070595fee6ff7ac761dae7f8fd8c1481d7002dd85b4328634642153509a0	included	compact final report, aggregate, metric, status, or provenance
runs/arabidopsis_30x/arabidopsis_30x_lordec_original_k39_ls5/output/short_30x/lordec/quast/report.tsv	/home/work/wenhai/dadec/benchmark/runs/arabidopsis_30x/arabidopsis_30x_lordec_original_k39_ls5/output/short_30x/lordec/quast/report.tsv	1209	53f9a563a132b02d7d792c1bceb764278df1de947560dcdd1ee92bfaee6fd357	included	compact final report, aggregate, metric, status, or provenance
runs/arabidopsis_30x/arabidopsis_30x_proovread_original/benchmark/provenance.json	/home/work/wenhai/dadec/benchmark/runs/arabidopsis_30x/arabidopsis_30x_proovread_original/benchmark/provenance.json	1797	245d68be80c0272d64ed6d0636d22f60f08c15e482d38820550b10be5db2f6ff	included	compact final report, aggregate, metric, status, or provenance
runs/arabidopsis_30x/arabidopsis_30x_proovread_original/benchmark/short_30x/proovread/resources.time.txt	/home/work/wenhai/dadec/benchmark/runs/arabidopsis_30x/arabidopsis_30x_proovread_original/benchmark/short_30x/proovread/resources.time.txt	114	33935239f0ae9b67106be24871127fda614c67fffdc5f7cdbcd256d067487363	included	compact final report, aggregate, metric, status, or provenance
runs/arabidopsis_30x/arabidopsis_30x_proovread_original/output/short_30x/proovread/quast/report.tsv	/home/work/wenhai/dadec/benchmark/runs/arabidopsis_30x/arabidopsis_30x_proovread_original/output/short_30x/proovread/quast/report.tsv	1215	af1ca36cb30307a3da1058919896ad48a414f13d84fa378273bec9f7e2061127	included	compact final report, aggregate, metric, status, or provenance
runs/arabidopsis_30x/arabidopsis_30x_r_hero_original_k21_k31_hs10_hi1/benchmark/provenance.json	/home/work/wenhai/dadec/benchmark/runs/arabidopsis_30x/arabidopsis_30x_r_hero_original_k21_k31_hs10_hi1/benchmark/provenance.json	1947	56057e2d74cc0f393d9ec4558f9b073c3ddd202d0c04a66e6f5b19b1337eba2d	included	compact final report, aggregate, metric, status, or provenance
runs/arabidopsis_30x/arabidopsis_30x_r_hero_original_k21_k31_hs10_hi1/benchmark/short_30x/r_hero/resources.time.txt	/home/work/wenhai/dadec/benchmark/runs/arabidopsis_30x/arabidopsis_30x_r_hero_original_k21_k31_hs10_hi1/benchmark/short_30x/r_hero/resources.time.txt	111	6d5f878746694fc1d5f45f45f07a1bb0e2fe8d8413442ac020882bf48e22ee2b	included	compact final report, aggregate, metric, status, or provenance
runs/arabidopsis_30x/arabidopsis_30x_r_hero_original_k21_k31_hs10_hi1/output/short_30x/r_hero/quast/report.tsv	/home/work/wenhai/dadec/benchmark/runs/arabidopsis_30x/arabidopsis_30x_r_hero_original_k21_k31_hs10_hi1/output/short_30x/r_hero/quast/report.tsv	1197	77400f32beaa070e868ff009d6330315308fea8141212b4bc82f73b95dca19c9	included	compact final report, aggregate, metric, status, or provenance
runs/arabidopsis_30x/arabidopsis_30x_ratatosk_original_k21_k31/benchmark/provenance.json	/home/work/wenhai/dadec/benchmark/runs/arabidopsis_30x/arabidopsis_30x_ratatosk_original_k21_k31/benchmark/provenance.json	1807	b44ed1de5d0c17bc179440e318e728f780f668f944788fd04059696f7350f00b	included	compact final report, aggregate, metric, status, or provenance
runs/arabidopsis_30x/arabidopsis_30x_ratatosk_original_k21_k31/benchmark/short_30x/ratatosk/resources.time.txt	/home/work/wenhai/dadec/benchmark/runs/arabidopsis_30x/arabidopsis_30x_ratatosk_original_k21_k31/benchmark/short_30x/ratatosk/resources.time.txt	106	8bdfdebea8771fd07f10aee15d4b0886a8ca3f9d022118579441c00c74319c33	included	compact final report, aggregate, metric, status, or provenance
runs/arabidopsis_30x/arabidopsis_30x_ratatosk_original_k21_k31/output/short_30x/ratatosk/quast/report.tsv	/home/work/wenhai/dadec/benchmark/runs/arabidopsis_30x/arabidopsis_30x_ratatosk_original_k21_k31/output/short_30x/ratatosk/quast/report.tsv	1215	a40c16a540d6b951b9ec7b652bcfccc3ab9a39cda9653379fe5bedf1a25240c1	included	compact final report, aggregate, metric, status, or provenance
runs/arabidopsis_32x/arabidopsis_32x_colormap_original/benchmark/provenance.json	/home/work/wenhai/dadec/benchmark/runs/arabidopsis_32x/arabidopsis_32x_colormap_original/benchmark/provenance.json	1770	ea02e9712384f494153ef53d0bca52e07f703745e99128c39d75c01839db814d	included	compact final report, aggregate, metric, status, or provenance
runs/arabidopsis_32x/arabidopsis_32x_colormap_original/benchmark/short_32x/colormap/resources.time.txt	/home/work/wenhai/dadec/benchmark/runs/arabidopsis_32x/arabidopsis_32x_colormap_original/benchmark/short_32x/colormap/resources.time.txt	109	0e4d66cc295056889d9aeb3e2fbf43f2f089fbeb8b0f96c32c004aa3de315766	included	compact final report, aggregate, metric, status, or provenance
runs/arabidopsis_32x/arabidopsis_32x_colormap_original/output/short_32x/colormap/quast/report.tsv	/home/work/wenhai/dadec/benchmark/runs/arabidopsis_32x/arabidopsis_32x_colormap_original/output/short_32x/colormap/quast/report.tsv	1214	9947aeeb33a7ca196f7d18a9a30d27dd4a39c53c0a3cbe1aa1a9fad8c94330d2	included	compact final report, aggregate, metric, status, or provenance
runs/arabidopsis_32x/arabidopsis_32x_dadec_dev_fix_a_k39_k39_s4_a3_a2_t0p1/benchmark/provenance.json	/home/work/wenhai/dadec/benchmark/runs/arabidopsis_32x/arabidopsis_32x_dadec_dev_fix_a_k39_k39_s4_a3_a2_t0p1/benchmark/provenance.json	1837	01ea46a99e1dfa6d0e1c352314033d5fb46bfcfe0104617a71b8b5b25af6c809	included	compact final report, aggregate, metric, status, or provenance
runs/arabidopsis_32x/arabidopsis_32x_dadec_dev_fix_a_k39_k39_s4_a3_a2_t0p1/benchmark/short_32x/dadec/resources.time.txt	/home/work/wenhai/dadec/benchmark/runs/arabidopsis_32x/arabidopsis_32x_dadec_dev_fix_a_k39_k39_s4_a3_a2_t0p1/benchmark/short_32x/dadec/resources.time.txt	107	50aee4d82636591581e541d7367c737fec693dd10195154dcd43eb5cbcbc2a93	included	compact final report, aggregate, metric, status, or provenance
runs/arabidopsis_32x/arabidopsis_32x_dadec_dev_fix_a_k39_k39_s4_a3_a2_t0p1/output/short_32x/dadec/quast/report.tsv	/home/work/wenhai/dadec/benchmark/runs/arabidopsis_32x/arabidopsis_32x_dadec_dev_fix_a_k39_k39_s4_a3_a2_t0p1/output/short_32x/dadec/quast/report.tsv	1220	81e90740f70f77e1a8629784f5e3f9ae7ef2898c0a0b0a0f1159decf6063c62c	included	compact final report, aggregate, metric, status, or provenance
runs/arabidopsis_32x/arabidopsis_32x_f_hero_original_k21_k59_hs10_hi1/benchmark/provenance.json	/home/work/wenhai/dadec/benchmark/runs/arabidopsis_32x/arabidopsis_32x_f_hero_original_k21_k59_hs10_hi1/benchmark/provenance.json	2067	07c5b7fd84a08b7b56eaee1b60af45cc771899c5a2242ec00573811f62e2dfbd	included	compact final report, aggregate, metric, status, or provenance
runs/arabidopsis_32x/arabidopsis_32x_f_hero_original_k21_k59_hs10_hi1/benchmark/short_32x/f_hero/resources.time.txt	/home/work/wenhai/dadec/benchmark/runs/arabidopsis_32x/arabidopsis_32x_f_hero_original_k21_k59_hs10_hi1/benchmark/short_32x/f_hero/resources.time.txt	119	4bd5ce159b4498d87f9253145a97f5c3cd42b7ffe15746d4e0856df771fe5a53	included	compact final report, aggregate, metric, status, or provenance
runs/arabidopsis_32x/arabidopsis_32x_f_hero_original_k21_k59_hs10_hi1/output/short_32x/f_hero/quast/report.tsv	/home/work/wenhai/dadec/benchmark/runs/arabidopsis_32x/arabidopsis_32x_f_hero_original_k21_k59_hs10_hi1/output/short_32x/f_hero/quast/report.tsv	1215	c4781779c638d8444aae52fd6cae27f1b9d222e0177aa740feeec502f5709a46	included	compact final report, aggregate, metric, status, or provenance
runs/arabidopsis_32x/arabidopsis_32x_fmlrc_original_k21_k59/benchmark/provenance.json	/home/work/wenhai/dadec/benchmark/runs/arabidopsis_32x/arabidopsis_32x_fmlrc_original_k21_k59/benchmark/provenance.json	1912	5a1292893d5533086333972f9cf47131b6045830abb0fe466a4a96ff9ed2cf78	included	compact final report, aggregate, metric, status, or provenance
runs/arabidopsis_32x/arabidopsis_32x_fmlrc_original_k21_k59/benchmark/short_32x/fmlrc/resources.time.txt	/home/work/wenhai/dadec/benchmark/runs/arabidopsis_32x/arabidopsis_32x_fmlrc_original_k21_k59/benchmark/short_32x/fmlrc/resources.time.txt	104	a62fcfb37e535af5898f893e17a070163f115f119ae2544d118f50a3cc9f9358	included	compact final report, aggregate, metric, status, or provenance
runs/arabidopsis_32x/arabidopsis_32x_fmlrc_original_k21_k59/output/short_32x/fmlrc/quast/report.tsv	/home/work/wenhai/dadec/benchmark/runs/arabidopsis_32x/arabidopsis_32x_fmlrc_original_k21_k59/output/short_32x/fmlrc/quast/report.tsv	1214	235b60b61486163131119b38b31643e0a88abfea60b1ba4c232c10604d5848f2	included	compact final report, aggregate, metric, status, or provenance
runs/arabidopsis_32x/arabidopsis_32x_l_hero_original_k39_ls5_hs10_hi1/benchmark/provenance.json	/home/work/wenhai/dadec/benchmark/runs/arabidopsis_32x/arabidopsis_32x_l_hero_original_k39_ls5_hs10_hi1/benchmark/provenance.json	1938	88ebe86e3c931b73665ea05e19772d1e9872aea1ec0bf97fd57988b0aad99cd9	included	compact final report, aggregate, metric, status, or provenance
runs/arabidopsis_32x/arabidopsis_32x_l_hero_original_k39_ls5_hs10_hi1/benchmark/short_32x/l_hero/resources.time.txt	/home/work/wenhai/dadec/benchmark/runs/arabidopsis_32x/arabidopsis_32x_l_hero_original_k39_ls5_hs10_hi1/benchmark/short_32x/l_hero/resources.time.txt	121	85da79438b9ef65769f712e9498c19a44e8f4288c026f158b7301c086413cdd1	included	compact final report, aggregate, metric, status, or provenance
runs/arabidopsis_32x/arabidopsis_32x_l_hero_original_k39_ls5_hs10_hi1/output/short_32x/l_hero/quast/report.tsv	/home/work/wenhai/dadec/benchmark/runs/arabidopsis_32x/arabidopsis_32x_l_hero_original_k39_ls5_hs10_hi1/output/short_32x/l_hero/quast/report.tsv	1209	eb4d5311890aff1ca15406534bef2be8565ef9ccdf141344b5f5835a5d80d7af	included	compact final report, aggregate, metric, status, or provenance
runs/arabidopsis_32x/arabidopsis_32x_lordec_original_k39_ls5/benchmark/provenance.json	/home/work/wenhai/dadec/benchmark/runs/arabidopsis_32x/arabidopsis_32x_lordec_original_k39_ls5/benchmark/provenance.json	1788	d80d000f640d6e668ea36adde2940987951e40f8bd993871d9a69f2792e78ad5	included	compact final report, aggregate, metric, status, or provenance
runs/arabidopsis_32x/arabidopsis_32x_lordec_original_k39_ls5/benchmark/short_32x/lordec/resources.time.txt	/home/work/wenhai/dadec/benchmark/runs/arabidopsis_32x/arabidopsis_32x_lordec_original_k39_ls5/benchmark/short_32x/lordec/resources.time.txt	105	72c43f5bf4edb636584982f5de95c462d8d60a3fe5f96504853026bb83e04bac	included	compact final report, aggregate, metric, status, or provenance
runs/arabidopsis_32x/arabidopsis_32x_lordec_original_k39_ls5/output/short_32x/lordec/quast/report.tsv	/home/work/wenhai/dadec/benchmark/runs/arabidopsis_32x/arabidopsis_32x_lordec_original_k39_ls5/output/short_32x/lordec/quast/report.tsv	1209	4cefb0b2491d4665654d99eaaa8893605bcb8d4d7814b7a928608ffe8a5ab6bb	included	compact final report, aggregate, metric, status, or provenance
runs/arabidopsis_32x/arabidopsis_32x_proovread_original/benchmark/provenance.json	/home/work/wenhai/dadec/benchmark/runs/arabidopsis_32x/arabidopsis_32x_proovread_original/benchmark/provenance.json	1774	e6f049a4dc8992153dc76b98859e39d9413d726bf9213acf16d3eaf959e9c650	included	compact final report, aggregate, metric, status, or provenance
runs/arabidopsis_32x/arabidopsis_32x_proovread_original/benchmark/short_32x/proovread/resources.time.txt	/home/work/wenhai/dadec/benchmark/runs/arabidopsis_32x/arabidopsis_32x_proovread_original/benchmark/short_32x/proovread/resources.time.txt	114	b76ef448bc5004eb9152349b6a86949bd552814a50739ad4c7ab3580c8c16c0d	included	compact final report, aggregate, metric, status, or provenance
runs/arabidopsis_32x/arabidopsis_32x_proovread_original/output/short_32x/proovread/quast/report.tsv	/home/work/wenhai/dadec/benchmark/runs/arabidopsis_32x/arabidopsis_32x_proovread_original/output/short_32x/proovread/quast/report.tsv	1215	f8ef5fa2aa5785dc447584c0914673be02a92fdf00875d3e7ddd20d5df6bf016	included	compact final report, aggregate, metric, status, or provenance
runs/arabidopsis_32x/arabidopsis_32x_r_hero_original_k21_k31_hs10_hi1/benchmark/provenance.json	/home/work/wenhai/dadec/benchmark/runs/arabidopsis_32x/arabidopsis_32x_r_hero_original_k21_k31_hs10_hi1/benchmark/provenance.json	1924	3a0963c73942316a17ab31d0e3250aadfdf16bd083a4fda11ed29bb5a43126b0	included	compact final report, aggregate, metric, status, or provenance
runs/arabidopsis_32x/arabidopsis_32x_r_hero_original_k21_k31_hs10_hi1/benchmark/short_32x/r_hero/resources.time.txt	/home/work/wenhai/dadec/benchmark/runs/arabidopsis_32x/arabidopsis_32x_r_hero_original_k21_k31_hs10_hi1/benchmark/short_32x/r_hero/resources.time.txt	112	522ba5de7df21f6f667f6abbbafb01a62df032bfc57a06e07c9a721ef2b290fd	included	compact final report, aggregate, metric, status, or provenance
runs/arabidopsis_32x/arabidopsis_32x_r_hero_original_k21_k31_hs10_hi1/output/short_32x/r_hero/quast/report.tsv	/home/work/wenhai/dadec/benchmark/runs/arabidopsis_32x/arabidopsis_32x_r_hero_original_k21_k31_hs10_hi1/output/short_32x/r_hero/quast/report.tsv	1216	0756d50b92549a06494124c3f44f4efb55568ba2cf9d74f9ed4ae142296777cf	included	compact final report, aggregate, metric, status, or provenance
runs/arabidopsis_32x/arabidopsis_32x_ratatosk_original_k21_k31/benchmark/provenance.json	/home/work/wenhai/dadec/benchmark/runs/arabidopsis_32x/arabidopsis_32x_ratatosk_original_k21_k31/benchmark/provenance.json	1783	06911aa54260d915dc9218b3b42e21303dfad15663842760ce534654e7b43d53	included	compact final report, aggregate, metric, status, or provenance
runs/arabidopsis_32x/arabidopsis_32x_ratatosk_original_k21_k31/benchmark/short_32x/ratatosk/resources.time.txt	/home/work/wenhai/dadec/benchmark/runs/arabidopsis_32x/arabidopsis_32x_ratatosk_original_k21_k31/benchmark/short_32x/ratatosk/resources.time.txt	107	2476bbbaf7fe8296f1c504dea3f8a054ef108d9cae226e21986c7a6723a50b63	included	compact final report, aggregate, metric, status, or provenance
runs/arabidopsis_32x/arabidopsis_32x_ratatosk_original_k21_k31/output/short_32x/ratatosk/quast/report.tsv	/home/work/wenhai/dadec/benchmark/runs/arabidopsis_32x/arabidopsis_32x_ratatosk_original_k21_k31/output/short_32x/ratatosk/quast/report.tsv	1215	5b782033dd4c041bb46e6a809082ae56a747bc29afed7f7e1b2fdd22a0ced47d	included	compact final report, aggregate, metric, status, or provenance
runs/arabidopsis_5x/arabidopsis_5x_colormap_original/benchmark/provenance.json	/home/work/wenhai/dadec/benchmark/runs/arabidopsis_5x/arabidopsis_5x_colormap_original/benchmark/provenance.json	1761	351284bbf48f35595a35c79cd01fecec6fd8198c1d2a01b8558d5ccdefc79362	included	compact final report, aggregate, metric, status, or provenance
runs/arabidopsis_5x/arabidopsis_5x_colormap_original/benchmark/short_5x/colormap/resources.time.txt	/home/work/wenhai/dadec/benchmark/runs/arabidopsis_5x/arabidopsis_5x_colormap_original/benchmark/short_5x/colormap/resources.time.txt	106	1d1d7a3eb7da4879fbd0683eff13b408b912ea0de86c69b6631ca1702a83e284	included	compact final report, aggregate, metric, status, or provenance
runs/arabidopsis_5x/arabidopsis_5x_colormap_original/output/short_5x/colormap/quast/report.tsv	/home/work/wenhai/dadec/benchmark/runs/arabidopsis_5x/arabidopsis_5x_colormap_original/output/short_5x/colormap/quast/report.tsv	1207	17d57fa1d257b5cc34967cd8b4dec4c4b0f2a4d3a7be5148115229ee25df0bdb	included	compact final report, aggregate, metric, status, or provenance
runs/arabidopsis_5x/arabidopsis_5x_dadec_dev_fix_a_k39_k39_s1_a2_a1_t0p1/benchmark/provenance.json	/home/work/wenhai/dadec/benchmark/runs/arabidopsis_5x/arabidopsis_5x_dadec_dev_fix_a_k39_k39_s1_a2_a1_t0p1/benchmark/provenance.json	1875	c3f71bb9a3b8c0b3982ab0c1cde0e9974e506f7c7ae2dbc10deb4d918a16c029	included	compact final report, aggregate, metric, status, or provenance
runs/arabidopsis_5x/arabidopsis_5x_dadec_dev_fix_a_k39_k39_s1_a2_a1_t0p1/benchmark/short_5x/dadec/resources.time.txt	/home/work/wenhai/dadec/benchmark/runs/arabidopsis_5x/arabidopsis_5x_dadec_dev_fix_a_k39_k39_s1_a2_a1_t0p1/benchmark/short_5x/dadec/resources.time.txt	107	3105d7db639d922cd84450564f09b356f083ae3247ee0d3a660f85d9abcc432d	included	compact final report, aggregate, metric, status, or provenance
runs/arabidopsis_5x/arabidopsis_5x_dadec_dev_fix_a_k39_k39_s1_a2_a1_t0p1/output/short_5x/dadec/quast/report.tsv	/home/work/wenhai/dadec/benchmark/runs/arabidopsis_5x/arabidopsis_5x_dadec_dev_fix_a_k39_k39_s1_a2_a1_t0p1/output/short_5x/dadec/quast/report.tsv	1206	44a71e6dc0766290df655e8c54a3b8938d69521b85d566595f995c2f7bf4fd87	included	compact final report, aggregate, metric, status, or provenance
runs/arabidopsis_5x/arabidopsis_5x_f_hero_original_k21_k59_hs10_hi3/benchmark/provenance.json	/home/work/wenhai/dadec/benchmark/runs/arabidopsis_5x/arabidopsis_5x_f_hero_original_k21_k59_hs10_hi3/benchmark/provenance.json	2058	e1206e3d4b313b4e70bb1e60f79f00d725e28637868d2ef6fe2c2028d8e44d22	included	compact final report, aggregate, metric, status, or provenance
runs/arabidopsis_5x/arabidopsis_5x_f_hero_original_k21_k59_hs10_hi3/benchmark/short_5x/f_hero/resources.time.txt	/home/work/wenhai/dadec/benchmark/runs/arabidopsis_5x/arabidopsis_5x_f_hero_original_k21_k59_hs10_hi3/benchmark/short_5x/f_hero/resources.time.txt	110	06465008511c75dfd8dc6095ce11879ff2975a34025d7bf79bb256d52be5a5af	included	compact final report, aggregate, metric, status, or provenance
runs/arabidopsis_5x/arabidopsis_5x_f_hero_original_k21_k59_hs10_hi3/output/short_5x/f_hero/quast/report.tsv	/home/work/wenhai/dadec/benchmark/runs/arabidopsis_5x/arabidopsis_5x_f_hero_original_k21_k59_hs10_hi3/output/short_5x/f_hero/quast/report.tsv	1205	b2943000edb56b5c55d237fd9da2f90731fc75fa70a32ed7b292f5b48a8d1151	included	compact final report, aggregate, metric, status, or provenance
runs/arabidopsis_5x/arabidopsis_5x_fmlrc_original_k21_k59/benchmark/provenance.json	/home/work/wenhai/dadec/benchmark/runs/arabidopsis_5x/arabidopsis_5x_fmlrc_original_k21_k59/benchmark/provenance.json	1903	4f3aff30f661b9517f2ff911ca1e041b0e91100acc069fc88988f582791be74d	included	compact final report, aggregate, metric, status, or provenance
runs/arabidopsis_5x/arabidopsis_5x_fmlrc_original_k21_k59/benchmark/short_5x/fmlrc/resources.time.txt	/home/work/wenhai/dadec/benchmark/runs/arabidopsis_5x/arabidopsis_5x_fmlrc_original_k21_k59/benchmark/short_5x/fmlrc/resources.time.txt	102	70137eff2c9d696d96f7c8fe164cd899cc9e8fc7e77c26ab3d72e8b99616180e	included	compact final report, aggregate, metric, status, or provenance
runs/arabidopsis_5x/arabidopsis_5x_fmlrc_original_k21_k59/output/short_5x/fmlrc/quast/report.tsv	/home/work/wenhai/dadec/benchmark/runs/arabidopsis_5x/arabidopsis_5x_fmlrc_original_k21_k59/output/short_5x/fmlrc/quast/report.tsv	1203	58d3ef1d2ee228282f2c9509f5f99d2c87b0c11ee6b59649c76221e7621b725f	included	compact final report, aggregate, metric, status, or provenance
runs/arabidopsis_5x/arabidopsis_5x_l_hero_original_k21_ls5_hs10_hi3/benchmark/provenance.json	/home/work/wenhai/dadec/benchmark/runs/arabidopsis_5x/arabidopsis_5x_l_hero_original_k21_ls5_hs10_hi3/benchmark/provenance.json	1929	4e7e946ffb99b1328f716ccebfe52c771e40424d9b318bf89139b85daee115e3	included	compact final report, aggregate, metric, status, or provenance
runs/arabidopsis_5x/arabidopsis_5x_l_hero_original_k21_ls5_hs10_hi3/benchmark/short_5x/l_hero/resources.time.txt	/home/work/wenhai/dadec/benchmark/runs/arabidopsis_5x/arabidopsis_5x_l_hero_original_k21_ls5_hs10_hi3/benchmark/short_5x/l_hero/resources.time.txt	110	80aee415b25dd82eeb99b7eb4442bc8ee86f35641154392234ae6a23d2047d45	included	compact final report, aggregate, metric, status, or provenance
runs/arabidopsis_5x/arabidopsis_5x_l_hero_original_k21_ls5_hs10_hi3/output/short_5x/l_hero/quast/report.tsv	/home/work/wenhai/dadec/benchmark/runs/arabidopsis_5x/arabidopsis_5x_l_hero_original_k21_ls5_hs10_hi3/output/short_5x/l_hero/quast/report.tsv	1204	e1f8f1f68a940fb6edee87f968ce56f4379607ec636bd9bf94fe5732eb03545d	included	compact final report, aggregate, metric, status, or provenance
runs/arabidopsis_5x/arabidopsis_5x_lordec_original_k21_ls5/benchmark/provenance.json	/home/work/wenhai/dadec/benchmark/runs/arabidopsis_5x/arabidopsis_5x_lordec_original_k21_ls5/benchmark/provenance.json	1779	021e0dc37b15df3b3e448574c8f2796ab9977e562209486d0eb5008625a09175	included	compact final report, aggregate, metric, status, or provenance
runs/arabidopsis_5x/arabidopsis_5x_lordec_original_k21_ls5/benchmark/short_5x/lordec/resources.time.txt	/home/work/wenhai/dadec/benchmark/runs/arabidopsis_5x/arabidopsis_5x_lordec_original_k21_ls5/benchmark/short_5x/lordec/resources.time.txt	104	ad383dc27fb2f4d6dc76d8a86028d13c83626c6814ba22eb079c37dd27d330dc	included	compact final report, aggregate, metric, status, or provenance
runs/arabidopsis_5x/arabidopsis_5x_lordec_original_k21_ls5/output/short_5x/lordec/quast/report.tsv	/home/work/wenhai/dadec/benchmark/runs/arabidopsis_5x/arabidopsis_5x_lordec_original_k21_ls5/output/short_5x/lordec/quast/report.tsv	1204	2724362c3d965eaa84e4abef71008afdcca2dc555bf7946b7eedabd25464f5f2	included	compact final report, aggregate, metric, status, or provenance
runs/arabidopsis_5x/arabidopsis_5x_proovread_original/benchmark/provenance.json	/home/work/wenhai/dadec/benchmark/runs/arabidopsis_5x/arabidopsis_5x_proovread_original/benchmark/provenance.json	1765	8824bf9004307b4c05be7230d74024c1c124311737a584b2c8d56e18dc1bd238	included	compact final report, aggregate, metric, status, or provenance
runs/arabidopsis_5x/arabidopsis_5x_proovread_original/benchmark/short_5x/proovread/resources.time.txt	/home/work/wenhai/dadec/benchmark/runs/arabidopsis_5x/arabidopsis_5x_proovread_original/benchmark/short_5x/proovread/resources.time.txt	111	a020a1cf34903a0463fc8112cdaf181eb78c972a52921cf581aed15bd56f7254	included	compact final report, aggregate, metric, status, or provenance
runs/arabidopsis_5x/arabidopsis_5x_proovread_original/output/short_5x/proovread/quast/report.tsv	/home/work/wenhai/dadec/benchmark/runs/arabidopsis_5x/arabidopsis_5x_proovread_original/output/short_5x/proovread/quast/report.tsv	1205	4754ccfec56155936cd2777c0a4f16e87c83c8239612b2df4d8ba2eda98e8292	included	compact final report, aggregate, metric, status, or provenance
runs/arabidopsis_5x/arabidopsis_5x_r_hero_original_k31_k63_hs10_hi3/benchmark/provenance.json	/home/work/wenhai/dadec/benchmark/runs/arabidopsis_5x/arabidopsis_5x_r_hero_original_k31_k63_hs10_hi3/benchmark/provenance.json	1915	ec64c38952cb1ee193eddadf907759e5ea68d9d975708632a2d64363f5101bcb	included	compact final report, aggregate, metric, status, or provenance
runs/arabidopsis_5x/arabidopsis_5x_r_hero_original_k31_k63_hs10_hi3/benchmark/short_5x/r_hero/resources.time.txt	/home/work/wenhai/dadec/benchmark/runs/arabidopsis_5x/arabidopsis_5x_r_hero_original_k31_k63_hs10_hi3/benchmark/short_5x/r_hero/resources.time.txt	110	9e53328cfe43a6a75e249839d0e1ec9d29b4cd9d65f83eb25671bbec1cb7d4ca	included	compact final report, aggregate, metric, status, or provenance
runs/arabidopsis_5x/arabidopsis_5x_r_hero_original_k31_k63_hs10_hi3/output/short_5x/r_hero/quast/report.tsv	/home/work/wenhai/dadec/benchmark/runs/arabidopsis_5x/arabidopsis_5x_r_hero_original_k31_k63_hs10_hi3/output/short_5x/r_hero/quast/report.tsv	1202	8f733a844624581895f402f73d531df7cc9e3724338ea633e476a8a54389a69f	included	compact final report, aggregate, metric, status, or provenance
runs/arabidopsis_5x/arabidopsis_5x_ratatosk_original_k21_k63/benchmark/provenance.json	/home/work/wenhai/dadec/benchmark/runs/arabidopsis_5x/arabidopsis_5x_ratatosk_original_k21_k63/benchmark/provenance.json	1775	b48cbc81a97a94ca9b079d7849800335478a0b2accc43bc8970302a3a293a585	included	compact final report, aggregate, metric, status, or provenance
runs/arabidopsis_5x/arabidopsis_5x_ratatosk_original_k21_k63/benchmark/short_5x/ratatosk/resources.time.txt	/home/work/wenhai/dadec/benchmark/runs/arabidopsis_5x/arabidopsis_5x_ratatosk_original_k21_k63/benchmark/short_5x/ratatosk/resources.time.txt	107	8c7d20197885db86a6c40651f219a8297d315d8883f276d08fa318db902b08e5	included	compact final report, aggregate, metric, status, or provenance
runs/arabidopsis_5x/arabidopsis_5x_ratatosk_original_k21_k63/output/short_5x/ratatosk/quast/report.tsv	/home/work/wenhai/dadec/benchmark/runs/arabidopsis_5x/arabidopsis_5x_ratatosk_original_k21_k63/output/short_5x/ratatosk/quast/report.tsv	1203	7eb3299ffcdbf4510b32948708b929af45300f9f5396dd4aa5ff1827a6fd7dae	included	compact final report, aggregate, metric, status, or provenance
runs/drosophila_43x/assembly/dadec/canu/provenance.json	/home/work/wenhai/dadec/benchmark/runs/drosophila_43x/assembly/dadec/canu/provenance.json	754	8b28414467bbc9c5f633e755b36ee3b0072acaa5b31f49f32141168dc6c9fe6f	included	compact final report, aggregate, metric, status, or provenance
runs/drosophila_43x/assembly/dadec/canu/quast/report.tsv	/home/work/wenhai/dadec/benchmark/runs/drosophila_43x/assembly/dadec/canu/quast/report.tsv	1171	3f9548c7777968f489aa08b4b96ef9d938ac276203c6d166743e3c36b9f4e3bf	included	compact final report, aggregate, metric, status, or provenance
runs/drosophila_43x/assembly/dadec/hifiasm/provenance.json	/home/work/wenhai/dadec/benchmark/runs/drosophila_43x/assembly/dadec/hifiasm/provenance.json	823	e2c6bb450d08ea99fb64527de0c9820a77f95d31c875bcdc11a4fd5aacfdc719	included	compact final report, aggregate, metric, status, or provenance
runs/drosophila_43x/assembly/dadec/hifiasm/quast/report.tsv	/home/work/wenhai/dadec/benchmark/runs/drosophila_43x/assembly/dadec/hifiasm/quast/report.tsv	1164	ad65f3e304251874a2697bb058bd3e8ec21f4190fd40af62e659509d061fa445	included	compact final report, aggregate, metric, status, or provenance
runs/drosophila_43x/assembly/f_hero/canu/provenance.json	/home/work/wenhai/dadec/benchmark/runs/drosophila_43x/assembly/f_hero/canu/provenance.json	662	b42ddcb3bc14592f481608d9043d6106f4a8ced688fae7a18161d3c8e3b7ce10	included	compact final report, aggregate, metric, status, or provenance
runs/drosophila_43x/assembly/f_hero/canu/quast/report.tsv	/home/work/wenhai/dadec/benchmark/runs/drosophila_43x/assembly/f_hero/canu/quast/report.tsv	1169	e8c8e44b6378be7694a4c26489d594af77df00a7071bb1acbc72653586391256	included	compact final report, aggregate, metric, status, or provenance
runs/drosophila_43x/assembly/f_hero/hifiasm/provenance.json	/home/work/wenhai/dadec/benchmark/runs/drosophila_43x/assembly/f_hero/hifiasm/provenance.json	682	5b43f57f88ed07c05ba6d1dbcaeb67aa724ff59a929d8c722f6c1b52ecde4540	included	compact final report, aggregate, metric, status, or provenance
runs/drosophila_43x/assembly/f_hero/hifiasm/quast/report.tsv	/home/work/wenhai/dadec/benchmark/runs/drosophila_43x/assembly/f_hero/hifiasm/quast/report.tsv	1162	eb422f6ae03f4e06b729beaacc726062cca9af1414ad340ec6f0dfb2d231a698	included	compact final report, aggregate, metric, status, or provenance
runs/drosophila_43x/assembly/fmlrc/canu/provenance.json	/home/work/wenhai/dadec/benchmark/runs/drosophila_43x/assembly/fmlrc/canu/provenance.json	660	5aacbacca674f320ad77437a0c0fcb2acfa10514d49ef43479124de670dc41b4	included	compact final report, aggregate, metric, status, or provenance
runs/drosophila_43x/assembly/fmlrc/canu/quast/report.tsv	/home/work/wenhai/dadec/benchmark/runs/drosophila_43x/assembly/fmlrc/canu/quast/report.tsv	1169	3292de2f977f9cb0e53b6e2cb062f50199e2180b40727602c539987b438cb0c0	included	compact final report, aggregate, metric, status, or provenance
runs/drosophila_43x/assembly/fmlrc/hifiasm/provenance.json	/home/work/wenhai/dadec/benchmark/runs/drosophila_43x/assembly/fmlrc/hifiasm/provenance.json	680	3147e88a786c7993411bac6af5f51f0d44b1e626d0ac9a98cbed24938b54a1f2	included	compact final report, aggregate, metric, status, or provenance
runs/drosophila_43x/assembly/fmlrc/hifiasm/quast/report.tsv	/home/work/wenhai/dadec/benchmark/runs/drosophila_43x/assembly/fmlrc/hifiasm/quast/report.tsv	1163	ac4508f66430563aec7f9ca7392c21410520c9431a48521290e36b2eb99ce354	included	compact final report, aggregate, metric, status, or provenance
runs/drosophila_43x/assembly/l_hero/canu/provenance.json	/home/work/wenhai/dadec/benchmark/runs/drosophila_43x/assembly/l_hero/canu/provenance.json	662	c9dba1a8de6581e7ba6a7f97fc2a1020305c2a889ca60f321ee6e7981d099d8b	included	compact final report, aggregate, metric, status, or provenance
runs/drosophila_43x/assembly/l_hero/canu/quast/report.tsv	/home/work/wenhai/dadec/benchmark/runs/drosophila_43x/assembly/l_hero/canu/quast/report.tsv	1169	af650235643878b716414148059ac337a82f50ae1ad437427b08b645f5a2835c	included	compact final report, aggregate, metric, status, or provenance
runs/drosophila_43x/assembly/l_hero/hifiasm/provenance.json	/home/work/wenhai/dadec/benchmark/runs/drosophila_43x/assembly/l_hero/hifiasm/provenance.json	682	427b7da595c220d2539074778dff39a9d4633cc05599248dad9af94adc534533	included	compact final report, aggregate, metric, status, or provenance
runs/drosophila_43x/assembly/l_hero/hifiasm/quast/report.tsv	/home/work/wenhai/dadec/benchmark/runs/drosophila_43x/assembly/l_hero/hifiasm/quast/report.tsv	1146	842e0ee0cb30e12056aac37f975b75ff8572ca53a481735274679d35a66acc72	included	compact final report, aggregate, metric, status, or provenance
runs/drosophila_43x/assembly/lordec/canu/provenance.json	/home/work/wenhai/dadec/benchmark/runs/drosophila_43x/assembly/lordec/canu/provenance.json	664	8f6fad70e62311ac8557eb629df219172ad804a54d1dd75e636acc7c1e743ffb	included	compact final report, aggregate, metric, status, or provenance
runs/drosophila_43x/assembly/lordec/canu/quast/report.tsv	/home/work/wenhai/dadec/benchmark/runs/drosophila_43x/assembly/lordec/canu/quast/report.tsv	1170	c984a8a1ced7dfa541bf73de66cb3f04193b16b78b57231604782c08cd60ea3c	included	compact final report, aggregate, metric, status, or provenance
runs/drosophila_43x/assembly/lordec/hifiasm/provenance.json	/home/work/wenhai/dadec/benchmark/runs/drosophila_43x/assembly/lordec/hifiasm/provenance.json	684	cd7f6746d5ae456da44cadca2e95ea05d79fc1aeb5607a553d52a8dbfd22558a	included	compact final report, aggregate, metric, status, or provenance
runs/drosophila_43x/assembly/lordec/hifiasm/quast/report.tsv	/home/work/wenhai/dadec/benchmark/runs/drosophila_43x/assembly/lordec/hifiasm/quast/report.tsv	1146	6b79304029412896d124eb91416e3351b7de149fdee474d878732446dacb4a59	included	compact final report, aggregate, metric, status, or provenance
runs/drosophila_43x/assembly/r_hero/canu/provenance.json	/home/work/wenhai/dadec/benchmark/runs/drosophila_43x/assembly/r_hero/canu/provenance.json	662	542ed9f604907f83ff4bbbc25a21f09ac087cafa71c4a333acebec3494f8cc4a	included	compact final report, aggregate, metric, status, or provenance
runs/drosophila_43x/assembly/r_hero/canu/quast/report.tsv	/home/work/wenhai/dadec/benchmark/runs/drosophila_43x/assembly/r_hero/canu/quast/report.tsv	1155	78e8fa1890658f63fb25ad219549dd6abcdd82e1d49a4052601bac87fa50dff8	included	compact final report, aggregate, metric, status, or provenance
runs/drosophila_43x/assembly/r_hero/hifiasm/provenance.json	/home/work/wenhai/dadec/benchmark/runs/drosophila_43x/assembly/r_hero/hifiasm/provenance.json	682	3f175f7ba5673d0a36d2ba516314d8d25918384c5a0a48747eb9e4a09cd93b34	included	compact final report, aggregate, metric, status, or provenance
runs/drosophila_43x/assembly/r_hero/hifiasm/quast/report.tsv	/home/work/wenhai/dadec/benchmark/runs/drosophila_43x/assembly/r_hero/hifiasm/quast/report.tsv	1146	7bcb95a294b3fcf5ca6d41e9331488fde66d827c925adf0c09d6350f22a87dda	included	compact final report, aggregate, metric, status, or provenance
runs/drosophila_43x/assembly/ratatosk/canu/provenance.json	/home/work/wenhai/dadec/benchmark/runs/drosophila_43x/assembly/ratatosk/canu/provenance.json	672	a2f12298767f1377e21170d886655c2f4fd4279a74675a4cecb8eb0dd409196b	included	compact final report, aggregate, metric, status, or provenance
runs/drosophila_43x/assembly/ratatosk/canu/quast/report.tsv	/home/work/wenhai/dadec/benchmark/runs/drosophila_43x/assembly/ratatosk/canu/quast/report.tsv	1149	cea8e107d7291ca03d17911545d2b5db92eb8750ccd000b30155a42706048e6d	included	compact final report, aggregate, metric, status, or provenance
runs/drosophila_43x/assembly/ratatosk/hifiasm/provenance.json	/home/work/wenhai/dadec/benchmark/runs/drosophila_43x/assembly/ratatosk/hifiasm/provenance.json	692	ace182f8b83607c4066e711ed958b66f7dd3814db173bd8129d02d3e36a8f033	included	compact final report, aggregate, metric, status, or provenance
runs/drosophila_43x/assembly/ratatosk/hifiasm/quast/report.tsv	/home/work/wenhai/dadec/benchmark/runs/drosophila_43x/assembly/ratatosk/hifiasm/quast/report.tsv	1148	010b1c65f1b76de80b546c2fa665bc34f4607a0f0a19195fdd2cc6dfe5897b63	included	compact final report, aggregate, metric, status, or provenance
runs/drosophila_43x/drosophila_43x_colormap/benchmark/provenance.json	/home/work/wenhai/dadec/benchmark/runs/drosophila_43x/drosophila_43x_colormap/benchmark/provenance.json	1665	a6b4dcadc7787af16a846562dcb19a04e4c3d9137dc2c86c859042adb800eab9	included	compact final report, aggregate, metric, status, or provenance
runs/drosophila_43x/drosophila_43x_colormap/output/short_43x/colormap/quast/report.tsv	/home/work/wenhai/dadec/benchmark/runs/drosophila_43x/drosophila_43x_colormap/output/short_43x/colormap/quast/report.tsv	1183	4c35668637a6fc94ef5c7aa27f10f0b54fe39dc89aa7c819c616e2df4714d483	included	compact final report, aggregate, metric, status, or provenance
runs/drosophila_43x/drosophila_43x_dadec_dev_fix_a_k39_k39_s3_a3_a2/benchmark/provenance.json	/home/work/wenhai/dadec/benchmark/runs/drosophila_43x/drosophila_43x_dadec_dev_fix_a_k39_k39_s3_a3_a2/benchmark/provenance.json	1859	e2fb12ce2b8a6d5e77d7b8553e238e429e8079d38daae58659b0333b60c873c6	included	compact final report, aggregate, metric, status, or provenance
runs/drosophila_43x/drosophila_43x_dadec_dev_fix_a_k39_k39_s3_a3_a2/benchmark/short_43x/dadec/resources.time.txt	/home/work/wenhai/dadec/benchmark/runs/drosophila_43x/drosophila_43x_dadec_dev_fix_a_k39_k39_s3_a3_a2/benchmark/short_43x/dadec/resources.time.txt	108	514cbff3bf55c7fae2a631c628f5f0df25e6ab8c494757fcbad8c831710b234a	included	compact final report, aggregate, metric, status, or provenance
runs/drosophila_43x/drosophila_43x_dadec_dev_fix_a_k39_k39_s3_a3_a2/output/short_43x/dadec/quast/report.tsv	/home/work/wenhai/dadec/benchmark/runs/drosophila_43x/drosophila_43x_dadec_dev_fix_a_k39_k39_s3_a3_a2/output/short_43x/dadec/quast/report.tsv	1208	52f3eefec65befc21454f6905831ae17a6016a3406f062a95020111983eaeedb	included	compact final report, aggregate, metric, status, or provenance
runs/drosophila_43x/drosophila_43x_f_hero_k21_k59_hs10_hi1/benchmark/provenance.json	/home/work/wenhai/dadec/benchmark/runs/drosophila_43x/drosophila_43x_f_hero_k21_k59_hs10_hi1/benchmark/provenance.json	1692	26f7661981f8ae6f0e5d780ebc6b6e242051594914964d937e611bd06e70a9f0	included	compact final report, aggregate, metric, status, or provenance
runs/drosophila_43x/drosophila_43x_f_hero_k21_k59_hs10_hi1/output/short_43x/f_hero/quast/report.tsv	/home/work/wenhai/dadec/benchmark/runs/drosophila_43x/drosophila_43x_f_hero_k21_k59_hs10_hi1/output/short_43x/f_hero/quast/report.tsv	1207	6228b93a7d68a054a4e56f7b21faf0e68307f1701dc03d022405cd4b86dec4b7	included	compact final report, aggregate, metric, status, or provenance
runs/drosophila_43x/drosophila_43x_fmlrc_k21_k59/benchmark/provenance.json	/home/work/wenhai/dadec/benchmark/runs/drosophila_43x/drosophila_43x_fmlrc_k21_k59/benchmark/provenance.json	1661	a86c131729c96b5c4b3969a2ff7bb2cadb7dd6a98ffd0d64da9e42df06542f55	included	compact final report, aggregate, metric, status, or provenance
runs/drosophila_43x/drosophila_43x_fmlrc_k21_k59/output/short_43x/fmlrc/quast/report.tsv	/home/work/wenhai/dadec/benchmark/runs/drosophila_43x/drosophila_43x_fmlrc_k21_k59/output/short_43x/fmlrc/quast/report.tsv	1202	457c259d3aa19cdad93cac51a7f6da07ceb8e3b53a1212600e066cee0416acd2	included	compact final report, aggregate, metric, status, or provenance
runs/drosophila_43x/drosophila_43x_l_hero_k21_ls5_hs10_hi1/benchmark/provenance.json	/home/work/wenhai/dadec/benchmark/runs/drosophila_43x/drosophila_43x_l_hero_k21_ls5_hs10_hi1/benchmark/provenance.json	1692	ffe52a2c67f6c3c7cbc0c42ec25f888112f7b1e9bc9f8b2ca249879fda8298b9	included	compact final report, aggregate, metric, status, or provenance
runs/drosophila_43x/drosophila_43x_l_hero_k21_ls5_hs10_hi1/output/short_43x/l_hero/quast/report.tsv	/home/work/wenhai/dadec/benchmark/runs/drosophila_43x/drosophila_43x_l_hero_k21_ls5_hs10_hi1/output/short_43x/l_hero/quast/report.tsv	1208	1f2f835d9e667876e2bcf255b8c7c7943409bf5a5a357d4517907b7b2aa2dc16	included	compact final report, aggregate, metric, status, or provenance
runs/drosophila_43x/drosophila_43x_lordec_k21_ls5/benchmark/provenance.json	/home/work/wenhai/dadec/benchmark/runs/drosophila_43x/drosophila_43x_lordec_k21_ls5/benchmark/provenance.json	1667	9eca3857351738987718182c761948a1d2e2fea92c5b89eace63b5f57a3dc3d6	included	compact final report, aggregate, metric, status, or provenance
runs/drosophila_43x/drosophila_43x_lordec_k21_ls5/output/short_43x/lordec/quast/report.tsv	/home/work/wenhai/dadec/benchmark/runs/drosophila_43x/drosophila_43x_lordec_k21_ls5/output/short_43x/lordec/quast/report.tsv	1206	ae308cc81d458afabca7343a9aa02295e6eafe8891f8b89e9c79881b50bf9b4a	included	compact final report, aggregate, metric, status, or provenance
runs/drosophila_43x/drosophila_43x_proovread/benchmark/provenance.json	/home/work/wenhai/dadec/benchmark/runs/drosophila_43x/drosophila_43x_proovread/benchmark/provenance.json	1663	56750376cf283272c0426fdb89e07135753cd7ab0706a59260d650dbfb600ebe	included	compact final report, aggregate, metric, status, or provenance
runs/drosophila_43x/drosophila_43x_proovread/output/short_43x/proovread/quast/report.tsv	/home/work/wenhai/dadec/benchmark/runs/drosophila_43x/drosophila_43x_proovread/output/short_43x/proovread/quast/report.tsv	1171	70e3328dc14488ff917237c855d6cf204489c1add4e6d79408b3e75af55c788b	included	compact final report, aggregate, metric, status, or provenance
runs/drosophila_43x/drosophila_43x_r_hero_k31_k63_hs10_hi1/benchmark/provenance.json	/home/work/wenhai/dadec/benchmark/runs/drosophila_43x/drosophila_43x_r_hero_k31_k63_hs10_hi1/benchmark/provenance.json	1692	b924170a3b7fdba5a38d6c3fa8076994365c98b00bb9daffaeafab0c7fa88109	included	compact final report, aggregate, metric, status, or provenance
runs/drosophila_43x/drosophila_43x_r_hero_k31_k63_hs10_hi1/output/short_43x/r_hero/quast/report.tsv	/home/work/wenhai/dadec/benchmark/runs/drosophila_43x/drosophila_43x_r_hero_k31_k63_hs10_hi1/output/short_43x/r_hero/quast/report.tsv	1210	0bcc6041da0b6fb49093db81467063557a48ad12347c975476eccdb06a5579fb	included	compact final report, aggregate, metric, status, or provenance
runs/drosophila_43x/drosophila_43x_ratatosk_k31_k63/benchmark/provenance.json	/home/work/wenhai/dadec/benchmark/runs/drosophila_43x/drosophila_43x_ratatosk_k31_k63/benchmark/provenance.json	1682	96289729bad889f96636c8c7722dec0a353fae8d121717b122f8907c2c11dfd7	included	compact final report, aggregate, metric, status, or provenance
runs/drosophila_43x/drosophila_43x_ratatosk_k31_k63/output/short_43x/ratatosk/quast/report.tsv	/home/work/wenhai/dadec/benchmark/runs/drosophila_43x/drosophila_43x_ratatosk_k31_k63/output/short_43x/ratatosk/quast/report.tsv	1203	4ce7fd982e9695622a16eb6a30dd137f6030c1e00875e197d303f2d27eef7137	included	compact final report, aggregate, metric, status, or provenance
runs/ecoli3_20x/ecoli3_20x_colormap_original/benchmark/provenance.json	/home/work/wenhai/dadec/benchmark/runs/ecoli3_20x/ecoli3_20x_colormap_original/benchmark/provenance.json	1805	3a3721dfe2414bc2b0a41defb5bb1b68bd2fc3753d3429435b650f07abd89e63	included	compact final report, aggregate, metric, status, or provenance
runs/ecoli3_20x/ecoli3_20x_colormap_original/benchmark/short_20x/colormap/resources.time.txt	/home/work/wenhai/dadec/benchmark/runs/ecoli3_20x/ecoli3_20x_colormap_original/benchmark/short_20x/colormap/resources.time.txt	105	77d205a338b022b3f06dcb3b279cba09f64290381ff86852d4575bf985c36b30	included	compact final report, aggregate, metric, status, or provenance
runs/ecoli3_20x/ecoli3_20x_colormap_original/output/short_20x/colormap/metaquast.ambiguity9999/combined_reference/report.tsv	/home/work/wenhai/dadec/benchmark/runs/ecoli3_20x/ecoli3_20x_colormap_original/output/short_20x/colormap/metaquast.ambiguity9999/combined_reference/report.tsv	1019	a41b67305ef67fd97141b9d12ee7e1d43f8e48f64f416628fe5868fb1fd56de8	included	compact final report, aggregate, metric, status, or provenance
runs/ecoli3_20x/ecoli3_20x_dadec_dev_fix_a_k31_k31_s1_a2_a1/benchmark/provenance.json	/home/work/wenhai/dadec/benchmark/runs/ecoli3_20x/ecoli3_20x_dadec_dev_fix_a_k31_k31_s1_a2_a1/benchmark/provenance.json	1833	828ad73fb0afbbf9fb4dd7bfc17c62cad2aa2e26a834e699ad3c5ae09e2d16d7	included	compact final report, aggregate, metric, status, or provenance
runs/ecoli3_20x/ecoli3_20x_dadec_dev_fix_a_k31_k31_s1_a2_a1/benchmark/short_20x/dadec/resources.time.txt	/home/work/wenhai/dadec/benchmark/runs/ecoli3_20x/ecoli3_20x_dadec_dev_fix_a_k31_k31_s1_a2_a1/benchmark/short_20x/dadec/resources.time.txt	102	6aa3c644492f8a7e7a6e1a4c38a5b16d71c35048f9b956c8bb4f0a832d3953b9	included	compact final report, aggregate, metric, status, or provenance
runs/ecoli3_20x/ecoli3_20x_dadec_dev_fix_a_k31_k31_s1_a2_a1/output/short_20x/dadec/metaquast.ambiguity9999/combined_reference/report.tsv	/home/work/wenhai/dadec/benchmark/runs/ecoli3_20x/ecoli3_20x_dadec_dev_fix_a_k31_k31_s1_a2_a1/output/short_20x/dadec/metaquast.ambiguity9999/combined_reference/report.tsv	1019	7463e69f3cf5bdb6c73e102c88f89b1fd87f51fdc74a1aaace66555bd1155376	included	compact final report, aggregate, metric, status, or provenance
runs/ecoli3_20x/ecoli3_20x_f_hero_original_k21_k59_hs30_hi3/benchmark/provenance.json	/home/work/wenhai/dadec/benchmark/runs/ecoli3_20x/ecoli3_20x_f_hero_original_k21_k59_hs30_hi3/benchmark/provenance.json	2102	036d9ceac00720a7c362576a84791e4ebe533cb3ecd844e6c9a901956de05499	included	compact final report, aggregate, metric, status, or provenance
runs/ecoli3_20x/ecoli3_20x_f_hero_original_k21_k59_hs30_hi3/benchmark/short_20x/f_hero/resources.time.txt	/home/work/wenhai/dadec/benchmark/runs/ecoli3_20x/ecoli3_20x_f_hero_original_k21_k59_hs30_hi3/benchmark/short_20x/f_hero/resources.time.txt	114	50446da5afb1cb68515fb366538aaa522dfd1b24db14845a24ea84718d95559c	included	compact final report, aggregate, metric, status, or provenance
runs/ecoli3_20x/ecoli3_20x_f_hero_original_k21_k59_hs30_hi3/output/short_20x/f_hero/metaquast.ambiguity9999/combined_reference/report.tsv	/home/work/wenhai/dadec/benchmark/runs/ecoli3_20x/ecoli3_20x_f_hero_original_k21_k59_hs30_hi3/output/short_20x/f_hero/metaquast.ambiguity9999/combined_reference/report.tsv	1022	d4362f3e57367ca02b5ad36d317b0f310a9b3c9d9ced6c2cb9ac5c60694c1bb5	included	compact final report, aggregate, metric, status, or provenance
runs/ecoli3_20x/ecoli3_20x_fmlrc_original_k21_k59/benchmark/provenance.json	/home/work/wenhai/dadec/benchmark/runs/ecoli3_20x/ecoli3_20x_fmlrc_original_k21_k59/benchmark/provenance.json	1947	141677c4c184cffcb6729cf27a40ee28f26c44d13caa132ed3ba0926f3f3023f	included	compact final report, aggregate, metric, status, or provenance
runs/ecoli3_20x/ecoli3_20x_fmlrc_original_k21_k59/benchmark/short_20x/fmlrc/resources.time.txt	/home/work/wenhai/dadec/benchmark/runs/ecoli3_20x/ecoli3_20x_fmlrc_original_k21_k59/benchmark/short_20x/fmlrc/resources.time.txt	98	001ab5cc3ce967ce7d971aaaddf1b8974ecf4f445b71805fb5cc34378cb745b7	included	compact final report, aggregate, metric, status, or provenance
runs/ecoli3_20x/ecoli3_20x_fmlrc_original_k21_k59/output/short_20x/fmlrc/metaquast.ambiguity9999/combined_reference/report.tsv	/home/work/wenhai/dadec/benchmark/runs/ecoli3_20x/ecoli3_20x_fmlrc_original_k21_k59/output/short_20x/fmlrc/metaquast.ambiguity9999/combined_reference/report.tsv	1022	30f2e9f8cf7e59bfd7bdd4f2330c93217381ab58067ca3ef275e235a998d9617	included	compact final report, aggregate, metric, status, or provenance
runs/ecoli3_20x/ecoli3_20x_l_hero_original_k31_ls5_hs30_hi3/benchmark/provenance.json	/home/work/wenhai/dadec/benchmark/runs/ecoli3_20x/ecoli3_20x_l_hero_original_k31_ls5_hs30_hi3/benchmark/provenance.json	1973	3ba1b2e300f839916a844925af37851d7652316a067f060108c06234bec789f4	included	compact final report, aggregate, metric, status, or provenance
runs/ecoli3_20x/ecoli3_20x_l_hero_original_k31_ls5_hs30_hi3/benchmark/short_20x/l_hero/resources.time.txt	/home/work/wenhai/dadec/benchmark/runs/ecoli3_20x/ecoli3_20x_l_hero_original_k31_ls5_hs30_hi3/benchmark/short_20x/l_hero/resources.time.txt	105	0819e901af9f88b6bebfcd572128b265846bcf3124432d05de029ca4c12e6d25	included	compact final report, aggregate, metric, status, or provenance
runs/ecoli3_20x/ecoli3_20x_l_hero_original_k31_ls5_hs30_hi3/output/short_20x/l_hero/metaquast.ambiguity9999/combined_reference/report.tsv	/home/work/wenhai/dadec/benchmark/runs/ecoli3_20x/ecoli3_20x_l_hero_original_k31_ls5_hs30_hi3/output/short_20x/l_hero/metaquast.ambiguity9999/combined_reference/report.tsv	1023	8d018475acea78626c9eb6b1a29438000148451d7ae75df3fb1b642eadf4feaa	included	compact final report, aggregate, metric, status, or provenance
runs/ecoli3_20x/ecoli3_20x_lordec_original_k31_ls5/benchmark/provenance.json	/home/work/wenhai/dadec/benchmark/runs/ecoli3_20x/ecoli3_20x_lordec_original_k31_ls5/benchmark/provenance.json	1823	7356ef223fdfce43ec1c274849c77ad733e81e91530f1e73b8d310fb1df47095	included	compact final report, aggregate, metric, status, or provenance
runs/ecoli3_20x/ecoli3_20x_lordec_original_k31_ls5/benchmark/short_20x/lordec/resources.time.txt	/home/work/wenhai/dadec/benchmark/runs/ecoli3_20x/ecoli3_20x_lordec_original_k31_ls5/benchmark/short_20x/lordec/resources.time.txt	102	7123f70215e78e917999cc4704b9bcda850349d587889115b3e9c7e2c4566c15	included	compact final report, aggregate, metric, status, or provenance
runs/ecoli3_20x/ecoli3_20x_lordec_original_k31_ls5/output/short_20x/lordec/metaquast.ambiguity9999/combined_reference/report.tsv	/home/work/wenhai/dadec/benchmark/runs/ecoli3_20x/ecoli3_20x_lordec_original_k31_ls5/output/short_20x/lordec/metaquast.ambiguity9999/combined_reference/report.tsv	1021	3598aac3b7cdd451e8ba3d3f235cc45279ab3a5a83ad7d22b3a7718086872c2f	included	compact final report, aggregate, metric, status, or provenance
runs/ecoli3_20x/ecoli3_20x_proovread_original/benchmark/provenance.json	/home/work/wenhai/dadec/benchmark/runs/ecoli3_20x/ecoli3_20x_proovread_original/benchmark/provenance.json	1809	cab5ffc4256e7ca89ec1528f500cf4bd90520f3c6571f711e327691d1ab29a66	included	compact final report, aggregate, metric, status, or provenance
runs/ecoli3_20x/ecoli3_20x_proovread_original/benchmark/short_20x/proovread/resources.time.txt	/home/work/wenhai/dadec/benchmark/runs/ecoli3_20x/ecoli3_20x_proovread_original/benchmark/short_20x/proovread/resources.time.txt	104	e574548c3166c7b3dbb23c11335c2b5be652d45814b92d977c901fbf3bda30e7	included	compact final report, aggregate, metric, status, or provenance
runs/ecoli3_20x/ecoli3_20x_proovread_original/output/short_20x/proovread/metaquast.ambiguity9999/combined_reference/report.tsv	/home/work/wenhai/dadec/benchmark/runs/ecoli3_20x/ecoli3_20x_proovread_original/output/short_20x/proovread/metaquast.ambiguity9999/combined_reference/report.tsv	1019	3130656147ba2a0ab450cfe5f866bf4a28e9c88ac5a0fda0c2526a03f375795d	included	compact final report, aggregate, metric, status, or provenance
runs/ecoli3_20x/ecoli3_20x_r_hero_original_k31_k63_hs30_hi3/benchmark/provenance.json	/home/work/wenhai/dadec/benchmark/runs/ecoli3_20x/ecoli3_20x_r_hero_original_k31_k63_hs30_hi3/benchmark/provenance.json	1959	4881ae69933dd72a7e703a87f09cac580acd9bd6bd99a0e999db4bf848d77ae6	included	compact final report, aggregate, metric, status, or provenance
runs/ecoli3_20x/ecoli3_20x_r_hero_original_k31_k63_hs30_hi3/benchmark/short_20x/r_hero/resources.time.txt	/home/work/wenhai/dadec/benchmark/runs/ecoli3_20x/ecoli3_20x_r_hero_original_k31_k63_hs30_hi3/benchmark/short_20x/r_hero/resources.time.txt	104	fd5184fa55fec7db9c5321d4e764b6673ba5f8cb2b24bba3475bb263ddcbd94c	included	compact final report, aggregate, metric, status, or provenance
runs/ecoli3_20x/ecoli3_20x_r_hero_original_k31_k63_hs30_hi3/output/short_20x/r_hero/metaquast.ambiguity9999/combined_reference/report.tsv	/home/work/wenhai/dadec/benchmark/runs/ecoli3_20x/ecoli3_20x_r_hero_original_k31_k63_hs30_hi3/output/short_20x/r_hero/metaquast.ambiguity9999/combined_reference/report.tsv	1025	ea62dfe5c8b0eaa2f91671748de5cc42c7201758c71a85662c97d39b6e90dd0a	included	compact final report, aggregate, metric, status, or provenance
runs/ecoli3_20x/ecoli3_20x_ratatosk_original_k31_k63/benchmark/provenance.json	/home/work/wenhai/dadec/benchmark/runs/ecoli3_20x/ecoli3_20x_ratatosk_original_k31_k63/benchmark/provenance.json	1818	3aff0b7d78eca4678a16c74333d905d2947cc553be688218aa52afaca68a4f15	included	compact final report, aggregate, metric, status, or provenance
runs/ecoli3_20x/ecoli3_20x_ratatosk_original_k31_k63/benchmark/short_20x/ratatosk/resources.time.txt	/home/work/wenhai/dadec/benchmark/runs/ecoli3_20x/ecoli3_20x_ratatosk_original_k31_k63/benchmark/short_20x/ratatosk/resources.time.txt	101	825df64f9bf7144f99bc34bcec8f8ef801c48633c2e98797f9eeea2ea23add04	included	compact final report, aggregate, metric, status, or provenance
runs/ecoli3_20x/ecoli3_20x_ratatosk_original_k31_k63/output/short_20x/ratatosk/metaquast.ambiguity9999/combined_reference/report.tsv	/home/work/wenhai/dadec/benchmark/runs/ecoli3_20x/ecoli3_20x_ratatosk_original_k31_k63/output/short_20x/ratatosk/metaquast.ambiguity9999/combined_reference/report.tsv	1025	c0d9a9413223367d201d6d33e79205bdec7a523afa1e2ab391182e3eedc2d88e	included	compact final report, aggregate, metric, status, or provenance
runs/ecoli3_error_readcount_hiseq/ecoli3_error_readcount_hiseq_dadec_original_dev_fix_a_k31_k31_s1_a2_a1/benchmark/provenance.json	/home/work/wenhai/dadec/benchmark/runs/ecoli3_error_readcount_hiseq/ecoli3_error_readcount_hiseq_dadec_original_dev_fix_a_k31_k31_s1_a2_a1/benchmark/provenance.json	3228	e775831d280879276bf5865ed0fdc01138c9c98fe4f9d04aa71be2d6fe60d869	included	compact final report, aggregate, metric, status, or provenance
runs/ecoli3_error_readcount_hiseq/ecoli3_error_readcount_hiseq_dadec_original_dev_fix_a_k31_k31_s1_a2_a1/benchmark/short_23x/dadec/resources.time.txt	/home/work/wenhai/dadec/benchmark/runs/ecoli3_error_readcount_hiseq/ecoli3_error_readcount_hiseq_dadec_original_dev_fix_a_k31_k31_s1_a2_a1/benchmark/short_23x/dadec/resources.time.txt	102	94a1fd14fd555f4e5b672a86f1ccf9742533912f199878d77a0e8c0e78acd666	included	compact final report, aggregate, metric, status, or provenance
runs/ecoli3_error_readcount_hiseq/ecoli3_error_readcount_hiseq_dadec_original_dev_fix_a_k31_k31_s1_a2_a1/output/short_23x/dadec/metaquast.ambiguity9999/combined_reference/report.tsv	/home/work/wenhai/dadec/benchmark/runs/ecoli3_error_readcount_hiseq/ecoli3_error_readcount_hiseq_dadec_original_dev_fix_a_k31_k31_s1_a2_a1/output/short_23x/dadec/metaquast.ambiguity9999/combined_reference/report.tsv	1021	74af3bc690ab171f7d131bd2d5c9a37da0385a5580ded2a22ac2a97f73f337e4	included	compact final report, aggregate, metric, status, or provenance
runs/ecoli3_error_readcount_hiseq/ecoli3_error_readcount_hiseq_dadec_original_k31_k31_s1_a2_a1/benchmark/provenance.json	/home/work/wenhai/dadec/benchmark/runs/ecoli3_error_readcount_hiseq/ecoli3_error_readcount_hiseq_dadec_original_k31_k31_s1_a2_a1/benchmark/provenance.json	3194	d88527d46c16f1014b25382b092d1f66f10a954d6eacf6d607c0866de7ea62a3	included	compact final report, aggregate, metric, status, or provenance
runs/ecoli3_error_readcount_hiseq/ecoli3_error_readcount_hiseq_dadec_original_k31_k31_s1_a2_a1/benchmark/short_23x/dadec/resources.time.txt	/home/work/wenhai/dadec/benchmark/runs/ecoli3_error_readcount_hiseq/ecoli3_error_readcount_hiseq_dadec_original_k31_k31_s1_a2_a1/benchmark/short_23x/dadec/resources.time.txt	102	8c7cfea1d54cb59ba6321a542d338b7ef2754013e6fe2e2f3a61dabef9a9ee22	included	compact final report, aggregate, metric, status, or provenance
runs/ecoli3_error_readcount_hiseq/ecoli3_error_readcount_hiseq_dadec_original_k31_k31_s1_a2_a1/output/short_23x/dadec/metaquast.ambiguity9999/combined_reference/report.tsv	/home/work/wenhai/dadec/benchmark/runs/ecoli3_error_readcount_hiseq/ecoli3_error_readcount_hiseq_dadec_original_k31_k31_s1_a2_a1/output/short_23x/dadec/metaquast.ambiguity9999/combined_reference/report.tsv	1021	d5be02386ff11039d51ba4d49b33defe2c49d07d9cb92329da2cb0ec32dccce0	included	compact final report, aggregate, metric, status, or provenance
runs/ecoli3_error_readcount_miseq/ecoli3_error_readcount_miseq_dadec_original_dev_fix_a_k31_k31_s1_a2_a1/benchmark/provenance.json	/home/work/wenhai/dadec/benchmark/runs/ecoli3_error_readcount_miseq/ecoli3_error_readcount_miseq_dadec_original_dev_fix_a_k31_k31_s1_a2_a1/benchmark/provenance.json	3228	62555ddeee6226efa6faa2a3acfba08643112b8974949b31db3499498d7777de	included	compact final report, aggregate, metric, status, or provenance
runs/ecoli3_error_readcount_miseq/ecoli3_error_readcount_miseq_dadec_original_dev_fix_a_k31_k31_s1_a2_a1/benchmark/short_20x/dadec/resources.time.txt	/home/work/wenhai/dadec/benchmark/runs/ecoli3_error_readcount_miseq/ecoli3_error_readcount_miseq_dadec_original_dev_fix_a_k31_k31_s1_a2_a1/benchmark/short_20x/dadec/resources.time.txt	103	32b14c6659d1aa1e2248e995d932144011b9230f2c6bc66dfa591d5f4cbf2958	included	compact final report, aggregate, metric, status, or provenance
runs/ecoli3_error_readcount_miseq/ecoli3_error_readcount_miseq_dadec_original_dev_fix_a_k31_k31_s1_a2_a1/output/short_20x/dadec/metaquast.ambiguity9999/combined_reference/report.tsv	/home/work/wenhai/dadec/benchmark/runs/ecoli3_error_readcount_miseq/ecoli3_error_readcount_miseq_dadec_original_dev_fix_a_k31_k31_s1_a2_a1/output/short_20x/dadec/metaquast.ambiguity9999/combined_reference/report.tsv	1023	161994e5098d8c49160717b21c11b0063530d797a16512868970e57f353fd548	included	compact final report, aggregate, metric, status, or provenance
runs/ecoli3_error_readcount_miseq/ecoli3_error_readcount_miseq_dadec_original_k31_k31_s1_a2_a1/benchmark/provenance.json	/home/work/wenhai/dadec/benchmark/runs/ecoli3_error_readcount_miseq/ecoli3_error_readcount_miseq_dadec_original_k31_k31_s1_a2_a1/benchmark/provenance.json	3194	ecc802689681b86bca8daf6ecf9211d1382030457ef4cb76a0eced20cfff776a	included	compact final report, aggregate, metric, status, or provenance
runs/ecoli3_error_readcount_miseq/ecoli3_error_readcount_miseq_dadec_original_k31_k31_s1_a2_a1/benchmark/short_20x/dadec/resources.time.txt	/home/work/wenhai/dadec/benchmark/runs/ecoli3_error_readcount_miseq/ecoli3_error_readcount_miseq_dadec_original_k31_k31_s1_a2_a1/benchmark/short_20x/dadec/resources.time.txt	103	19142c99f7baa1b7613cc62c32d9a4cf5d2314c6ba65342b3afb4cf860398b43	included	compact final report, aggregate, metric, status, or provenance
runs/ecoli3_error_readcount_miseq/ecoli3_error_readcount_miseq_dadec_original_k31_k31_s1_a2_a1/output/short_20x/dadec/metaquast.ambiguity9999/combined_reference/report.tsv	/home/work/wenhai/dadec/benchmark/runs/ecoli3_error_readcount_miseq/ecoli3_error_readcount_miseq_dadec_original_k31_k31_s1_a2_a1/output/short_20x/dadec/metaquast.ambiguity9999/combined_reference/report.tsv	1022	27c3eefb726b671c69f9dec4b2380546f20f81976d5d48cda33e0393dfbafbb7	included	compact final report, aggregate, metric, status, or provenance
runs/ecoli3_error_readcount_nextseq/ecoli3_error_readcount_nextseq_dadec_original_dev_fix_a_k31_k31_s1_a2_a1/benchmark/provenance.json	/home/work/wenhai/dadec/benchmark/runs/ecoli3_error_readcount_nextseq/ecoli3_error_readcount_nextseq_dadec_original_dev_fix_a_k31_k31_s1_a2_a1/benchmark/provenance.json	3240	c7398c8381c095cf29370b50780d57cde89525cfee8566dc266a1b1bac1f132b	included	compact final report, aggregate, metric, status, or provenance
runs/ecoli3_error_readcount_nextseq/ecoli3_error_readcount_nextseq_dadec_original_dev_fix_a_k31_k31_s1_a2_a1/benchmark/short_21x/dadec/resources.time.txt	/home/work/wenhai/dadec/benchmark/runs/ecoli3_error_readcount_nextseq/ecoli3_error_readcount_nextseq_dadec_original_dev_fix_a_k31_k31_s1_a2_a1/benchmark/short_21x/dadec/resources.time.txt	103	2b95142704aaf042e17c6235c73c848f00923b832e4f02fdc49a8426495bf7e1	included	compact final report, aggregate, metric, status, or provenance
runs/ecoli3_error_readcount_nextseq/ecoli3_error_readcount_nextseq_dadec_original_dev_fix_a_k31_k31_s1_a2_a1/output/short_21x/dadec/metaquast.ambiguity9999/combined_reference/report.tsv	/home/work/wenhai/dadec/benchmark/runs/ecoli3_error_readcount_nextseq/ecoli3_error_readcount_nextseq_dadec_original_dev_fix_a_k31_k31_s1_a2_a1/output/short_21x/dadec/metaquast.ambiguity9999/combined_reference/report.tsv	1021	27cfe5210e5729d9b5375a81eb203e9d4b3980d02923e9a51e57c875b5051a3a	included	compact final report, aggregate, metric, status, or provenance
runs/ecoli3_error_readcount_nextseq/ecoli3_error_readcount_nextseq_dadec_original_k31_k31_s1_a2_a1/benchmark/provenance.json	/home/work/wenhai/dadec/benchmark/runs/ecoli3_error_readcount_nextseq/ecoli3_error_readcount_nextseq_dadec_original_k31_k31_s1_a2_a1/benchmark/provenance.json	3206	ede6baa0503b78ca698798e635ad8ac8f1e7d186c11468e9fb03faffbad723b7	included	compact final report, aggregate, metric, status, or provenance
runs/ecoli3_error_readcount_nextseq/ecoli3_error_readcount_nextseq_dadec_original_k31_k31_s1_a2_a1/benchmark/short_21x/dadec/resources.time.txt	/home/work/wenhai/dadec/benchmark/runs/ecoli3_error_readcount_nextseq/ecoli3_error_readcount_nextseq_dadec_original_k31_k31_s1_a2_a1/benchmark/short_21x/dadec/resources.time.txt	103	7f34f31968ef4f29deb8ef96d1cc92e2f5f71a5a5f3a7dfca170b025a00f22fb	included	compact final report, aggregate, metric, status, or provenance
runs/ecoli3_error_readcount_nextseq/ecoli3_error_readcount_nextseq_dadec_original_k31_k31_s1_a2_a1/output/short_21x/dadec/metaquast.ambiguity9999/combined_reference/report.tsv	/home/work/wenhai/dadec/benchmark/runs/ecoli3_error_readcount_nextseq/ecoli3_error_readcount_nextseq_dadec_original_k31_k31_s1_a2_a1/output/short_21x/dadec/metaquast.ambiguity9999/combined_reference/report.tsv	1021	81d5f42070114a18d15ce4b479af6caa1c54e0aa93c6dae66f2b5431d084a95e	included	compact final report, aggregate, metric, status, or provenance
runs/ecoli3_error_readcount_novaseq/ecoli3_error_readcount_novaseq_dadec_original_dev_fix_a_k31_k31_s1_a2_a1/benchmark/provenance.json	/home/work/wenhai/dadec/benchmark/runs/ecoli3_error_readcount_novaseq/ecoli3_error_readcount_novaseq_dadec_original_dev_fix_a_k31_k31_s1_a2_a1/benchmark/provenance.json	3240	296362f593552b8c15819fcb5718cc28c3d67fd790ea0888ebe7b41176d3a29f	included	compact final report, aggregate, metric, status, or provenance
runs/ecoli3_error_readcount_novaseq/ecoli3_error_readcount_novaseq_dadec_original_dev_fix_a_k31_k31_s1_a2_a1/benchmark/short_22x/dadec/resources.time.txt	/home/work/wenhai/dadec/benchmark/runs/ecoli3_error_readcount_novaseq/ecoli3_error_readcount_novaseq_dadec_original_dev_fix_a_k31_k31_s1_a2_a1/benchmark/short_22x/dadec/resources.time.txt	102	c96902ad5cf0de459ea752776b6ff0951a0e67b0c3087633e696c52bc34b225a	included	compact final report, aggregate, metric, status, or provenance
runs/ecoli3_error_readcount_novaseq/ecoli3_error_readcount_novaseq_dadec_original_dev_fix_a_k31_k31_s1_a2_a1/output/short_22x/dadec/metaquast.ambiguity9999/combined_reference/report.tsv	/home/work/wenhai/dadec/benchmark/runs/ecoli3_error_readcount_novaseq/ecoli3_error_readcount_novaseq_dadec_original_dev_fix_a_k31_k31_s1_a2_a1/output/short_22x/dadec/metaquast.ambiguity9999/combined_reference/report.tsv	1021	f2549ac233d015a5bcf0f8f2ce7641c7e8ae3f6e104a6598ec9190c00e929f6b	included	compact final report, aggregate, metric, status, or provenance
runs/ecoli3_error_readcount_novaseq/ecoli3_error_readcount_novaseq_dadec_original_k31_k31_s1_a2_a1/benchmark/provenance.json	/home/work/wenhai/dadec/benchmark/runs/ecoli3_error_readcount_novaseq/ecoli3_error_readcount_novaseq_dadec_original_k31_k31_s1_a2_a1/benchmark/provenance.json	3206	b096fbf7fa97b7bf0e20183afd5be8474057837cb7115da91791623e7589900a	included	compact final report, aggregate, metric, status, or provenance
runs/ecoli3_error_readcount_novaseq/ecoli3_error_readcount_novaseq_dadec_original_k31_k31_s1_a2_a1/benchmark/short_22x/dadec/resources.time.txt	/home/work/wenhai/dadec/benchmark/runs/ecoli3_error_readcount_novaseq/ecoli3_error_readcount_novaseq_dadec_original_k31_k31_s1_a2_a1/benchmark/short_22x/dadec/resources.time.txt	102	0dc4a3c4dbddf7635237db269c7b5d7cdde2f090d086b97004091a0c7017ea5e	included	compact final report, aggregate, metric, status, or provenance
runs/ecoli3_error_readcount_novaseq/ecoli3_error_readcount_novaseq_dadec_original_k31_k31_s1_a2_a1/output/short_22x/dadec/metaquast.ambiguity9999/combined_reference/report.tsv	/home/work/wenhai/dadec/benchmark/runs/ecoli3_error_readcount_novaseq/ecoli3_error_readcount_novaseq_dadec_original_k31_k31_s1_a2_a1/output/short_22x/dadec/metaquast.ambiguity9999/combined_reference/report.tsv	1021	b7ea9a60900d6adf7b28e1aea0e9a541fbec8081f92f8c1b611e7c6a6bff7734	included	compact final report, aggregate, metric, status, or provenance
runs/mhc_ont_50x/mhc_ont_50x_colormap_original/benchmark/provenance.json	/home/work/wenhai/dadec/benchmark/runs/mhc_ont_50x/mhc_ont_50x_colormap_original/benchmark/provenance.json	1641	9fba41417e82d0f335a22c37256b4adf8dbf72eab28e75c7e213f744f7f965d1	included	compact final report, aggregate, metric, status, or provenance
runs/mhc_ont_50x/mhc_ont_50x_colormap_original/output/short_50x/colormap/metaquast.ambiguity9999/combined_reference/report.tsv	/home/work/wenhai/dadec/benchmark/runs/mhc_ont_50x/mhc_ont_50x_colormap_original/output/short_50x/colormap/metaquast.ambiguity9999/combined_reference/report.tsv	1020	6c4b38791c209290bff845ae8d8f2012e7fb6c61f28217c00615c6d72db1a8ac	included	compact final report, aggregate, metric, status, or provenance
runs/mhc_ont_50x/mhc_ont_50x_dadec_dev_fix_a_k63_k63_s1_a2_a1/benchmark/provenance.json	/home/work/wenhai/dadec/benchmark/runs/mhc_ont_50x/mhc_ont_50x_dadec_dev_fix_a_k63_k63_s1_a2_a1/benchmark/provenance.json	1833	5ff0c9f38ae7272fecb9cbb2c790951aca4484335bf963e2bc1873fb5bee5309	included	compact final report, aggregate, metric, status, or provenance
runs/mhc_ont_50x/mhc_ont_50x_dadec_dev_fix_a_k63_k63_s1_a2_a1/benchmark/short_50x/dadec/resources.time.txt	/home/work/wenhai/dadec/benchmark/runs/mhc_ont_50x/mhc_ont_50x_dadec_dev_fix_a_k63_k63_s1_a2_a1/benchmark/short_50x/dadec/resources.time.txt	102	a23020ef3f31faa1306bab4ec19e6433d2fa8c6212e7a7b08258dc6fd840a3ba	included	compact final report, aggregate, metric, status, or provenance
runs/mhc_ont_50x/mhc_ont_50x_dadec_dev_fix_a_k63_k63_s1_a2_a1/output/short_50x/dadec/metaquast.ambiguity9999/combined_reference/report.tsv	/home/work/wenhai/dadec/benchmark/runs/mhc_ont_50x/mhc_ont_50x_dadec_dev_fix_a_k63_k63_s1_a2_a1/output/short_50x/dadec/metaquast.ambiguity9999/combined_reference/report.tsv	1021	0fef3d638ec062c1eaaa956f0f65eef256e26b155c44fce920f23880aa679069	included	compact final report, aggregate, metric, status, or provenance
runs/mhc_ont_50x/mhc_ont_50x_f_hero_original_k21_k59_hs5_hi1/benchmark/provenance.json	/home/work/wenhai/dadec/benchmark/runs/mhc_ont_50x/mhc_ont_50x_f_hero_original_k21_k59_hs5_hi1/benchmark/provenance.json	1665	e2c0742909b773f73ff6d51cfbc960dfd06ab361bd6cf8110f6f17e5e26248c7	included	compact final report, aggregate, metric, status, or provenance
runs/mhc_ont_50x/mhc_ont_50x_f_hero_original_k21_k59_hs5_hi1/output/short_50x/f_hero/metaquast.ambiguity9999/combined_reference/report.tsv	/home/work/wenhai/dadec/benchmark/runs/mhc_ont_50x/mhc_ont_50x_f_hero_original_k21_k59_hs5_hi1/output/short_50x/f_hero/metaquast.ambiguity9999/combined_reference/report.tsv	1019	d184ccece56e8efd30ce863a5dfb83870ae7f7fb97a7624cfa37796047a5f2e5	included	compact final report, aggregate, metric, status, or provenance
runs/mhc_ont_50x/mhc_ont_50x_fmlrc_original_k21_k59/benchmark/provenance.json	/home/work/wenhai/dadec/benchmark/runs/mhc_ont_50x/mhc_ont_50x_fmlrc_original_k21_k59/benchmark/provenance.json	1637	cf99d96d9396ec2148377a4c5f8e9145b669097b4f8003b0759c511cc2ac2f5b	included	compact final report, aggregate, metric, status, or provenance
runs/mhc_ont_50x/mhc_ont_50x_fmlrc_original_k21_k59/benchmark/short_50x/fmlrc/resources.time.txt	/home/work/wenhai/dadec/benchmark/runs/mhc_ont_50x/mhc_ont_50x_fmlrc_original_k21_k59/benchmark/short_50x/fmlrc/resources.time.txt	98	e20ce0b27091ea2177c2e7fd8d4844cece920539ea8145a86677030a8ad7b632	included	compact final report, aggregate, metric, status, or provenance
runs/mhc_ont_50x/mhc_ont_50x_fmlrc_original_k21_k59/output/short_50x/fmlrc/metaquast.ambiguity9999/combined_reference/report.tsv	/home/work/wenhai/dadec/benchmark/runs/mhc_ont_50x/mhc_ont_50x_fmlrc_original_k21_k59/output/short_50x/fmlrc/metaquast.ambiguity9999/combined_reference/report.tsv	1016	c03d89451ef684a223128df44eeb15eb5baf874dd6693e2e037e708fbcce6ab8	included	compact final report, aggregate, metric, status, or provenance
runs/mhc_ont_50x/mhc_ont_50x_l_hero_original_k31_ls5_hs10_hi1/benchmark/provenance.json	/home/work/wenhai/dadec/benchmark/runs/mhc_ont_50x/mhc_ont_50x_l_hero_original_k31_ls5_hs10_hi1/benchmark/provenance.json	1669	bd86f726f4a2899fcba6c1bc1686230b63050e7c3b3bcd69ddd0476476c06cae	included	compact final report, aggregate, metric, status, or provenance
runs/mhc_ont_50x/mhc_ont_50x_l_hero_original_k31_ls5_hs10_hi1/output/short_50x/l_hero/metaquast.ambiguity9999/combined_reference/report.tsv	/home/work/wenhai/dadec/benchmark/runs/mhc_ont_50x/mhc_ont_50x_l_hero_original_k31_ls5_hs10_hi1/output/short_50x/l_hero/metaquast.ambiguity9999/combined_reference/report.tsv	1022	d387ed08c8cd447740255716fe8d5f75ad305bc7079243fe409565df471ba292	included	compact final report, aggregate, metric, status, or provenance
runs/mhc_ont_50x/mhc_ont_50x_lordec_original_k31_ls5/benchmark/provenance.json	/home/work/wenhai/dadec/benchmark/runs/mhc_ont_50x/mhc_ont_50x_lordec_original_k31_ls5/benchmark/provenance.json	1645	3e7cac6d312e94f8dfb8a37bb36a8074898c46a4fece3e87c9f3b7ae35fb3977	included	compact final report, aggregate, metric, status, or provenance
runs/mhc_ont_50x/mhc_ont_50x_lordec_original_k31_ls5/output/short_50x/lordec/metaquast.ambiguity9999/combined_reference/report.tsv	/home/work/wenhai/dadec/benchmark/runs/mhc_ont_50x/mhc_ont_50x_lordec_original_k31_ls5/output/short_50x/lordec/metaquast.ambiguity9999/combined_reference/report.tsv	1014	91c3be66a06ac25706c40ea8826a893a4629ab4c2acc0026b81e7484a2452e1c	included	compact final report, aggregate, metric, status, or provenance
runs/mhc_ont_50x/mhc_ont_50x_proovread_original/benchmark/provenance.json	/home/work/wenhai/dadec/benchmark/runs/mhc_ont_50x/mhc_ont_50x_proovread_original/benchmark/provenance.json	1640	5354d2ebcb4bbfb783ba53bb998da047892d2b58b476a1e3c135c98e126e548e	included	compact final report, aggregate, metric, status, or provenance
runs/mhc_ont_50x/mhc_ont_50x_proovread_original/output/short_50x/proovread/metaquast.ambiguity9999/combined_reference/report.tsv	/home/work/wenhai/dadec/benchmark/runs/mhc_ont_50x/mhc_ont_50x_proovread_original/output/short_50x/proovread/metaquast.ambiguity9999/combined_reference/report.tsv	1009	9ed12c368e617c232bd5ecba9b830762cac8ec4894405a91b0ce01e4f6deaa49	included	compact final report, aggregate, metric, status, or provenance
runs/mhc_ont_50x/mhc_ont_50x_r_hero_original_k31_k63_hs10_hi1/benchmark/provenance.json	/home/work/wenhai/dadec/benchmark/runs/mhc_ont_50x/mhc_ont_50x_r_hero_original_k31_k63_hs10_hi1/benchmark/provenance.json	1669	a6fe47fbfd23b7471d2314923ae0c129da7003e3561f2b46a205a99ff232fcfd	included	compact final report, aggregate, metric, status, or provenance
runs/mhc_ont_50x/mhc_ont_50x_r_hero_original_k31_k63_hs10_hi1/output/short_50x/r_hero/metaquast.ambiguity9999/combined_reference/report.tsv	/home/work/wenhai/dadec/benchmark/runs/mhc_ont_50x/mhc_ont_50x_r_hero_original_k31_k63_hs10_hi1/output/short_50x/r_hero/metaquast.ambiguity9999/combined_reference/report.tsv	1020	6bcac73ee069cd2a21aaef9f06cd3a708de266e4643369a35b64ba145ef90b8a	included	compact final report, aggregate, metric, status, or provenance
runs/mhc_ont_50x/mhc_ont_50x_ratatosk_original_k31_k63/benchmark/provenance.json	/home/work/wenhai/dadec/benchmark/runs/mhc_ont_50x/mhc_ont_50x_ratatosk_original_k31_k63/benchmark/provenance.json	1659	b6e9a3c44c19289507348092e2ea62014f0c63ef0490c571241871b7a9f3d4f4	included	compact final report, aggregate, metric, status, or provenance
runs/mhc_ont_50x/mhc_ont_50x_ratatosk_original_k31_k63/output/short_50x/ratatosk/metaquast.ambiguity9999/combined_reference/report.tsv	/home/work/wenhai/dadec/benchmark/runs/mhc_ont_50x/mhc_ont_50x_ratatosk_original_k31_k63/output/short_50x/ratatosk/metaquast.ambiguity9999/combined_reference/report.tsv	1016	d23c299dfe403eb7f5baded1f0d36b7d2f533e1f76a55052e87f1e4b0c17874d	included	compact final report, aggregate, metric, status, or provenance
runs/mhc_pac_50x/mhc_pac_50x_colormap_original/benchmark/provenance.json	/home/work/wenhai/dadec/benchmark/runs/mhc_pac_50x/mhc_pac_50x_colormap_original/benchmark/provenance.json	1639	2799471536e19f15e10c25b0ce492b79ccf7c4d02471f83fd52116ff1712d5b2	included	compact final report, aggregate, metric, status, or provenance
runs/mhc_pac_50x/mhc_pac_50x_colormap_original/output/short_50x/colormap/metaquast.ambiguity9999/combined_reference/report.tsv	/home/work/wenhai/dadec/benchmark/runs/mhc_pac_50x/mhc_pac_50x_colormap_original/output/short_50x/colormap/metaquast.ambiguity9999/combined_reference/report.tsv	1014	b9a12e394ae5d0106e072804c1886ef9f7487d60f12ea83da3787c559661361c	included	compact final report, aggregate, metric, status, or provenance
runs/mhc_pac_50x/mhc_pac_50x_dadec_dev_fix_a_k63_k63_s1_a2_a1/benchmark/provenance.json	/home/work/wenhai/dadec/benchmark/runs/mhc_pac_50x/mhc_pac_50x_dadec_dev_fix_a_k63_k63_s1_a2_a1/benchmark/provenance.json	1833	490b3afc5f7108066fb33156aaecea3e7c4b1cb2bafee91b2f5f0c9eadf8e7e6	included	compact final report, aggregate, metric, status, or provenance
runs/mhc_pac_50x/mhc_pac_50x_dadec_dev_fix_a_k63_k63_s1_a2_a1/benchmark/short_50x/dadec/resources.time.txt	/home/work/wenhai/dadec/benchmark/runs/mhc_pac_50x/mhc_pac_50x_dadec_dev_fix_a_k63_k63_s1_a2_a1/benchmark/short_50x/dadec/resources.time.txt	102	1328d4e5a850b9ca84718100247a33173b3b44cde70fa44fa814e30141f6a41b	included	compact final report, aggregate, metric, status, or provenance
runs/mhc_pac_50x/mhc_pac_50x_dadec_dev_fix_a_k63_k63_s1_a2_a1/output/short_50x/dadec/metaquast.ambiguity9999/combined_reference/report.tsv	/home/work/wenhai/dadec/benchmark/runs/mhc_pac_50x/mhc_pac_50x_dadec_dev_fix_a_k63_k63_s1_a2_a1/output/short_50x/dadec/metaquast.ambiguity9999/combined_reference/report.tsv	1007	a9fb5c3c4d77c02792c90c2009b33face3bfd3eeb68c1315531c29afabc3ce41	included	compact final report, aggregate, metric, status, or provenance
runs/mhc_pac_50x/mhc_pac_50x_f_hero_original_k21_k59_hs3_hi1/benchmark/provenance.json	/home/work/wenhai/dadec/benchmark/runs/mhc_pac_50x/mhc_pac_50x_f_hero_original_k21_k59_hs3_hi1/benchmark/provenance.json	1662	2aa15710056448e97b7e864e66d2a5521cf3b05ee4bb420c5f905ca963169240	included	compact final report, aggregate, metric, status, or provenance
runs/mhc_pac_50x/mhc_pac_50x_f_hero_original_k21_k59_hs3_hi1/output/short_50x/f_hero/metaquast.ambiguity9999/combined_reference/report.tsv	/home/work/wenhai/dadec/benchmark/runs/mhc_pac_50x/mhc_pac_50x_f_hero_original_k21_k59_hs3_hi1/output/short_50x/f_hero/metaquast.ambiguity9999/combined_reference/report.tsv	1007	2499af40fc7b2b05f289effa122017164035126fe1506585d19f0b37feb02e5c	included	compact final report, aggregate, metric, status, or provenance
runs/mhc_pac_50x/mhc_pac_50x_fmlrc_original_k21_k59/benchmark/provenance.json	/home/work/wenhai/dadec/benchmark/runs/mhc_pac_50x/mhc_pac_50x_fmlrc_original_k21_k59/benchmark/provenance.json	1634	315e5621b4c0f43318a276d160609194b9936d90c3ad5d1b48c86af5e3dedb4b	included	compact final report, aggregate, metric, status, or provenance
runs/mhc_pac_50x/mhc_pac_50x_fmlrc_original_k21_k59/benchmark/short_50x/fmlrc/resources.time.txt	/home/work/wenhai/dadec/benchmark/runs/mhc_pac_50x/mhc_pac_50x_fmlrc_original_k21_k59/benchmark/short_50x/fmlrc/resources.time.txt	98	d3d1cf591ab7cd41360b2cffedf00c2cccd3527b45cfc2a766cb5693f6f35cc7	included	compact final report, aggregate, metric, status, or provenance
runs/mhc_pac_50x/mhc_pac_50x_fmlrc_original_k21_k59/output/short_50x/fmlrc/metaquast.ambiguity9999/combined_reference/report.tsv	/home/work/wenhai/dadec/benchmark/runs/mhc_pac_50x/mhc_pac_50x_fmlrc_original_k21_k59/output/short_50x/fmlrc/metaquast.ambiguity9999/combined_reference/report.tsv	1006	e142e165197a08c4634a69ad83d51d67547764b971fbb7b3a54dd0bf0219f51e	included	compact final report, aggregate, metric, status, or provenance
runs/mhc_pac_50x/mhc_pac_50x_l_hero_original_k59_ls5_hs10_hi1/benchmark/provenance.json	/home/work/wenhai/dadec/benchmark/runs/mhc_pac_50x/mhc_pac_50x_l_hero_original_k59_ls5_hs10_hi1/benchmark/provenance.json	1666	51e39c5a28d960332309e398c0a36c30466bde89b133145f53e81bee687adf5f	included	compact final report, aggregate, metric, status, or provenance
runs/mhc_pac_50x/mhc_pac_50x_l_hero_original_k59_ls5_hs10_hi1/output/short_50x/l_hero/metaquast.ambiguity9999/combined_reference/report.tsv	/home/work/wenhai/dadec/benchmark/runs/mhc_pac_50x/mhc_pac_50x_l_hero_original_k59_ls5_hs10_hi1/output/short_50x/l_hero/metaquast.ambiguity9999/combined_reference/report.tsv	1010	b679fac7ac7ab77b26fc0b1c9ff5d7ca6f8a30c5d5e12342df8bc8154b5826a4	included	compact final report, aggregate, metric, status, or provenance
runs/mhc_pac_50x/mhc_pac_50x_lordec_original_k59_ls5/benchmark/provenance.json	/home/work/wenhai/dadec/benchmark/runs/mhc_pac_50x/mhc_pac_50x_lordec_original_k59_ls5/benchmark/provenance.json	1642	ba6153b780543cfd49ecc6c0111cc81f3b9c69514605e57673243a3bc662af71	included	compact final report, aggregate, metric, status, or provenance
runs/mhc_pac_50x/mhc_pac_50x_lordec_original_k59_ls5/output/short_50x/lordec/metaquast.ambiguity9999/combined_reference/report.tsv	/home/work/wenhai/dadec/benchmark/runs/mhc_pac_50x/mhc_pac_50x_lordec_original_k59_ls5/output/short_50x/lordec/metaquast.ambiguity9999/combined_reference/report.tsv	1011	dc7cc3c4af3ec3b5bc762a47e8b807a53f32e45298a1e186f963cbd353ea64af	included	compact final report, aggregate, metric, status, or provenance
runs/mhc_pac_50x/mhc_pac_50x_proovread_original/benchmark/provenance.json	/home/work/wenhai/dadec/benchmark/runs/mhc_pac_50x/mhc_pac_50x_proovread_original/benchmark/provenance.json	1809	778318af6875c958bbbf826fd268012a6fa0958074767621ba6f58bc2b4427f9	included	compact final report, aggregate, metric, status, or provenance
runs/mhc_pac_50x/mhc_pac_50x_proovread_original/benchmark/short_50x/proovread/resources.time.txt	/home/work/wenhai/dadec/benchmark/runs/mhc_pac_50x/mhc_pac_50x_proovread_original/benchmark/short_50x/proovread/resources.time.txt	104	eea468ae7d1fa73f9c5a92267b45ad88749adc2ff9ed3318e68c3c2bd0ee5f88	included	compact final report, aggregate, metric, status, or provenance
runs/mhc_pac_50x/mhc_pac_50x_proovread_original/output/short_50x/proovread/metaquast.ambiguity9999/combined_reference/report.tsv	/home/work/wenhai/dadec/benchmark/runs/mhc_pac_50x/mhc_pac_50x_proovread_original/output/short_50x/proovread/metaquast.ambiguity9999/combined_reference/report.tsv	1000	964404b0b48dd9107dd851d57a55f2db8f514436a38cec360141a2cb3367087b	included	compact final report, aggregate, metric, status, or provenance
runs/mhc_pac_50x/mhc_pac_50x_r_hero_original_k31_k63_hs10_hi1/benchmark/provenance.json	/home/work/wenhai/dadec/benchmark/runs/mhc_pac_50x/mhc_pac_50x_r_hero_original_k31_k63_hs10_hi1/benchmark/provenance.json	1666	0964e4845735182f4ef13e76d1aae789863d2f0607e4ace674b566e21eafb894	included	compact final report, aggregate, metric, status, or provenance
runs/mhc_pac_50x/mhc_pac_50x_r_hero_original_k31_k63_hs10_hi1/output/short_50x/r_hero/metaquast.ambiguity9999/combined_reference/report.tsv	/home/work/wenhai/dadec/benchmark/runs/mhc_pac_50x/mhc_pac_50x_r_hero_original_k31_k63_hs10_hi1/output/short_50x/r_hero/metaquast.ambiguity9999/combined_reference/report.tsv	1003	3bab8c997393b2c3b180c3dcc9eb5ee0534f50541f04cc8a656cdccbbccdc8da	included	compact final report, aggregate, metric, status, or provenance
runs/mhc_pac_50x/mhc_pac_50x_ratatosk_original_k31_k63/benchmark/provenance.json	/home/work/wenhai/dadec/benchmark/runs/mhc_pac_50x/mhc_pac_50x_ratatosk_original_k31_k63/benchmark/provenance.json	1656	2ca7b060bab49d59e704e0851234a82fb299840b9f92c5a78e5b764a4fe4a6a3	included	compact final report, aggregate, metric, status, or provenance
runs/mhc_pac_50x/mhc_pac_50x_ratatosk_original_k31_k63/output/short_50x/ratatosk/metaquast.ambiguity9999/combined_reference/report.tsv	/home/work/wenhai/dadec/benchmark/runs/mhc_pac_50x/mhc_pac_50x_ratatosk_original_k31_k63/output/short_50x/ratatosk/metaquast.ambiguity9999/combined_reference/report.tsv	1011	12737eddcb65bfd8162eec28599867a53bb81c23c9d543b670be5ef6c6cdfaf8	included	compact final report, aggregate, metric, status, or provenance
runs/zymo_10pct/zymo_10pct_colormap_original/benchmark/provenance.json	/home/work/wenhai/dadec/benchmark/runs/zymo_10pct/zymo_10pct_colormap_original/benchmark/provenance.json	1858	abff3b0a1059633944f5f30f127f180f967afc520307360a306d28d317abd0e2	included	compact final report, aggregate, metric, status, or provenance
runs/zymo_10pct/zymo_10pct_colormap_original/output/short_10pct/colormap/metaquast.ambiguity9999/combined_reference/report.tsv	/home/work/wenhai/dadec/benchmark/runs/zymo_10pct/zymo_10pct_colormap_original/output/short_10pct/colormap/metaquast.ambiguity9999/combined_reference/report.tsv	1049	511c652223f97be842c1c7b3c9f58872741ca7aa08fb886f969c86ae6aa2982e	included	compact final report, aggregate, metric, status, or provenance
runs/zymo_10pct/zymo_10pct_dadec_original_dev_fix_a_k59_k59_s1_a2_a1/benchmark/provenance.json	/home/work/wenhai/dadec/benchmark/runs/zymo_10pct/zymo_10pct_dadec_original_dev_fix_a_k59_k59_s1_a2_a1/benchmark/provenance.json	2012	f04ee577508e47a5a37ef6f0515d0ac71d70d8c7a2fc033f71a2016d674a8946	included	compact final report, aggregate, metric, status, or provenance
runs/zymo_10pct/zymo_10pct_dadec_original_dev_fix_a_k59_k59_s1_a2_a1/benchmark/short_10pct/dadec/resources.time.txt	/home/work/wenhai/dadec/benchmark/runs/zymo_10pct/zymo_10pct_dadec_original_dev_fix_a_k59_k59_s1_a2_a1/benchmark/short_10pct/dadec/resources.time.txt	106	a5b92ac2abce7e2f96506b74232a2b1736746a2b2cf843e2fafa62003a9f0b71	included	compact final report, aggregate, metric, status, or provenance
runs/zymo_10pct/zymo_10pct_dadec_original_dev_fix_a_k59_k59_s1_a2_a1/output/short_10pct/dadec/metaquast.ambiguity9999/combined_reference/report.tsv	/home/work/wenhai/dadec/benchmark/runs/zymo_10pct/zymo_10pct_dadec_original_dev_fix_a_k59_k59_s1_a2_a1/output/short_10pct/dadec/metaquast.ambiguity9999/combined_reference/report.tsv	1053	a662f514136fb5edbbb7777c683dddc5d117bb2553f9aff4839e31aec2c8b355	included	compact final report, aggregate, metric, status, or provenance
runs/zymo_10pct/zymo_10pct_dechat_original/benchmark/provenance.json	/home/work/wenhai/dadec/benchmark/runs/zymo_10pct/zymo_10pct_dechat_original/benchmark/provenance.json	1782	c9f7f7dd601a7c529f77a3630d3a09bf6d1df8eac414cd08e7e63a7ba07e7f79	included	compact final report, aggregate, metric, status, or provenance
runs/zymo_10pct/zymo_10pct_dechat_original/output/short_10pct/dechat/metaquast.ambiguity9999/combined_reference/report.tsv	/home/work/wenhai/dadec/benchmark/runs/zymo_10pct/zymo_10pct_dechat_original/output/short_10pct/dechat/metaquast.ambiguity9999/combined_reference/report.tsv	2223	7fb5f0ee9ea6e4ae84bc8f6c8e312e93569000821015bc3337efa55a96e1ae74	included	compact final report, aggregate, metric, status, or provenance
runs/zymo_10pct/zymo_10pct_f_hero_original_k21_k59_hs30_hi1/benchmark/provenance.json	/home/work/wenhai/dadec/benchmark/runs/zymo_10pct/zymo_10pct_f_hero_original_k21_k59_hs30_hi1/benchmark/provenance.json	1885	c8b169dc27de913a0cb003762b1c54ba402b98523381f3e70dc1a42e17cd192e	included	compact final report, aggregate, metric, status, or provenance
runs/zymo_10pct/zymo_10pct_f_hero_original_k21_k59_hs30_hi1/output/short_10pct/f_hero/metaquast.ambiguity9999/combined_reference/report.tsv	/home/work/wenhai/dadec/benchmark/runs/zymo_10pct/zymo_10pct_f_hero_original_k21_k59_hs30_hi1/output/short_10pct/f_hero/metaquast.ambiguity9999/combined_reference/report.tsv	1052	7544052a4788c6bc67d02fa7e0699c590853b58aeb5ab1ba1dc3ac3647ce4fe5	included	compact final report, aggregate, metric, status, or provenance
runs/zymo_10pct/zymo_10pct_fmlrc_original_k21_k59/benchmark/provenance.json	/home/work/wenhai/dadec/benchmark/runs/zymo_10pct/zymo_10pct_fmlrc_original_k21_k59/benchmark/provenance.json	1854	8317d30bb3a2bc3225b243537525c6102ed6edc130bab5f1f966b3fe095d0d52	included	compact final report, aggregate, metric, status, or provenance
runs/zymo_10pct/zymo_10pct_fmlrc_original_k21_k59/output/short_10pct/fmlrc/metaquast.ambiguity9999/combined_reference/report.tsv	/home/work/wenhai/dadec/benchmark/runs/zymo_10pct/zymo_10pct_fmlrc_original_k21_k59/output/short_10pct/fmlrc/metaquast.ambiguity9999/combined_reference/report.tsv	1048	7fffed42ed6e656a4e78bc89417806dac35f76d0519696ac7dcda247709c21e1	included	compact final report, aggregate, metric, status, or provenance
runs/zymo_10pct/zymo_10pct_l_hero_original_k31_ls5_hs30_hi1/benchmark/provenance.json	/home/work/wenhai/dadec/benchmark/runs/zymo_10pct/zymo_10pct_l_hero_original_k31_ls5_hs30_hi1/benchmark/provenance.json	1884	18466f7f56a768ea4751b7235f68989f2c94c1df7679945578ffc3084c681c84	included	compact final report, aggregate, metric, status, or provenance
runs/zymo_10pct/zymo_10pct_l_hero_original_k31_ls5_hs30_hi1/output/short_10pct/l_hero/metaquast.ambiguity9999/combined_reference/report.tsv	/home/work/wenhai/dadec/benchmark/runs/zymo_10pct/zymo_10pct_l_hero_original_k31_ls5_hs30_hi1/output/short_10pct/l_hero/metaquast.ambiguity9999/combined_reference/report.tsv	1044	c52dbf1284046dc1675fa4b2800496ba2f195d0e34226cbfbb5ccf0b3692d563	included	compact final report, aggregate, metric, status, or provenance
runs/zymo_10pct/zymo_10pct_lordec_original_k31_ls5/benchmark/provenance.json	/home/work/wenhai/dadec/benchmark/runs/zymo_10pct/zymo_10pct_lordec_original_k31_ls5/benchmark/provenance.json	1860	799dc929394ede6b03528866ca50dcbd54c3b1c7e5e3500c9e43e73d1289a9d7	included	compact final report, aggregate, metric, status, or provenance
runs/zymo_10pct/zymo_10pct_lordec_original_k31_ls5/output/short_10pct/lordec/metaquast.ambiguity9999/combined_reference/report.tsv	/home/work/wenhai/dadec/benchmark/runs/zymo_10pct/zymo_10pct_lordec_original_k31_ls5/output/short_10pct/lordec/metaquast.ambiguity9999/combined_reference/report.tsv	1044	0087b342609b4fc16bced1ed4867b757b62264a706f4c035105ec009f3940b74	included	compact final report, aggregate, metric, status, or provenance
runs/zymo_10pct/zymo_10pct_proovread_original/benchmark/provenance.json	/home/work/wenhai/dadec/benchmark/runs/zymo_10pct/zymo_10pct_proovread_original/benchmark/provenance.json	1856	beaaf87bf23ce95910f2d761372bb53956c94a18f111d394db0ff8070e0d61ac	included	compact final report, aggregate, metric, status, or provenance
runs/zymo_10pct/zymo_10pct_proovread_original/output/short_10pct/proovread/metaquast.ambiguity9999/combined_reference/report.tsv	/home/work/wenhai/dadec/benchmark/runs/zymo_10pct/zymo_10pct_proovread_original/output/short_10pct/proovread/metaquast.ambiguity9999/combined_reference/report.tsv	1054	07c77a05567e64f31eba9becb3813add405666962254b01d00f73ec2f788ab4d	included	compact final report, aggregate, metric, status, or provenance
runs/zymo_10pct/zymo_10pct_r_hero_original_k31_k63_hs30_hi1/benchmark/provenance.json	/home/work/wenhai/dadec/benchmark/runs/zymo_10pct/zymo_10pct_r_hero_original_k31_k63_hs30_hi1/benchmark/provenance.json	1885	729878aa53887493178e6ce08bdf4e1fcf8647176731d5fdd94cfb35539ad188	included	compact final report, aggregate, metric, status, or provenance
runs/zymo_10pct/zymo_10pct_r_hero_original_k31_k63_hs30_hi1/output/short_10pct/r_hero/metaquast.ambiguity9999/combined_reference/report.tsv	/home/work/wenhai/dadec/benchmark/runs/zymo_10pct/zymo_10pct_r_hero_original_k31_k63_hs30_hi1/output/short_10pct/r_hero/metaquast.ambiguity9999/combined_reference/report.tsv	1044	69240161b926ce73f714b1bdc12bd32cb2eb08d8005f33fdfe8f53ee34b4c1f7	included	compact final report, aggregate, metric, status, or provenance
runs/zymo_10pct/zymo_10pct_ratatosk_original_k31_k63/benchmark/provenance.json	/home/work/wenhai/dadec/benchmark/runs/zymo_10pct/zymo_10pct_ratatosk_original_k31_k63/benchmark/provenance.json	1875	eeb7c846072295c13b34e017d202ef1caa7d01c9cea55e4fed502eb7d3065f61	included	compact final report, aggregate, metric, status, or provenance
runs/zymo_10pct/zymo_10pct_ratatosk_original_k31_k63/output/short_10pct/ratatosk/metaquast.ambiguity9999/combined_reference/report.tsv	/home/work/wenhai/dadec/benchmark/runs/zymo_10pct/zymo_10pct_ratatosk_original_k31_k63/output/short_10pct/ratatosk/metaquast.ambiguity9999/combined_reference/report.tsv	1048	db3b8bf5534c18d4f43729a53be5219fad8e09381d2a4b925d7ffcf54897e6ab	included	compact final report, aggregate, metric, status, or provenance
runs/zymo_10pct/zymo_10pct_vechat_original/benchmark/provenance.json	/home/work/wenhai/dadec/benchmark/runs/zymo_10pct/zymo_10pct_vechat_original/benchmark/provenance.json	1781	281bd418e4630bca8303f11f9c55808aeed9ff3d37ca6d9f5f7fbfc1115b6c7f	included	compact final report, aggregate, metric, status, or provenance
runs/zymo_10pct/zymo_10pct_vechat_original/output/short_10pct/vechat/metaquast.ambiguity9999/combined_reference/report.tsv	/home/work/wenhai/dadec/benchmark/runs/zymo_10pct/zymo_10pct_vechat_original/output/short_10pct/vechat/metaquast.ambiguity9999/combined_reference/report.tsv	2051	bd303fa4dd3b5ef2f1c8024fa2c2be71addfcae0f12160941a648f18118e3541	included	compact final report, aggregate, metric, status, or provenance
runs/zymo_20pct/zymo_20pct_dadec_original_dev_fix_a_k59_k59_s1_a2_a1/benchmark/provenance.json	/home/work/wenhai/dadec/benchmark/runs/zymo_20pct/zymo_20pct_dadec_original_dev_fix_a_k59_k59_s1_a2_a1/benchmark/provenance.json	2012	39b25c8b8d59d87ef0ba2747b87a2d639ef90c79c5ed898b8b574e3b60ca279f	included	compact final report, aggregate, metric, status, or provenance
runs/zymo_20pct/zymo_20pct_dadec_original_dev_fix_a_k59_k59_s1_a2_a1/benchmark/short_20pct/dadec/resources.time.txt	/home/work/wenhai/dadec/benchmark/runs/zymo_20pct/zymo_20pct_dadec_original_dev_fix_a_k59_k59_s1_a2_a1/benchmark/short_20pct/dadec/resources.time.txt	106	e91e071c43f080959e75e4480893a4abd1aea27a32904e6bbfcfc480ccda22d9	included	compact final report, aggregate, metric, status, or provenance
runs/zymo_20pct/zymo_20pct_dadec_original_dev_fix_a_k59_k59_s1_a2_a1/output/short_20pct/dadec/metaquast.ambiguity9999/combined_reference/report.tsv	/home/work/wenhai/dadec/benchmark/runs/zymo_20pct/zymo_20pct_dadec_original_dev_fix_a_k59_k59_s1_a2_a1/output/short_20pct/dadec/metaquast.ambiguity9999/combined_reference/report.tsv	1059	135ee8597aad8f142ef9b54052fa31195d58801280031ea32281c5b66b899e7f	included	compact final report, aggregate, metric, status, or provenance
runs/zymo_20pct/zymo_20pct_dechat_original/benchmark/provenance.json	/home/work/wenhai/dadec/benchmark/runs/zymo_20pct/zymo_20pct_dechat_original/benchmark/provenance.json	1782	3d38045eabc769994ebed9693f0c7c8574b9a4911a510718fc3b61cf6c70fe73	included	compact final report, aggregate, metric, status, or provenance
runs/zymo_20pct/zymo_20pct_dechat_original/output/short_20pct/dechat/metaquast.ambiguity9999/combined_reference/report.tsv	/home/work/wenhai/dadec/benchmark/runs/zymo_20pct/zymo_20pct_dechat_original/output/short_20pct/dechat/metaquast.ambiguity9999/combined_reference/report.tsv	2223	b5fc12c29d23dac2912e4f57b34261b674b11349e3c285369f342da73cdffc06	included	compact final report, aggregate, metric, status, or provenance
runs/zymo_20pct/zymo_20pct_vechat_original/benchmark/provenance.json	/home/work/wenhai/dadec/benchmark/runs/zymo_20pct/zymo_20pct_vechat_original/benchmark/provenance.json	1782	b5c3a9fa43ef6cdadaea8a2978292c7b03e9d5a16b0c7333d8cb314c83c3b3ed	included	compact final report, aggregate, metric, status, or provenance
runs/zymo_20pct/zymo_20pct_vechat_original/output/short_20pct/vechat/metaquast.ambiguity9999/combined_reference/report.tsv	/home/work/wenhai/dadec/benchmark/runs/zymo_20pct/zymo_20pct_vechat_original/output/short_20pct/vechat/metaquast.ambiguity9999/combined_reference/report.tsv	2094	d147f1d879a63842255247366ce67489e84b7e89af38081ad46e0671f7ea184f	included	compact final report, aggregate, metric, status, or provenance
runs/zymo_30pct/zymo_30pct_dadec_original_dev_fix_a_k59_k59_s1_a2_a1/benchmark/provenance.json	/home/work/wenhai/dadec/benchmark/runs/zymo_30pct/zymo_30pct_dadec_original_dev_fix_a_k59_k59_s1_a2_a1/benchmark/provenance.json	2012	f8f17157271e2029b9de80a8756b8e49d0a922c3b79af1fddb110a37fbe207b5	included	compact final report, aggregate, metric, status, or provenance
runs/zymo_30pct/zymo_30pct_dadec_original_dev_fix_a_k59_k59_s1_a2_a1/benchmark/short_30pct/dadec/resources.time.txt	/home/work/wenhai/dadec/benchmark/runs/zymo_30pct/zymo_30pct_dadec_original_dev_fix_a_k59_k59_s1_a2_a1/benchmark/short_30pct/dadec/resources.time.txt	107	8e104cc655b3e0737e05b0884c087d521b3f262ff4d6b885c5691dd766af2f52	included	compact final report, aggregate, metric, status, or provenance
runs/zymo_30pct/zymo_30pct_dadec_original_dev_fix_a_k59_k59_s1_a2_a1/output/short_30pct/dadec/metaquast.ambiguity9999/combined_reference/report.tsv	/home/work/wenhai/dadec/benchmark/runs/zymo_30pct/zymo_30pct_dadec_original_dev_fix_a_k59_k59_s1_a2_a1/output/short_30pct/dadec/metaquast.ambiguity9999/combined_reference/report.tsv	1061	339301cd53e9e7f23d81c866256cbd2fa0350356f039c9dfc59716bb61842a96	included	compact final report, aggregate, metric, status, or provenance
runs/zymo_30pct/zymo_30pct_dechat_original/benchmark/provenance.json	/home/work/wenhai/dadec/benchmark/runs/zymo_30pct/zymo_30pct_dechat_original/benchmark/provenance.json	1782	90862e64cfd208177670c9538854bba7949cfd0a12c02a893c88f2cbf37b3c16	included	compact final report, aggregate, metric, status, or provenance
runs/zymo_30pct/zymo_30pct_dechat_original/output/short_30pct/dechat/metaquast.ambiguity9999/combined_reference/report.tsv	/home/work/wenhai/dadec/benchmark/runs/zymo_30pct/zymo_30pct_dechat_original/output/short_30pct/dechat/metaquast.ambiguity9999/combined_reference/report.tsv	2223	a661244ff578396cb51e44736f44a81de681e23ffb72053a51dd19f4c2b68c15	included	compact final report, aggregate, metric, status, or provenance
runs/zymo_30pct/zymo_30pct_vechat_original/benchmark/provenance.json	/home/work/wenhai/dadec/benchmark/runs/zymo_30pct/zymo_30pct_vechat_original/benchmark/provenance.json	1782	c84917f30367d61d899ec24d2676c1224f97c5ea807ad929897ce8c4a67f2273	included	compact final report, aggregate, metric, status, or provenance
runs/zymo_30pct/zymo_30pct_vechat_original/output/short_30pct/vechat/metaquast.ambiguity9999/combined_reference/report.tsv	/home/work/wenhai/dadec/benchmark/runs/zymo_30pct/zymo_30pct_vechat_original/output/short_30pct/vechat/metaquast.ambiguity9999/combined_reference/report.tsv	2094	eb3d00627e141c66f4c17971e3487c1ed305f83c958507127e78cdb8e716c88c	included	compact final report, aggregate, metric, status, or provenance
runs/zymo_40pct/zymo_40pct_dadec_original_dev_fix_a_k59_k59_s1_a2_a1/benchmark/provenance.json	/home/work/wenhai/dadec/benchmark/runs/zymo_40pct/zymo_40pct_dadec_original_dev_fix_a_k59_k59_s1_a2_a1/benchmark/provenance.json	2058	69250df4f4fb07104e02b371e44e40fef911eba2976c6593961cff1a0ee0600d	included	compact final report, aggregate, metric, status, or provenance
runs/zymo_40pct/zymo_40pct_dadec_original_dev_fix_a_k59_k59_s1_a2_a1/benchmark/short_40pct/dadec/resources.time.txt	/home/work/wenhai/dadec/benchmark/runs/zymo_40pct/zymo_40pct_dadec_original_dev_fix_a_k59_k59_s1_a2_a1/benchmark/short_40pct/dadec/resources.time.txt	106	66c9198dea152ca1f30e04c7b0cb8b386fb830c3f0c322f0db6e45fa6900f0a3	included	compact final report, aggregate, metric, status, or provenance
runs/zymo_40pct/zymo_40pct_dadec_original_dev_fix_a_k59_k59_s1_a2_a1/output/short_40pct/dadec/metaquast.ambiguity9999/combined_reference/report.tsv	/home/work/wenhai/dadec/benchmark/runs/zymo_40pct/zymo_40pct_dadec_original_dev_fix_a_k59_k59_s1_a2_a1/output/short_40pct/dadec/metaquast.ambiguity9999/combined_reference/report.tsv	1065	fadda02fca52b4773f7cd5ca949a31fbfacc2c1755420a64d5fb005e05321eff	included	compact final report, aggregate, metric, status, or provenance
runs/zymo_40pct/zymo_40pct_dechat_original/benchmark/provenance.json	/home/work/wenhai/dadec/benchmark/runs/zymo_40pct/zymo_40pct_dechat_original/benchmark/provenance.json	1782	ffbaa05685e8223891bf886b2eed9d3810fd2e70d5557eaca90c80c46ad8c35b	included	compact final report, aggregate, metric, status, or provenance
runs/zymo_40pct/zymo_40pct_dechat_original/output/short_40pct/dechat/metaquast.ambiguity9999/combined_reference/report.tsv	/home/work/wenhai/dadec/benchmark/runs/zymo_40pct/zymo_40pct_dechat_original/output/short_40pct/dechat/metaquast.ambiguity9999/combined_reference/report.tsv	2223	c2b5668c27f46389d72abe768c4ec3b9860210f40e92caa91093b5bcec02279d	included	compact final report, aggregate, metric, status, or provenance
runs/zymo_40pct/zymo_40pct_vechat_original/benchmark/provenance.json	/home/work/wenhai/dadec/benchmark/runs/zymo_40pct/zymo_40pct_vechat_original/benchmark/provenance.json	1782	188e10002c118645338d42122567eda96eb33d494b1e5cbdc48acb96375ab74b	included	compact final report, aggregate, metric, status, or provenance
runs/zymo_40pct/zymo_40pct_vechat_original/output/short_40pct/vechat/metaquast.ambiguity9999/combined_reference/report.tsv	/home/work/wenhai/dadec/benchmark/runs/zymo_40pct/zymo_40pct_vechat_original/output/short_40pct/vechat/metaquast.ambiguity9999/combined_reference/report.tsv	2094	ea4f453a1bc9390bf15a0bcc85fa4984f09b221144f018fad2ef9b2ef4b392a1	included	compact final report, aggregate, metric, status, or provenance
runs/zymo_5pct/zymo_5pct_dadec_original_dev_fix_a_k59_k59_s1_a2_a1/benchmark/provenance.json	/home/work/wenhai/dadec/benchmark/runs/zymo_5pct/zymo_5pct_dadec_original_dev_fix_a_k59_k59_s1_a2_a1/benchmark/provenance.json	2007	f847f95031b0ac86103b2a0dedc1c5d8607f64f24bf10bbdd8d42b718b6a773d	included	compact final report, aggregate, metric, status, or provenance
runs/zymo_5pct/zymo_5pct_dadec_original_dev_fix_a_k59_k59_s1_a2_a1/benchmark/short_5pct/dadec/resources.time.txt	/home/work/wenhai/dadec/benchmark/runs/zymo_5pct/zymo_5pct_dadec_original_dev_fix_a_k59_k59_s1_a2_a1/benchmark/short_5pct/dadec/resources.time.txt	106	89e06bd527680b352ba089f45dc50912b4b5dac963cde580a3f626a04b72123e	included	compact final report, aggregate, metric, status, or provenance
runs/zymo_5pct/zymo_5pct_dadec_original_dev_fix_a_k59_k59_s1_a2_a1/output/short_5pct/dadec/metaquast.ambiguity9999/combined_reference/report.tsv	/home/work/wenhai/dadec/benchmark/runs/zymo_5pct/zymo_5pct_dadec_original_dev_fix_a_k59_k59_s1_a2_a1/output/short_5pct/dadec/metaquast.ambiguity9999/combined_reference/report.tsv	1041	6c0365406929d49c52cee499f3380a45f46815156bbd3ac40c794c9113fd87d5	included	compact final report, aggregate, metric, status, or provenance
runs/zymo_5pct/zymo_5pct_dechat_original/benchmark/provenance.json	/home/work/wenhai/dadec/benchmark/runs/zymo_5pct/zymo_5pct_dechat_original/benchmark/provenance.json	1775	6e62306a870ea86fbad1894ae1b18be46fb10b4556eb50504a6225f7292ad6d9	included	compact final report, aggregate, metric, status, or provenance
runs/zymo_5pct/zymo_5pct_dechat_original/output/short_5pct/dechat/metaquast.ambiguity9999/combined_reference/report.tsv	/home/work/wenhai/dadec/benchmark/runs/zymo_5pct/zymo_5pct_dechat_original/output/short_5pct/dechat/metaquast.ambiguity9999/combined_reference/report.tsv	2223	07e77d2251615676c40b3da0588553c87f64a98249a879cb29cb06b4e520114e	included	compact final report, aggregate, metric, status, or provenance
runs/zymo_5pct/zymo_5pct_vechat_original/benchmark/provenance.json	/home/work/wenhai/dadec/benchmark/runs/zymo_5pct/zymo_5pct_vechat_original/benchmark/provenance.json	1775	f11f716ed837aab5f9f950ceea25aaae5d4902c3a7f5a74f5091995a6f5eb2e7	included	compact final report, aggregate, metric, status, or provenance
runs/zymo_5pct/zymo_5pct_vechat_original/output/short_5pct/vechat/metaquast.ambiguity9999/combined_reference/report.tsv	/home/work/wenhai/dadec/benchmark/runs/zymo_5pct/zymo_5pct_vechat_original/output/short_5pct/vechat/metaquast.ambiguity9999/combined_reference/report.tsv	2008	80b6cf2eca1e916e157bd92903828f047fca4ba5d96da6c43f9fb9f7b77303b2	included	compact final report, aggregate, metric, status, or provenance
