bundle_path	source_path	sha256	role	status	reason
workflow/benchmark/README.md	/home/work/wenhai/dadec/benchmark/README.md	0e6177d50407770a3e895992ccd935885112b0f185e6ef602bc5be865a610d53	benchmark_or_method	included	current reproducible benchmark source
workflow/benchmark/Snakefile	/home/work/wenhai/dadec/benchmark/Snakefile	9f7f0230448638656f399dc217966f43a03a6a94bc42c2c06c6e2904e678dfbf	benchmark_or_method	included	current reproducible benchmark source
workflow/benchmark/Snakefile.ecoli3	/home/work/wenhai/dadec/benchmark/Snakefile.ecoli3	2aab2f3ca26a7209dec6b2c775a36c4f89a37852f7532209ecc8b19d576ddfbc	benchmark_or_method	included	current reproducible benchmark source
workflow/benchmark/assembly/Snakefile	/home/work/wenhai/dadec/benchmark/assembly/Snakefile	009b5ebc4548c8de3dbd97a5dbcd92c3705ea35b1ba2ce0f2944336fcf70c0c7	evaluation	included	current reproducible benchmark source
workflow/benchmark/config/classification/30strains_legacy.yaml	/home/work/wenhai/dadec/benchmark/config/classification/30strains_legacy.yaml	c5a6f6fb75da40731e23c753b16a10913ee3ba8f2a59e8fec19ab98ce84408a0	data_or_simulation	included	current reproducible benchmark source
workflow/benchmark/config/classification/config.example.yaml	/home/work/wenhai/dadec/benchmark/config/classification/config.example.yaml	62e45317374f6c95370aec8dcab44afd30deb326797d71268e6d2bca7379a6c3	data_or_simulation	included	current reproducible benchmark source
workflow/benchmark/config/common.yaml	/home/work/wenhai/dadec/benchmark/config/common.yaml	7648ff523de8c01763b626219ef8239784a536d08e1b97d24b92c00a2bc2636f	data_or_simulation	included	current reproducible benchmark source
workflow/benchmark/config/datasets/100strains.yaml	/home/work/wenhai/dadec/benchmark/config/datasets/100strains.yaml	22bdbfa3baf67da41b37ad9c6a241c11819faea34c0a158a828e9d7678e3b138	data_or_simulation	included	current reproducible benchmark source
workflow/benchmark/config/datasets/100strains_legacy.yaml	/home/work/wenhai/dadec/benchmark/config/datasets/100strains_legacy.yaml	a0019344a1579481c0bea307a3249086dfc476816635fbc8a5244a14f4aaccfb	data_or_simulation	included	current reproducible benchmark source
workflow/benchmark/config/datasets/30strains.yaml	/home/work/wenhai/dadec/benchmark/config/datasets/30strains.yaml	7cd3f79f0fd928d3fd80aceead553851961940a77ea4142dbf40ecec9b968f3c	data_or_simulation	included	current reproducible benchmark source
workflow/benchmark/config/datasets/30strains_legacy.yaml	/home/work/wenhai/dadec/benchmark/config/datasets/30strains_legacy.yaml	937d165b63a1799da28d1f640c283237693209de57ca018691b62b8c42ad6265	data_or_simulation	included	current reproducible benchmark source
workflow/benchmark/config/datasets/arabidopsis.yaml	/home/work/wenhai/dadec/benchmark/config/datasets/arabidopsis.yaml	71ed3a48683fc1b8335ffd18c85189441d30bb53d463bd519793c08c57aa717c	data_or_simulation	included	current reproducible benchmark source
workflow/benchmark/config/datasets/arabidopsis_genome_to_id.tsv	/home/work/wenhai/dadec/benchmark/config/datasets/arabidopsis_genome_to_id.tsv	ad727cd0ec61cd16cf5274b6b8f379f901a44c63e21205a97fb8b4323e856065	data_or_simulation	included	current reproducible benchmark source
workflow/benchmark/config/datasets/arabidopsis_sim.yaml	/home/work/wenhai/dadec/benchmark/config/datasets/arabidopsis_sim.yaml	0405c6f130fae215b0430188a58f4cf3fe1ede23519ba7ce5185f3f68324d917	data_or_simulation	included	current reproducible benchmark source
workflow/benchmark/config/datasets/drosophila.yaml	/home/work/wenhai/dadec/benchmark/config/datasets/drosophila.yaml	50032f2d57bd586d7a706272dd2bfe2742ab3b003e6ae554b911eb3ba112976e	data_or_simulation	included	current reproducible benchmark source
workflow/benchmark/config/datasets/drosophila_genome_to_id.tsv	/home/work/wenhai/dadec/benchmark/config/datasets/drosophila_genome_to_id.tsv	051723ec91838811e12f55a677a6842f6d26b38e2dd4d5e5b8d835c3faea1601	data_or_simulation	included	current reproducible benchmark source
workflow/benchmark/config/datasets/drosophila_genome_to_id_GCA_018904365.tsv	/home/work/wenhai/dadec/benchmark/config/datasets/drosophila_genome_to_id_GCA_018904365.tsv	8440f3df7b1e59f644591a9a7b343d9f5d2b30fbf3396a700c3e4c941cf0bc17	data_or_simulation	included	current reproducible benchmark source
workflow/benchmark/config/datasets/ecoli3.yaml	/home/work/wenhai/dadec/benchmark/config/datasets/ecoli3.yaml	e8bc44830ec35312bb5aaa09570d960d8f7ac96740d16ba72d8c6e2935a26f10	data_or_simulation	included	current reproducible benchmark source
workflow/benchmark/config/datasets/ecoli3_error.yaml	/home/work/wenhai/dadec/benchmark/config/datasets/ecoli3_error.yaml	6f6724a0b921d5999e356949807c2b482c92599254e432ec0dd0f6a8e0eb2aa4	data_or_simulation	included	current reproducible benchmark source
workflow/benchmark/config/datasets/ecoli3_error_readcount.yaml	/home/work/wenhai/dadec/benchmark/config/datasets/ecoli3_error_readcount.yaml	73cb61f94f953998b4c9f35b43814e9af8f68b531056a3dbd708114448d23945	data_or_simulation	included	current reproducible benchmark source
workflow/benchmark/config/datasets/ecoli3_genome_to_id.tsv	/home/work/wenhai/dadec/benchmark/config/datasets/ecoli3_genome_to_id.tsv	94db41a84a6561ef7f238c9b5bc3eba8a23ba0379838afa84fd0a56d70536592	data_or_simulation	included	current reproducible benchmark source
workflow/benchmark/config/datasets/ecoli_error.yaml	/home/work/wenhai/dadec/benchmark/config/datasets/ecoli_error.yaml	acb9c484994e19da6b35508875ee0eddc1a0ccc608ac073ae6ef388d318f4d1a	data_or_simulation	included	current reproducible benchmark source
workflow/benchmark/config/datasets/ecoli_error_genome_to_id.tsv	/home/work/wenhai/dadec/benchmark/config/datasets/ecoli_error_genome_to_id.tsv	307b7bb3d061d7e48bc017909cfadab38458ee3b8cf0a827aa85df3348b5d37a	data_or_simulation	included	current reproducible benchmark source
workflow/benchmark/config/datasets/ecoli_error_tech.yaml	/home/work/wenhai/dadec/benchmark/config/datasets/ecoli_error_tech.yaml	f28b647b517d92ac22f8a246f974165ef72a2b57d645f4f48f26b477e528ac3b	data_or_simulation	included	current reproducible benchmark source
workflow/benchmark/config/datasets/mhc_genome_to_id.tsv	/home/work/wenhai/dadec/benchmark/config/datasets/mhc_genome_to_id.tsv	d23d4e4837b978cd1f8b08cf7e4886a1e7c1431a04244f1b8f5c6b62593240f1	data_or_simulation	included	current reproducible benchmark source
workflow/benchmark/config/datasets/mhc_ont.yaml	/home/work/wenhai/dadec/benchmark/config/datasets/mhc_ont.yaml	6348fc0d78df9f07bdf51c50c3b1a452d238ba9da2915cb82a233b73e22ae52d	data_or_simulation	included	current reproducible benchmark source
workflow/benchmark/config/datasets/mhc_pac.yaml	/home/work/wenhai/dadec/benchmark/config/datasets/mhc_pac.yaml	175fffa42b3c1c46121cbbbaa56699f693838b3aaa3cdc659ff4772013c4c322	data_or_simulation	included	current reproducible benchmark source
workflow/benchmark/config/datasets/zymo.yaml	/home/work/wenhai/dadec/benchmark/config/datasets/zymo.yaml	f523e8321b43a010d7247f9df3d00cda152f9eb3fb8678afe96c26f3627afce6	data_or_simulation	included	current reproducible benchmark source
workflow/benchmark/config/datasets/zymo_genome_to_id.tsv	/home/work/wenhai/dadec/benchmark/config/datasets/zymo_genome_to_id.tsv	7eda75d5a7bd085a5baf493a1fa340fb839a8054c96d69ea544d839ded80afb3	data_or_simulation	included	current reproducible benchmark source
workflow/benchmark/config/legacy_single_dataset.yaml	/home/work/wenhai/dadec/benchmark/config/legacy_single_dataset.yaml	03eca761e2554ae5af64f4bb41bb825639ff6f741e95bf1960b49d0c8e6e9847	data_or_simulation	included	current reproducible benchmark source
workflow/benchmark/config/overlays/dadec_dev.yaml	/home/work/wenhai/dadec/benchmark/config/overlays/dadec_dev.yaml	a497f39ae7f551d7185a9d0c73511360f567e81fad07503792a4c55a2222fc64	data_or_simulation	included	current reproducible benchmark source
workflow/benchmark/migration_manifest.json	/home/work/wenhai/dadec/benchmark/migration_manifest.json	f95e3e0e06ba40eb6a972559a869460b3b3c64c143521d45af352a2fae5c25ec	benchmark_or_method	included	current reproducible benchmark source
workflow/benchmark/quast_cleanup_incomplete_manifest.json	/home/work/wenhai/dadec/benchmark/quast_cleanup_incomplete_manifest.json	d8812d33b05607dcd5b5a5fbf415365ce6991b4f01c2f0d4055fd77aedb0a84e	evaluation	included	current reproducible benchmark source
workflow/benchmark/quast_cleanup_manifest.json	/home/work/wenhai/dadec/benchmark/quast_cleanup_manifest.json	70b422e9e438e47e79fef6ff1da31155ab5e2ed2798984aab16b27eef4d92211	evaluation	included	current reproducible benchmark source
workflow/benchmark/reproducibility/ecoli3.yaml	/home/work/wenhai/dadec/benchmark/reproducibility/ecoli3.yaml	dd054956510b3d81b2be0f62eaa191953ffe01c60f5f7ebe7c4b0898710be1a0	benchmark_or_method	included	current reproducible benchmark source
workflow/benchmark/rules/correction.smk	/home/work/wenhai/dadec/benchmark/rules/correction.smk	ad46c24d5e892c4e64e583a57a0730d9a73394bfa1a8f2e8c05fd2482ec16a30	benchmark_or_method	included	current reproducible benchmark source
workflow/benchmark/rules/metaquast.smk	/home/work/wenhai/dadec/benchmark/rules/metaquast.smk	26a3a01bf138f32998ff6a0dc68098f8387b76c13c1793876d095d4d71eaac37	evaluation	included	current reproducible benchmark source
workflow/benchmark/rules/methods.smk	/home/work/wenhai/dadec/benchmark/rules/methods.smk	795249e58187a6e0a93fa561dabf34ddc3144d19d659c5582a4e0aa853bb0591	benchmark_or_method	included	current reproducible benchmark source
workflow/benchmark/run_dev.sh	/home/work/wenhai/dadec/benchmark/run_dev.sh	fdd023a9e900771d65930b1d79434210df62201cc58364e7dd79a9698148df51	benchmark_or_method	included	current reproducible benchmark source
workflow/benchmark/run_drosophila_assembly.sh	/home/work/wenhai/dadec/benchmark/run_drosophila_assembly.sh	87d451ef842404cb7127eed588a2f3b695cf476f131ab9c55c286e3232bbae74	evaluation	included	current reproducible benchmark source
workflow/benchmark/run_ecoli_error_quast.sh	/home/work/wenhai/dadec/benchmark/run_ecoli_error_quast.sh	270826f03802a9ffea2b1bf8178c6bb085726b8d2c5a3d842cec722f2911868b	evaluation	included	current reproducible benchmark source
workflow/benchmark/run_layout_migration.json	/home/work/wenhai/dadec/benchmark/run_layout_migration.json	382b793b4b99d0b2f4fad5af0f4b4d60830f7653d4bf489bf44132f8d210a75f	benchmark_or_method	included	current reproducible benchmark source
workflow/benchmark/run_one.sh	/home/work/wenhai/dadec/benchmark/run_one.sh	12e750ed9de7feb2b36089439f07a4db15293f80d8103f8e05f5d8f8aa4eedae	benchmark_or_method	included	current reproducible benchmark source
workflow/benchmark/run_tmp_cleanup_manifest.json	/home/work/wenhai/dadec/benchmark/run_tmp_cleanup_manifest.json	0c2f0d95be24922aab41311796df17730839c80c3536a28d733cd58d1b54dd1b	benchmark_or_method	included	current reproducible benchmark source
workflow/benchmark/scripts/aggregate.py	/home/work/wenhai/dadec/benchmark/scripts/aggregate.py	8866e5d4d18130c5622ccf462e2d553582b93fbb7ac9ee5ab778929a2893d84d	benchmark_or_method	included	current reproducible benchmark source
workflow/benchmark/scripts/assembly_pipeline.py	/home/work/wenhai/dadec/benchmark/scripts/assembly_pipeline.py	8521a09ef65b49507c022fb5b8ae5b0e8c32938103896102d28ea14c46c00667	evaluation	included	current reproducible benchmark source
workflow/benchmark/scripts/classification/README.md	/home/work/wenhai/dadec/benchmark/scripts/classification/README.md	096b246620feaf57eb06a4bdb3dd37e87dd051a43c1cb7df109e3a0fd582507c	evaluation	included	current reproducible benchmark source
workflow/benchmark/scripts/classification/Snakefile	/home/work/wenhai/dadec/benchmark/scripts/classification/Snakefile	88f80c1e4ff9eadfe59d27bed86ca3ea48bba3f78eee172735251a3e72a5ab11	evaluation	included	current reproducible benchmark source
workflow/benchmark/scripts/classification/scripts/aggregate.py	/home/work/wenhai/dadec/benchmark/scripts/classification/scripts/aggregate.py	97ddbcd598f5839aed34a7294dae66b4870dfcdb3e9f959eb44e20ff34499084	evaluation	included	current reproducible benchmark source
workflow/benchmark/scripts/classification/scripts/classify.py	/home/work/wenhai/dadec/benchmark/scripts/classification/scripts/classify.py	b15d2ea5ad848f9141f8298d0cac0967fa5d74c315e480803326cf7b1efb7b24	evaluation	included	current reproducible benchmark source
workflow/benchmark/scripts/classification/scripts/common.py	/home/work/wenhai/dadec/benchmark/scripts/classification/scripts/common.py	c1b97ba23b3cd10955f5253dc8621d9a8a42e866e164db405d328e1d6ac29e82	evaluation	included	current reproducible benchmark source
workflow/benchmark/scripts/classification/scripts/compare_reports.py	/home/work/wenhai/dadec/benchmark/scripts/classification/scripts/compare_reports.py	6a4d86330cb6edd3ffbd3988665b294d2dd123dcc45b925e471725cc3973fca3	evaluation	included	current reproducible benchmark source
workflow/benchmark/scripts/classification/scripts/evaluate.py	/home/work/wenhai/dadec/benchmark/scripts/classification/scripts/evaluate.py	e907d6749ee8076f6bf683737fbfd50e5007d175d803797638315aafd6420553	evaluation	included	current reproducible benchmark source
workflow/benchmark/scripts/classification/scripts/materialize_import.py	/home/work/wenhai/dadec/benchmark/scripts/classification/scripts/materialize_import.py	5bb59d48660480a705a4cc4a60d3039d5cb4f321fa290536169a684650939fb4	evaluation	included	current reproducible benchmark source
workflow/benchmark/scripts/classification/scripts/preflight.py	/home/work/wenhai/dadec/benchmark/scripts/classification/scripts/preflight.py	9327096ad2d55e3940d801629b7cf1e5ed9564e6341fefcdd1f15b6c81b2418f	evaluation	included	current reproducible benchmark source
workflow/benchmark/scripts/classification/scripts/prepare_database.py	/home/work/wenhai/dadec/benchmark/scripts/classification/scripts/prepare_database.py	0ab2c419b3e79f7e1a45858f60b979e3864cfd6bf30ab64a485bdf18da32a25b	evaluation	included	current reproducible benchmark source
workflow/benchmark/scripts/classification/scripts/resolve_fmlrc.py	/home/work/wenhai/dadec/benchmark/scripts/classification/scripts/resolve_fmlrc.py	6589b8404e7789c670cc11965691e2f2b1f663358434869b108864efcc13a557	evaluation	included	current reproducible benchmark source
workflow/benchmark/scripts/cleanup_run_tmp.py	/home/work/wenhai/dadec/benchmark/scripts/cleanup_run_tmp.py	cdfb83bb88b3320f3a37aef2fc96e0a502e29ef874456114dc2e0c1e489ad40e	benchmark_or_method	included	current reproducible benchmark source
workflow/benchmark/scripts/collect_hifieval_results.py	/home/work/wenhai/dadec/benchmark/scripts/collect_hifieval_results.py	aaed47fedc532c3170bfa0f9def731c6cbdb3dee4298393d2bb7830e4a079cf9	table_or_statistics	included	current reproducible benchmark source
workflow/benchmark/scripts/collect_run_summaries.py	/home/work/wenhai/dadec/benchmark/scripts/collect_run_summaries.py	574d5b6f9db6af8e95ccfc3c7607eb2dbd722eac689b01c2b1e03d763d14ee79	table_or_statistics	included	current reproducible benchmark source
workflow/benchmark/scripts/collect_summaries.py	/home/work/wenhai/dadec/benchmark/scripts/collect_summaries.py	32bb5d31bbbc87af3d1574a79d00c1f5b1dfb4e2a5e5c9d8eae8db3aee5317a9	table_or_statistics	included	current reproducible benchmark source
workflow/benchmark/scripts/combine_resources.py	/home/work/wenhai/dadec/benchmark/scripts/combine_resources.py	0c69c1408d11ad67e3ee51bfb007b444f2efe50a2bd44be92db348fc03ae8606	benchmark_or_method	included	current reproducible benchmark source
workflow/benchmark/scripts/compact_quast.py	/home/work/wenhai/dadec/benchmark/scripts/compact_quast.py	8a67d5ff3249d4b1ec3ffebf49dd2596499ee756bb56819484976b04c052adfc	evaluation	included	current reproducible benchmark source
workflow/benchmark/scripts/compare_reproducibility.py	/home/work/wenhai/dadec/benchmark/scripts/compare_reproducibility.py	c82306acc1ff8593c4089d7baec64b3463e7a4ff30487f5a486ae325cf692b6e	benchmark_or_method	included	current reproducible benchmark source
workflow/benchmark/scripts/evaluate_raw_long_reads.py	/home/work/wenhai/dadec/benchmark/scripts/evaluate_raw_long_reads.py	97d734da7dd25cc0fcc9c521c4de675b4977ae0796ecda6a83549f42010e467c	benchmark_or_method	included	current reproducible benchmark source
workflow/benchmark/scripts/fastq_to_fasta.py	/home/work/wenhai/dadec/benchmark/scripts/fastq_to_fasta.py	c033a3a37f1bbda6ecfc31ef3b7c354f699b25b9b839c3cee98dd7548cd1f035	benchmark_or_method	included	current reproducible benchmark source
workflow/benchmark/scripts/inventory_legacy_zymo.py	/home/work/wenhai/dadec/benchmark/scripts/inventory_legacy_zymo.py	4602d03e1e469b0daa752477ef7eb8804115d04ab2e0e16b7d71e7359256fcff	benchmark_or_method	included	current reproducible benchmark source
workflow/benchmark/scripts/method_config.py	/home/work/wenhai/dadec/benchmark/scripts/method_config.py	73f79fda0b077f9714f92fbcc27f047568c119b0a5ff1854b269888996f5cb99	data_or_simulation	included	current reproducible benchmark source
workflow/benchmark/scripts/migrate_legacy_layout.py	/home/work/wenhai/dadec/benchmark/scripts/migrate_legacy_layout.py	0036746dc9217e4d186e0eec01f515f3c39861be56f7493ad951277e39c3c65c	benchmark_or_method	included	current reproducible benchmark source
workflow/benchmark/scripts/migrate_run_layout.py	/home/work/wenhai/dadec/benchmark/scripts/migrate_run_layout.py	0a458d5e3ed7a43fe7042444e7bbe1535c387e1d725e2bf519ac904d132742fd	benchmark_or_method	included	current reproducible benchmark source
workflow/benchmark/scripts/parse_metaquast.py	/home/work/wenhai/dadec/benchmark/scripts/parse_metaquast.py	d3f68e155d92c45015d7304958d6eea65f423cb9c0a9a2385afd5d466993cb82	evaluation	included	current reproducible benchmark source
workflow/benchmark/scripts/parse_resources.py	/home/work/wenhai/dadec/benchmark/scripts/parse_resources.py	ae765af650ec16b30ed0fb69e8f9e94960bb1cb8d0d7313092a4779d7a891e1b	benchmark_or_method	included	current reproducible benchmark source
workflow/benchmark/scripts/preflight.py	/home/work/wenhai/dadec/benchmark/scripts/preflight.py	50a47816c4bee68bba47d66148ff7a2eef514dcdff1e5fcd1bc073bc4fd1d46a	benchmark_or_method	included	current reproducible benchmark source
workflow/benchmark/scripts/prepare_reads.py	/home/work/wenhai/dadec/benchmark/scripts/prepare_reads.py	586f5c6aaa96d833d0a0c46c46752125b4cb59a778ccad3e2197173f0c4b2b75	benchmark_or_method	included	current reproducible benchmark source
workflow/benchmark/scripts/prepare_reference.py	/home/work/wenhai/dadec/benchmark/scripts/prepare_reference.py	62d9261a6cb5c9e69b5b52e9b9304f28e8588db47dc5b5bc3c92552d9a499138	benchmark_or_method	included	current reproducible benchmark source
workflow/benchmark/scripts/provenance.py	/home/work/wenhai/dadec/benchmark/scripts/provenance.py	9c57d9d639a7be4a2ab718f96cc9e8853086d7009ceed8fd66773b809ea3f078	benchmark_or_method	included	current reproducible benchmark source
workflow/benchmark/scripts/run_hifieval_eval.py	/home/work/wenhai/dadec/benchmark/scripts/run_hifieval_eval.py	d64e2710a740eac6508b7ad52027f7af8003de326d09e636de6d39ab21082041	evaluation	included	current reproducible benchmark source
workflow/benchmark/scripts/run_layout.py	/home/work/wenhai/dadec/benchmark/scripts/run_layout.py	9311c71fec2aaf941916a3f38d67851f408585151e430a170fc767ae5041e95c	benchmark_or_method	included	current reproducible benchmark source
workflow/benchmark/scripts/run_method.py	/home/work/wenhai/dadec/benchmark/scripts/run_method.py	5ffabc62874fb55d94c6ad5ec93631611eb49c9e9942b6011dbaa09d5a7333e8	benchmark_or_method	included	current reproducible benchmark source
workflow/benchmark/source_inventory/zymo/README.md	/home/work/wenhai/dadec/benchmark/source_inventory/zymo/README.md	44aac2ca91c8f5ce487cd5de765248b892202d1605acc31a559cc4928138ab7a	benchmark_or_method	included	current reproducible benchmark source
workflow/benchmark/source_inventory/zymo/article_crosswalk.tsv	/home/work/wenhai/dadec/benchmark/source_inventory/zymo/article_crosswalk.tsv	ddb3ac0613813582129c165a33563a8c311066e957f63f23114f195f27cbe462	benchmark_or_method	included	current reproducible benchmark source
workflow/benchmark/source_inventory/zymo/correction_summary.tsv	/home/work/wenhai/dadec/benchmark/source_inventory/zymo/correction_summary.tsv	42fd3343c830a347f3e0f7712f9bdbd139d856bb0facd66d4b9babe0462b2828	benchmark_or_method	included	current reproducible benchmark source
workflow/benchmark/source_inventory/zymo/coverage_summary.tsv	/home/work/wenhai/dadec/benchmark/source_inventory/zymo/coverage_summary.tsv	3da085c575086548d4cf7bcfa37a3067f8df3ce3d1dbdd72e42d77336a952219	benchmark_or_method	included	current reproducible benchmark source
workflow/benchmark/source_inventory/zymo/method_categories.tsv	/home/work/wenhai/dadec/benchmark/source_inventory/zymo/method_categories.tsv	abe2ce17921b12a2821c0d61c52427bea10e1990003fed2df8ac76ea13167165	benchmark_or_method	included	current reproducible benchmark source
workflow/benchmark/source_inventory/zymo/missing_or_unmatched.tsv	/home/work/wenhai/dadec/benchmark/source_inventory/zymo/missing_or_unmatched.tsv	7ff387de3bebad6ffa26bc1a6dcca5e6609e3af6d2d8e96b3b555843e1c4a2b1	benchmark_or_method	included	current reproducible benchmark source
workflow/benchmark/source_inventory/zymo/quast_metrics.tsv	/home/work/wenhai/dadec/benchmark/source_inventory/zymo/quast_metrics.tsv	3e778e4c6098a31355a0928928a9f9e5f76d9717c2e326ef095f11d1e998c350	evaluation	included	current reproducible benchmark source
workflow/benchmark/source_inventory/zymo/source_files.tsv	/home/work/wenhai/dadec/benchmark/source_inventory/zymo/source_files.tsv	c0845006f32f66c1d02176ea5179bebd1cf89770541f39aa4a52f617efb60ed5	benchmark_or_method	included	current reproducible benchmark source
workflow/benchmark/tests/test_assembly_workflow.py	/home/work/wenhai/dadec/benchmark/tests/test_assembly_workflow.py	88f46158d2367fe7b9af5d6eaa96f1266e5d198422f36a949ef1387ee5b3b196	evaluation	included	current reproducible benchmark source
workflow/benchmark/tests/test_classification_pipeline.py	/home/work/wenhai/dadec/benchmark/tests/test_classification_pipeline.py	06a30edb1b38ade096a68e12f13d09bd0cbfde59518de56080b26448cd245b1c	evaluation	included	current reproducible benchmark source
workflow/benchmark/tests/test_cleanup_run_tmp.py	/home/work/wenhai/dadec/benchmark/tests/test_cleanup_run_tmp.py	324f1e21993d1dbc8892ae5f73143e03841c531cf0ba3e774f585f83f2964e2f	benchmark_or_method	included	current reproducible benchmark source
workflow/benchmark/tests/test_combine_resources.py	/home/work/wenhai/dadec/benchmark/tests/test_combine_resources.py	0ab2c808729385c3acf805babb9ac175abba0342a7ca63e73aa27f84b9b5a177	benchmark_or_method	included	current reproducible benchmark source
workflow/benchmark/tests/test_default_parameters.py	/home/work/wenhai/dadec/benchmark/tests/test_default_parameters.py	1553bf9153a4d6e05467fa8995fb91273eebd8946b81e6f2db931e27bab9f4c4	benchmark_or_method	included	current reproducible benchmark source
workflow/benchmark/tests/test_fastq.py	/home/work/wenhai/dadec/benchmark/tests/test_fastq.py	b5bdf5308871644340e0799bff4659b5e464e6633e63dadfa9fc7d8091b52a6a	benchmark_or_method	included	current reproducible benchmark source
workflow/benchmark/tests/test_hifieval_eval.py	/home/work/wenhai/dadec/benchmark/tests/test_hifieval_eval.py	ec88c139890a355fec55f8252974279dbea5b6245003144743c21603621bdfda	evaluation	included	current reproducible benchmark source
workflow/benchmark/tests/test_methods.py	/home/work/wenhai/dadec/benchmark/tests/test_methods.py	cd26ff932029fbe73cd8120915e41c6a8244cc2d76c2c4e69af16040291c1dcb	benchmark_or_method	included	current reproducible benchmark source
workflow/benchmark/tests/test_multidataset.py	/home/work/wenhai/dadec/benchmark/tests/test_multidataset.py	36191bfdf177de662811b9ce5f5e08e8836c18e32baebf17286d8f414f3efd7c	benchmark_or_method	included	current reproducible benchmark source
workflow/benchmark/tests/test_parsers.py	/home/work/wenhai/dadec/benchmark/tests/test_parsers.py	666d35610cf9f7c1c3d7a162b0694c189915c9f438e349738c310e4d575e847c	benchmark_or_method	included	current reproducible benchmark source
workflow/benchmark/tests/test_preflight.py	/home/work/wenhai/dadec/benchmark/tests/test_preflight.py	7a9cab247e9d661da1101f221fee37571787cce4d664608bdf61053f076194d4	benchmark_or_method	included	current reproducible benchmark source
workflow/benchmark/tests/test_prepare_reads.py	/home/work/wenhai/dadec/benchmark/tests/test_prepare_reads.py	fa412f1bcf9a0d30430a057ab9ff3f284c77e3191c2e9c20373f3cccbdf8f3bc	benchmark_or_method	included	current reproducible benchmark source
workflow/benchmark/tests/test_quast_cleanup.py	/home/work/wenhai/dadec/benchmark/tests/test_quast_cleanup.py	e68a42e93716979d6b8543375c80eb62f4d050e557ea6a94ec15219dfac777a9	evaluation	included	current reproducible benchmark source
workflow/benchmark/tests/test_run_layout.py	/home/work/wenhai/dadec/benchmark/tests/test_run_layout.py	085e478ad2a545f630742ad3be30928a75d1cde80533d6104a50b1abeacf26fe	benchmark_or_method	included	current reproducible benchmark source
workflow/benchmark/tests/test_run_method.py	/home/work/wenhai/dadec/benchmark/tests/test_run_method.py	9ec8c13dbcb7bf2e061a6a2b1048a3e042d89378f3fbafa54fb3b07c858393e2	benchmark_or_method	included	current reproducible benchmark source
workflow/benchmark/tests/test_workflow_dependency_isolation.py	/home/work/wenhai/dadec/benchmark/tests/test_workflow_dependency_isolation.py	467a2d339d3256d4bffe0e2e040bfe6595b8f2962a1a484f5bedf0b95e561b9e	benchmark_or_method	included	current reproducible benchmark source
workflow/benchmark/work.sh	/home/work/wenhai/dadec/benchmark/work.sh	2d1e09521db9abb04e7d07c5fbbb13dde8b38fe446ac75cc37b54a269dc61e2c	benchmark_or_method	included	current reproducible benchmark source
workflow/benchmark/work_scripts/100strains.sh	/home/work/wenhai/dadec/benchmark/work_scripts/100strains.sh	004a10128a5ebc3f586a77600db69feb3a00a093724be82dc57460ac59806b52	benchmark_or_method	included	current reproducible benchmark source
workflow/benchmark/work_scripts/100strains_legacy.sh	/home/work/wenhai/dadec/benchmark/work_scripts/100strains_legacy.sh	34443816bdcec20cfc6c65b7109dc48fb368fd805a9a49e0a431b48018165af0	benchmark_or_method	included	current reproducible benchmark source
workflow/benchmark/work_scripts/30strains_10x.sh	/home/work/wenhai/dadec/benchmark/work_scripts/30strains_10x.sh	01b1f7ddee6a9774a32a108f3b0064e776a0240e403593f14210e525a676a65c	benchmark_or_method	included	current reproducible benchmark source
workflow/benchmark/work_scripts/30strains_40x.sh	/home/work/wenhai/dadec/benchmark/work_scripts/30strains_40x.sh	1302cf36a2933a19bbd81875f9d2a4fde0d54975fe4eb4b466c877de03fcb1b5	benchmark_or_method	included	current reproducible benchmark source
workflow/benchmark/work_scripts/30strains_50x.sh	/home/work/wenhai/dadec/benchmark/work_scripts/30strains_50x.sh	3c370800cf01cfb515d806c87b274a0e47c17e7a3f342b3c8422bc1dd5e0584e	benchmark_or_method	included	current reproducible benchmark source
workflow/benchmark/work_scripts/30strains_all.sh	/home/work/wenhai/dadec/benchmark/work_scripts/30strains_all.sh	4a1d60c1bb19fb05e72499aa8f0156cf27fa6b00503d5e36d7e71c716b6b6054	benchmark_or_method	included	current reproducible benchmark source
workflow/benchmark/work_scripts/30strains_legacy_10x.sh	/home/work/wenhai/dadec/benchmark/work_scripts/30strains_legacy_10x.sh	3fb4e2ba1dc03caf4fe2172bfd0209a9b73150d7510ecbbe762cd961db6135a9	benchmark_or_method	included	current reproducible benchmark source
workflow/benchmark/work_scripts/30strains_legacy_30x.sh	/home/work/wenhai/dadec/benchmark/work_scripts/30strains_legacy_30x.sh	9ccffdc4106083efe9d33894dcc3cfeeeb9e1c360fd666507deb5b1a4fe93a41	benchmark_or_method	included	current reproducible benchmark source
workflow/benchmark/work_scripts/30strains_legacy_40x.sh	/home/work/wenhai/dadec/benchmark/work_scripts/30strains_legacy_40x.sh	04a64e3b86a33fe32df13a251bb8181a4a9253551a9e7d98daffcfb89d3b7251	benchmark_or_method	included	current reproducible benchmark source
workflow/benchmark/work_scripts/30strains_legacy_50x.sh	/home/work/wenhai/dadec/benchmark/work_scripts/30strains_legacy_50x.sh	e21fe925c97b4d33dd53c4d7a4100dbfcf55926f1576a457c4e5b654c26a0ded	benchmark_or_method	included	current reproducible benchmark source
workflow/benchmark/work_scripts/30strains_legacy_other2.sh	/home/work/wenhai/dadec/benchmark/work_scripts/30strains_legacy_other2.sh	377bcb9bc9ae1813864ed6d0d8cf1a1b598d8d0bd433a7a0249c843b74fa0419	benchmark_or_method	included	current reproducible benchmark source
workflow/benchmark/work_scripts/30strains_set.sh	/home/work/wenhai/dadec/benchmark/work_scripts/30strains_set.sh	60fbcb4044ecc1bf51f8d135bd3706101114842b3b97725ce39d9a0ab135e93a	benchmark_or_method	included	current reproducible benchmark source
workflow/benchmark/work_scripts/arabidopsis_10x.sh	/home/work/wenhai/dadec/benchmark/work_scripts/arabidopsis_10x.sh	5ad4f999c2815bf5e2760ccffdeaebb4f3b887f11ac016ec5c12d0fd122e6174	benchmark_or_method	included	current reproducible benchmark source
workflow/benchmark/work_scripts/arabidopsis_15x.sh	/home/work/wenhai/dadec/benchmark/work_scripts/arabidopsis_15x.sh	4854b67e81d4254ad668d01eced10b86bde0425f024b93a7fa16ecf3b4a623fd	benchmark_or_method	included	current reproducible benchmark source
workflow/benchmark/work_scripts/arabidopsis_20x.sh	/home/work/wenhai/dadec/benchmark/work_scripts/arabidopsis_20x.sh	40056cec1f629dec7bc44fdf82404d4a5d44ae7d3e07081d048c813f60722c62	benchmark_or_method	included	current reproducible benchmark source
workflow/benchmark/work_scripts/arabidopsis_25x.sh	/home/work/wenhai/dadec/benchmark/work_scripts/arabidopsis_25x.sh	bdca6c2514b7e3fc531d6721eda4e5e7bedd499d1640be168aaefe3e277f78c0	benchmark_or_method	included	current reproducible benchmark source
workflow/benchmark/work_scripts/arabidopsis_30x.sh	/home/work/wenhai/dadec/benchmark/work_scripts/arabidopsis_30x.sh	d065e7410ba52a480af14a8ff6da119bc3b89789acb1728f8136f868bf3fd68a	benchmark_or_method	included	current reproducible benchmark source
workflow/benchmark/work_scripts/arabidopsis_32x.sh	/home/work/wenhai/dadec/benchmark/work_scripts/arabidopsis_32x.sh	97bd4b6949fbc2f019aed4862989d8da4102cc07a9beee0919350c5e2cacd54c	benchmark_or_method	included	current reproducible benchmark source
workflow/benchmark/work_scripts/arabidopsis_5x.sh	/home/work/wenhai/dadec/benchmark/work_scripts/arabidopsis_5x.sh	c9f8f4e5703c99e23448904ece6cb9e6e89038f4edacb8119ec8963ce5b554d4	benchmark_or_method	included	current reproducible benchmark source
workflow/benchmark/work_scripts/arabidopsis_dadec_all.sh	/home/work/wenhai/dadec/benchmark/work_scripts/arabidopsis_dadec_all.sh	1ba90ab03f5003a8955999b13acd860ef4e91a0112f58aa50b358c37919a6f99	benchmark_or_method	included	current reproducible benchmark source
workflow/benchmark/work_scripts/arabidopsis_sim_32x.sh	/home/work/wenhai/dadec/benchmark/work_scripts/arabidopsis_sim_32x.sh	53f89c4dd68456a09eacf4605cabae915a0ae3541a73a27db00715a0c27d6fc4	data_or_simulation	included	current reproducible benchmark source
workflow/benchmark/work_scripts/assembly/README.md	/home/work/wenhai/dadec/benchmark/work_scripts/assembly/README.md	abb2059654002999f7b5b8abfeac3344309de84f41ee053cb5f5be2bb1c52bf6	evaluation	included	current reproducible benchmark source
workflow/benchmark/work_scripts/assembly/run.sh	/home/work/wenhai/dadec/benchmark/work_scripts/assembly/run.sh	ef2ce281540cc16ae94c68485d66f155bd98402b409e503512d3466cc8140dff	evaluation	included	current reproducible benchmark source
workflow/benchmark/work_scripts/assembly/start.sh	/home/work/wenhai/dadec/benchmark/work_scripts/assembly/start.sh	32ea8e661e739483d2903bde145486a5bcd46b9ff102d11f25cf0183ef3d9299	evaluation	included	current reproducible benchmark source
workflow/benchmark/work_scripts/assembly/status.sh	/home/work/wenhai/dadec/benchmark/work_scripts/assembly/status.sh	8a8c76de6e04ab36c152d4f25fb770b3b2a0a41c4f48acce55aec0d59016c61a	evaluation	included	current reproducible benchmark source
workflow/benchmark/work_scripts/assembly/verify.sh	/home/work/wenhai/dadec/benchmark/work_scripts/assembly/verify.sh	a4d8b59985de35e43bdb36129d64544f4d8faada5b7ea59a952b7531e36b89dc	evaluation	included	current reproducible benchmark source
workflow/benchmark/work_scripts/classification/30strains_legacy_10x.sh	/home/work/wenhai/dadec/benchmark/work_scripts/classification/30strains_legacy_10x.sh	182ab0a16fc7705237560066f96b5470fff80576fd9f53ce68bd009bbe04700f	evaluation	included	current reproducible benchmark source
workflow/benchmark/work_scripts/classification/30strains_legacy_20x.sh	/home/work/wenhai/dadec/benchmark/work_scripts/classification/30strains_legacy_20x.sh	db902d6a4fb0457e09a4a374685b58ea3c415256e9c450177d72f8a50be86ec3	evaluation	included	current reproducible benchmark source
workflow/benchmark/work_scripts/classification/30strains_legacy_30x.sh	/home/work/wenhai/dadec/benchmark/work_scripts/classification/30strains_legacy_30x.sh	afd68928d22c34b336315cc5ef8477dfbc11c9942bb436696cd26cb04f37a7e4	evaluation	included	current reproducible benchmark source
workflow/benchmark/work_scripts/classification/30strains_legacy_all.sh	/home/work/wenhai/dadec/benchmark/work_scripts/classification/30strains_legacy_all.sh	faaa79cf5c49ff9afa01e41a0c276751f966159d72eb199c2a9b656c6f715da2	evaluation	included	current reproducible benchmark source
workflow/benchmark/work_scripts/collect_ablation.py	/home/work/wenhai/dadec/benchmark/work_scripts/collect_ablation.py	d5edeb0023fc83c49c52a2450ca4318c9eb9238ebd2f01086cde83576af116b6	table_or_statistics	included	current reproducible benchmark source
workflow/benchmark/work_scripts/collect_dadec_dev_results.sh	/home/work/wenhai/dadec/benchmark/work_scripts/collect_dadec_dev_results.sh	a76d6f35b4679539b45651feb22d54dd172075266111b3da528a47705e58f356	table_or_statistics	included	current reproducible benchmark source
workflow/benchmark/work_scripts/dadec_ablation.sh	/home/work/wenhai/dadec/benchmark/work_scripts/dadec_ablation.sh	42bf23f3ff9bf5a7bcaf0914475c87030c67a7f665fdf1f47780e74f0d4caf9e	benchmark_or_method	included	current reproducible benchmark source
workflow/benchmark/work_scripts/dadec_ablation_cmd.sh	/home/work/wenhai/dadec/benchmark/work_scripts/dadec_ablation_cmd.sh	7af5de7dc1e7d6ca0bcd8b05efe22955a932912be15b1c33af7c7f9d30b140ac	benchmark_or_method	included	current reproducible benchmark source
workflow/benchmark/work_scripts/dadec_ablation_cmd2.sh	/home/work/wenhai/dadec/benchmark/work_scripts/dadec_ablation_cmd2.sh	11fdfe741630b55b8c70dfb43068ec3a94f62b803c6bbc69a9c8b54dd40b0557	benchmark_or_method	included	current reproducible benchmark source
workflow/benchmark/work_scripts/dadec_ablation_cmd_dev.sh	/home/work/wenhai/dadec/benchmark/work_scripts/dadec_ablation_cmd_dev.sh	3457bbb322d4d1044307d23c7c11eff6e8a59b25749fbe23fa571250154407f2	benchmark_or_method	included	current reproducible benchmark source
workflow/benchmark/work_scripts/dadec_ablation_cmd_lr_10x.sh	/home/work/wenhai/dadec/benchmark/work_scripts/dadec_ablation_cmd_lr_10x.sh	5079d55820b7c8abefd959672e0cf427ddc7704c219d07d0463fd2014297b39d	benchmark_or_method	included	current reproducible benchmark source
workflow/benchmark/work_scripts/dadec_ablation_cmd_rust.sh	/home/work/wenhai/dadec/benchmark/work_scripts/dadec_ablation_cmd_rust.sh	901ead30e0cf06faf69a939e645d7dc547c860dd5d3290927313bacd9a79d4ff	benchmark_or_method	included	current reproducible benchmark source
workflow/benchmark/work_scripts/dadec_ablation_ecoli.sh	/home/work/wenhai/dadec/benchmark/work_scripts/dadec_ablation_ecoli.sh	1bd0560080a66542d014776df92893acad536d20e8f2055063be72049ee90caf	benchmark_or_method	included	current reproducible benchmark source
workflow/benchmark/work_scripts/default_parameters/EXECUTION.md	/home/work/wenhai/dadec/benchmark/work_scripts/default_parameters/EXECUTION.md	398077a6f1024278b1f1d188275c240efed705e196678f5efe9a34c65419a169	benchmark_or_method	included	current reproducible benchmark source
workflow/benchmark/work_scripts/default_parameters/README.md	/home/work/wenhai/dadec/benchmark/work_scripts/default_parameters/README.md	e2b00887eff468b0dace13422cfb031cea34b36048cb364e9d5de0d54a7b33f5	benchmark_or_method	included	current reproducible benchmark source
workflow/benchmark/work_scripts/default_parameters/__init__.py	/home/work/wenhai/dadec/benchmark/work_scripts/default_parameters/__init__.py	07235ebadfc3046452bff6705c3711df8f0416785bb2d3290733e82b3983e0d9	benchmark_or_method	included	current reproducible benchmark source
workflow/benchmark/work_scripts/default_parameters/audit.py	/home/work/wenhai/dadec/benchmark/work_scripts/default_parameters/audit.py	01cf92885b7286d9fbc0767af4d9527b9bba25b47338c8621ba1245abd00eb35	benchmark_or_method	included	current reproducible benchmark source
workflow/benchmark/work_scripts/default_parameters/comparators.py	/home/work/wenhai/dadec/benchmark/work_scripts/default_parameters/comparators.py	94d8747ff209cc8d0550abe5ede7c5cc8f7cd75867a8d2a2d3b830fae81a3339	benchmark_or_method	included	current reproducible benchmark source
workflow/benchmark/work_scripts/default_parameters/compare.py	/home/work/wenhai/dadec/benchmark/work_scripts/default_parameters/compare.py	fd5ce24c2ad1e122f16eb7ac04c520cb24ab975a50b2f579b31575c6266695e0	benchmark_or_method	included	current reproducible benchmark source
workflow/benchmark/work_scripts/default_parameters/config.yaml	/home/work/wenhai/dadec/benchmark/work_scripts/default_parameters/config.yaml	0266681fed2d973ac635108343f8cad9b29987edabdafa624da8bbcb3b65c594	data_or_simulation	included	current reproducible benchmark source
workflow/benchmark/work_scripts/default_parameters/core.py	/home/work/wenhai/dadec/benchmark/work_scripts/default_parameters/core.py	793b37232214c6f25a3b825225b8ef2a7dd3bf55c9f1dab21a6ce1863eeaed60	benchmark_or_method	included	current reproducible benchmark source
workflow/benchmark/work_scripts/default_parameters/fmlrc.py	/home/work/wenhai/dadec/benchmark/work_scripts/default_parameters/fmlrc.py	4eadaa2aafd138cdb859d1019fa18f8f58727f38aad9eea32b518e3e2c3937b5	benchmark_or_method	included	current reproducible benchmark source
workflow/benchmark/work_scripts/default_parameters/lordec.py	/home/work/wenhai/dadec/benchmark/work_scripts/default_parameters/lordec.py	bf5ba5696b4122206f2115ca52cc9005810333dd785ea5eea3710d87cd92bca6	benchmark_or_method	included	current reproducible benchmark source
workflow/benchmark/work_scripts/default_parameters/ratatosk.py	/home/work/wenhai/dadec/benchmark/work_scripts/default_parameters/ratatosk.py	8975dfcd91012ebadba0dfcebf3c491f2b130a8584e26c28b4f6164259a1ea5c	benchmark_or_method	included	current reproducible benchmark source
workflow/benchmark/work_scripts/default_parameters/runner.py	/home/work/wenhai/dadec/benchmark/work_scripts/default_parameters/runner.py	10fdff96471b1ff176e8e4f1116f028401635b9cb04a3e46a96d69ae436d2b0c	benchmark_or_method	included	current reproducible benchmark source
workflow/benchmark/work_scripts/drosophila.sh	/home/work/wenhai/dadec/benchmark/work_scripts/drosophila.sh	76ef33d6e380c9e11ec0d0b5c0deb85e50fe7868dcdd67dabfed7641dabe8f3b	benchmark_or_method	included	current reproducible benchmark source
workflow/benchmark/work_scripts/ecoli3.sh	/home/work/wenhai/dadec/benchmark/work_scripts/ecoli3.sh	e9796ce5f4a602df8147629dd098537c50859a22c030cfd4078848a3895be3e3	benchmark_or_method	included	current reproducible benchmark source
workflow/benchmark/work_scripts/ecoli3_error.sh	/home/work/wenhai/dadec/benchmark/work_scripts/ecoli3_error.sh	ce882804ff527214de28fafd95c372a92dd564f3b4bdd1a05da5fd634f72637a	benchmark_or_method	included	current reproducible benchmark source
workflow/benchmark/work_scripts/ecoli3_error_readcount.sh	/home/work/wenhai/dadec/benchmark/work_scripts/ecoli3_error_readcount.sh	d150e5454ef5d72ae30ea028b4505f678d1c3bb2306fc4f246dcfd6651be9396	benchmark_or_method	included	current reproducible benchmark source
workflow/benchmark/work_scripts/ecoli_error.sh	/home/work/wenhai/dadec/benchmark/work_scripts/ecoli_error.sh	29df26c8a0ec40b075e9350228a6cc23a9a97145c3f38bafc2a72c4ba1d83bdf	benchmark_or_method	included	current reproducible benchmark source
workflow/benchmark/work_scripts/evaluate_raw_long_reads.sh	/home/work/wenhai/dadec/benchmark/work_scripts/evaluate_raw_long_reads.sh	9313d79cfd4b853750f582d6816d0eab151728f84917930a50519dc38fcaf48d	benchmark_or_method	included	current reproducible benchmark source
workflow/benchmark/work_scripts/final_collect_res/100strains_30x/README.md	/home/work/wenhai/dadec/benchmark/work_scripts/final_collect_res/100strains_30x/README.md	08d12a542ae22f476f40f2c8fe65115dee2bf0a262bf991f980963034d055d92	table_or_statistics	included	current reproducible benchmark source
workflow/benchmark/work_scripts/final_collect_res/100strains_30x/collect_results.sh	/home/work/wenhai/dadec/benchmark/work_scripts/final_collect_res/100strains_30x/collect_results.sh	bebb66bc0e7da5421920933373c91ae0f237ecfe4d08d80e7013bfbed67f2247	table_or_statistics	included	current reproducible benchmark source
workflow/benchmark/work_scripts/final_collect_res/100strains_legacy_30x/README.md	/home/work/wenhai/dadec/benchmark/work_scripts/final_collect_res/100strains_legacy_30x/README.md	8f356eb6fe50df13bb503190f5c3519747a5a7b7ec8b6403a510fb51bb365459	table_or_statistics	included	current reproducible benchmark source
workflow/benchmark/work_scripts/final_collect_res/100strains_legacy_30x/collect_results.sh	/home/work/wenhai/dadec/benchmark/work_scripts/final_collect_res/100strains_legacy_30x/collect_results.sh	17a35159f73aa3ed1c5021001e4ab97796b21c3708604471e9bcd813ae616501	table_or_statistics	included	current reproducible benchmark source
workflow/benchmark/work_scripts/final_collect_res/30strains_30x/README.md	/home/work/wenhai/dadec/benchmark/work_scripts/final_collect_res/30strains_30x/README.md	dafee17fa0202bb650641bfea79ab4a1f9d1dd62dbedd565415bac0abf823369	table_or_statistics	included	current reproducible benchmark source
workflow/benchmark/work_scripts/final_collect_res/30strains_30x/collect_results.sh	/home/work/wenhai/dadec/benchmark/work_scripts/final_collect_res/30strains_30x/collect_results.sh	6aa434d32c479c83d4b6d4a94b2772879206e141b9e4d2bca565cdf18991e485	table_or_statistics	included	current reproducible benchmark source
workflow/benchmark/work_scripts/final_collect_res/30strains_legacy_30x/README.md	/home/work/wenhai/dadec/benchmark/work_scripts/final_collect_res/30strains_legacy_30x/README.md	40b23c28208052a5d2a5ec09bf44e2e9e69f3e79645411284ca3d8d52cc5e787	table_or_statistics	included	current reproducible benchmark source
workflow/benchmark/work_scripts/final_collect_res/30strains_legacy_30x/collect_results.sh	/home/work/wenhai/dadec/benchmark/work_scripts/final_collect_res/30strains_legacy_30x/collect_results.sh	51104497e73e0ead4d622df19a0393ab571a8e6d346bd511d17db3017831af28	table_or_statistics	included	current reproducible benchmark source
workflow/benchmark/work_scripts/final_collect_res/README_classification_30strains_legacy.md	/home/work/wenhai/dadec/benchmark/work_scripts/final_collect_res/README_classification_30strains_legacy.md	041e3b9ff736c406d1aaaa997485ef3e139c1fe3a7904c21c9b7ce8b245d532d	table_or_statistics	included	current reproducible benchmark source
workflow/benchmark/work_scripts/final_collect_res/arabidopsis_32x/README.md	/home/work/wenhai/dadec/benchmark/work_scripts/final_collect_res/arabidopsis_32x/README.md	7bee4548ec73cd79108dc55965cb2002d6a543a129f6040f29e5a58c47fbe9b5	table_or_statistics	included	current reproducible benchmark source
workflow/benchmark/work_scripts/final_collect_res/arabidopsis_32x/collect_results.sh	/home/work/wenhai/dadec/benchmark/work_scripts/final_collect_res/arabidopsis_32x/collect_results.sh	528382e338e16ab7faf18a90bfa05df7f7c0711202cb92cc7b30c2620ad3c3f3	table_or_statistics	included	current reproducible benchmark source
workflow/benchmark/work_scripts/final_collect_res/arabidopsis_32x/evaluate_raw_baseline.sh	/home/work/wenhai/dadec/benchmark/work_scripts/final_collect_res/arabidopsis_32x/evaluate_raw_baseline.sh	99ec4c5fa821eefa44cfee04028fdbd18f40da4c096844dcf2d946c267bd9743	table_or_statistics	included	current reproducible benchmark source
workflow/benchmark/work_scripts/final_collect_res/arabidopsis_32x/evaluate_raw_baseline_low_identity.sh	/home/work/wenhai/dadec/benchmark/work_scripts/final_collect_res/arabidopsis_32x/evaluate_raw_baseline_low_identity.sh	df4a87c4f0a809503fca47a6406748185dd749f6401b95b08b5cb26913bdf40b	table_or_statistics	included	current reproducible benchmark source
workflow/benchmark/work_scripts/final_collect_res/arabidopsis_32x/evaluate_raw_baseline_metaquast.sh	/home/work/wenhai/dadec/benchmark/work_scripts/final_collect_res/arabidopsis_32x/evaluate_raw_baseline_metaquast.sh	8af63e1ffd0bd53e801d2dc821743cb1308cc05c69e1acd8d1dc7180f9994e4c	table_or_statistics	included	current reproducible benchmark source
workflow/benchmark/work_scripts/final_collect_res/arabidopsis_32x/evaluate_raw_baseline_pac.sh	/home/work/wenhai/dadec/benchmark/work_scripts/final_collect_res/arabidopsis_32x/evaluate_raw_baseline_pac.sh	1ca33b61f3d3007303881bf00408ec0548daf6c0241c6319c7d877797ddb2025	table_or_statistics	included	current reproducible benchmark source
workflow/benchmark/work_scripts/final_collect_res/collect_classification_30strains_legacy.py	/home/work/wenhai/dadec/benchmark/work_scripts/final_collect_res/collect_classification_30strains_legacy.py	e550a4f06f6e8c00fa85a2a99ab9fa1deb8bc8157aab0c879f9f72465b3808b1	table_or_statistics	included	current reproducible benchmark source
workflow/benchmark/work_scripts/final_collect_res/collect_classification_30strains_legacy.sh	/home/work/wenhai/dadec/benchmark/work_scripts/final_collect_res/collect_classification_30strains_legacy.sh	bdfb8f913b7b8c36e0f9591ad4b87694332a354ce49e2a6ee224cfc533dfd421	table_or_statistics	included	current reproducible benchmark source
workflow/benchmark/work_scripts/final_collect_res/coverage_depths/README.md	/home/work/wenhai/dadec/benchmark/work_scripts/final_collect_res/coverage_depths/README.md	e3f3495dad579e64fff565f1b72454ff0a73d9827b79ae6be236dba56dc8024d	table_or_statistics	included	current reproducible benchmark source
workflow/benchmark/work_scripts/final_collect_res/coverage_depths/collect_results.py	/home/work/wenhai/dadec/benchmark/work_scripts/final_collect_res/coverage_depths/collect_results.py	725ca985140a837370a6f0e3932d3c108756e004de7aff10d4ef7ef45d09f9c1	table_or_statistics	included	current reproducible benchmark source
workflow/benchmark/work_scripts/final_collect_res/coverage_depths/collect_results.sh	/home/work/wenhai/dadec/benchmark/work_scripts/final_collect_res/coverage_depths/collect_results.sh	7bf0bc01c96d47ee21e8ca0d2f5358f39e04e42becf20db6abcd0e726bb14b63	table_or_statistics	included	current reproducible benchmark source
workflow/benchmark/work_scripts/final_collect_res/drosophila_43x/README.md	/home/work/wenhai/dadec/benchmark/work_scripts/final_collect_res/drosophila_43x/README.md	6d8bc1682e320ef5fa818c71f3ea350d188d7f6effdce3a2b5925ea024536e9a	table_or_statistics	included	current reproducible benchmark source
workflow/benchmark/work_scripts/final_collect_res/drosophila_43x/assembly_README.md	/home/work/wenhai/dadec/benchmark/work_scripts/final_collect_res/drosophila_43x/assembly_README.md	56e85acd8e94b44dc13fe6b3c65a22f70e7a66b0530a60af39d393439a21285a	table_or_statistics	included	current reproducible benchmark source
workflow/benchmark/work_scripts/final_collect_res/drosophila_43x/collect_assembly_results.py	/home/work/wenhai/dadec/benchmark/work_scripts/final_collect_res/drosophila_43x/collect_assembly_results.py	c6cdd92aa9e22670c393e48ef725ef97d8091e1c13d109bb7ed6a609f3048684	table_or_statistics	included	current reproducible benchmark source
workflow/benchmark/work_scripts/final_collect_res/drosophila_43x/collect_assembly_results.sh	/home/work/wenhai/dadec/benchmark/work_scripts/final_collect_res/drosophila_43x/collect_assembly_results.sh	b007bb5745228663ad6bfeea329742a9e4bcf33070456cee71d277bf49052258	table_or_statistics	included	current reproducible benchmark source
workflow/benchmark/work_scripts/final_collect_res/drosophila_43x/collect_results.sh	/home/work/wenhai/dadec/benchmark/work_scripts/final_collect_res/drosophila_43x/collect_results.sh	844d62aa012234d6b3f1660d2c3402c6b0c6d4b806cb2364312a95555d828e4e	table_or_statistics	included	current reproducible benchmark source
workflow/benchmark/work_scripts/final_collect_res/drosophila_43x/evaluate_raw_baseline_low_identity.sh	/home/work/wenhai/dadec/benchmark/work_scripts/final_collect_res/drosophila_43x/evaluate_raw_baseline_low_identity.sh	7da1cc69d9a30ae6d165f3d17dacc00657c19a1142f63343a4cbe49d5834e213	table_or_statistics	included	current reproducible benchmark source
workflow/benchmark/work_scripts/final_collect_res/ecoli3_20x/README.md	/home/work/wenhai/dadec/benchmark/work_scripts/final_collect_res/ecoli3_20x/README.md	c3ad49e8a781dd35344f7f33d2609079bb5d826e365eb0838a04c277b7a18869	table_or_statistics	included	current reproducible benchmark source
workflow/benchmark/work_scripts/final_collect_res/ecoli3_20x/collect_results.sh	/home/work/wenhai/dadec/benchmark/work_scripts/final_collect_res/ecoli3_20x/collect_results.sh	48539005bf6a5ad5e63e2da7fc23abfb36aa0a9b2fe73eac7d55a98e5c57fe1b	table_or_statistics	included	current reproducible benchmark source
workflow/benchmark/work_scripts/final_collect_res/mhc_50x/README.md	/home/work/wenhai/dadec/benchmark/work_scripts/final_collect_res/mhc_50x/README.md	0068bae110c2093da5d1bbfffa951acddbab51ecfcfabc378ec2ae9982436e84	table_or_statistics	included	current reproducible benchmark source
workflow/benchmark/work_scripts/final_collect_res/mhc_50x/collect_results.sh	/home/work/wenhai/dadec/benchmark/work_scripts/final_collect_res/mhc_50x/collect_results.sh	6e4c0bf8a7379f54c8cdd02989b34db321bd8addbbde3e1f3ffae85d5017579c	table_or_statistics	included	current reproducible benchmark source
workflow/benchmark/work_scripts/final_collect_res/plot_classification_macro.py	/home/work/wenhai/dadec/benchmark/work_scripts/final_collect_res/plot_classification_macro.py	7050e5ee7223a814abec32f53647ed27a9518579914bdaec8429e857e2d3fa15	plotting	included	current reproducible benchmark source
workflow/benchmark/work_scripts/final_collect_res/plot_coverage_depths.py	/home/work/wenhai/dadec/benchmark/work_scripts/final_collect_res/plot_coverage_depths.py	62c298824c27c4fe6047d31f63b8e6cd5dd92ee5dbc0accce291bc054de83118	plotting	included	current reproducible benchmark source
workflow/benchmark/work_scripts/final_collect_res/short_read_quality/README.md	/home/work/wenhai/dadec/benchmark/work_scripts/final_collect_res/short_read_quality/README.md	281b702bbd06b6c35474639ca95ae5e99352565d0e999898ce978c0b4085176c	table_or_statistics	included	current reproducible benchmark source
workflow/benchmark/work_scripts/final_collect_res/short_read_quality/collect_results.py	/home/work/wenhai/dadec/benchmark/work_scripts/final_collect_res/short_read_quality/collect_results.py	66644f665993e527c165d0c715410d4bba1b8c581b9da82faaaa87920e37e6bc	table_or_statistics	included	current reproducible benchmark source
workflow/benchmark/work_scripts/final_collect_res/short_read_quality/collect_results.sh	/home/work/wenhai/dadec/benchmark/work_scripts/final_collect_res/short_read_quality/collect_results.sh	1d98df4c2814958335b41f545362be2666e6a147bfcf3e2d4e66e164291f6d75	table_or_statistics	included	current reproducible benchmark source
workflow/benchmark/work_scripts/final_collect_res/zymo_10pct/README.md	/home/work/wenhai/dadec/benchmark/work_scripts/final_collect_res/zymo_10pct/README.md	8904f527d430ddc3a22ad037ea4e3ff76b97f9dd1892502e3f0792e9af74bb31	table_or_statistics	included	current reproducible benchmark source
workflow/benchmark/work_scripts/final_collect_res/zymo_10pct/collect_results.sh	/home/work/wenhai/dadec/benchmark/work_scripts/final_collect_res/zymo_10pct/collect_results.sh	5fa6b5170ee80f147505a92f30a91d49afa7dc2b6979deaa19e523d83bd0d500	table_or_statistics	included	current reproducible benchmark source
workflow/benchmark/work_scripts/hifieval/arabidopsis_sim_all.sh	/home/work/wenhai/dadec/benchmark/work_scripts/hifieval/arabidopsis_sim_all.sh	1093d18113e4fc28cf8c2cbd5635f5b32c75ffbe2e2617a1e22367763770df6d	data_or_simulation	included	current reproducible benchmark source
workflow/benchmark/work_scripts/hifieval/arabidopsis_sim_fmlrc.sh	/home/work/wenhai/dadec/benchmark/work_scripts/hifieval/arabidopsis_sim_fmlrc.sh	f29084beac5afe525cfc9e3e646e53d48824b390b460a3c93dd1f9ef5dde7142	data_or_simulation	included	current reproducible benchmark source
workflow/benchmark/work_scripts/hifieval/collect_raw_uc.py	/home/work/wenhai/dadec/benchmark/work_scripts/hifieval/collect_raw_uc.py	16cf61e696d6eeeff6003f6d756c178844b0c63ff3c3046b163d198656d3e66d	table_or_statistics	included	current reproducible benchmark source
workflow/benchmark/work_scripts/hifieval/collect_supplement_tables.py	/home/work/wenhai/dadec/benchmark/work_scripts/hifieval/collect_supplement_tables.py	56e000c9d2436ed97402f1049d24a337c6a4f92a5a22268abcf68be6821162b8	table_or_statistics	included	current reproducible benchmark source
workflow/benchmark/work_scripts/hifieval/ecoli3_all.sh	/home/work/wenhai/dadec/benchmark/work_scripts/hifieval/ecoli3_all.sh	451c70d8b7a2a4d51e122eb80bfdac0ae5b2d94659019204982458771e4317be	evaluation	included	current reproducible benchmark source
workflow/benchmark/work_scripts/hifieval/ecoli3_fmlrc.sh	/home/work/wenhai/dadec/benchmark/work_scripts/hifieval/ecoli3_fmlrc.sh	f6bc4c3b288ec4a0d4ac7f2259c03ad62cffa29f53f4771da5167ed58f2ad991	evaluation	included	current reproducible benchmark source
workflow/benchmark/work_scripts/hifieval/plot_oc_composition.py	/home/work/wenhai/dadec/benchmark/work_scripts/hifieval/plot_oc_composition.py	96770019b6fb534f5c1f7640b6dfe7333d04ac3a167ccfeccd626449f7b5a3ff	plotting	included	current reproducible benchmark source
workflow/benchmark/work_scripts/hifieval/run_fmlrc.sh	/home/work/wenhai/dadec/benchmark/work_scripts/hifieval/run_fmlrc.sh	6c1d33b2fb6444de1a66297491014f92d2d9fdeffb6663d1c39c043bfd2c0d71	evaluation	included	current reproducible benchmark source
workflow/benchmark/work_scripts/hifieval/run_one.sh	/home/work/wenhai/dadec/benchmark/work_scripts/hifieval/run_one.sh	add5604f885ad7132aa4223c457df1b748134e2fbe881c3d93291eea5c1da907	evaluation	included	current reproducible benchmark source
workflow/benchmark/work_scripts/hifieval/run_raw_uc.py	/home/work/wenhai/dadec/benchmark/work_scripts/hifieval/run_raw_uc.py	ac4f904ffd96d073f1b764c7284c17a2e2ad3e04742e240f56a07bfdf8dfe448	evaluation	included	current reproducible benchmark source
workflow/benchmark/work_scripts/mhc_ont.sh	/home/work/wenhai/dadec/benchmark/work_scripts/mhc_ont.sh	e3268d875157eb27292c661202b4fa97bae14e8165d7e191107a5123eb974221	benchmark_or_method	included	current reproducible benchmark source
workflow/benchmark/work_scripts/mhc_pac.sh	/home/work/wenhai/dadec/benchmark/work_scripts/mhc_pac.sh	69bdc735da17cb392eef5d78a22d661126e8c1a1fb1510de8cf4ce4d2d978a8c	benchmark_or_method	included	current reproducible benchmark source
workflow/benchmark/work_scripts/missing_ambiguity_nodes/01_30strains_10x.sh	/home/work/wenhai/dadec/benchmark/work_scripts/missing_ambiguity_nodes/01_30strains_10x.sh	d2c3e0ca13cf83f516c44ae3d8225a3858824a797f2cbeea661f3805a16ea774	benchmark_or_method	included	current reproducible benchmark source
workflow/benchmark/work_scripts/missing_ambiguity_nodes/02_30strains_20x.sh	/home/work/wenhai/dadec/benchmark/work_scripts/missing_ambiguity_nodes/02_30strains_20x.sh	428a09f24b9fbddbf36f9bb9db1de24eda59a337729409dfb92fbbb15cfc73b1	benchmark_or_method	included	current reproducible benchmark source
workflow/benchmark/work_scripts/missing_ambiguity_nodes/03_30strains_legacy_10x.sh	/home/work/wenhai/dadec/benchmark/work_scripts/missing_ambiguity_nodes/03_30strains_legacy_10x.sh	814a70b5cf2db6877402c7f88ab57e34060709245abd2c8fea6e99f58620ccf6	benchmark_or_method	included	current reproducible benchmark source
workflow/benchmark/work_scripts/missing_ambiguity_nodes/04_30strains_legacy_20x.sh	/home/work/wenhai/dadec/benchmark/work_scripts/missing_ambiguity_nodes/04_30strains_legacy_20x.sh	49603ce2ee730de38c4a77922c09461ff7bbe883405a74a8b77c5556b772ded0	benchmark_or_method	included	current reproducible benchmark source
workflow/benchmark/work_scripts/missing_ambiguity_nodes/05_30strains_legacy_30x.sh	/home/work/wenhai/dadec/benchmark/work_scripts/missing_ambiguity_nodes/05_30strains_legacy_30x.sh	12058b66172d543600874b49d9089760c2577b7c2c24765fe7a9ae9d1e44ec88	benchmark_or_method	included	current reproducible benchmark source
workflow/benchmark/work_scripts/missing_ambiguity_nodes/06_30strains_legacy_40x.sh	/home/work/wenhai/dadec/benchmark/work_scripts/missing_ambiguity_nodes/06_30strains_legacy_40x.sh	ae3d7587777d76f6c7b2756ee7d7ce0681b550fb5c1da0b9e1799fad85c82109	benchmark_or_method	included	current reproducible benchmark source
workflow/benchmark/work_scripts/missing_ambiguity_nodes/07_30strains_legacy_50x.sh	/home/work/wenhai/dadec/benchmark/work_scripts/missing_ambiguity_nodes/07_30strains_legacy_50x.sh	4861f7dc67b7975c9c7a35025468bb01ac7be40db08a35ae878083a1a007687b	benchmark_or_method	included	current reproducible benchmark source
workflow/benchmark/work_scripts/missing_ambiguity_nodes/08_ecoli_error_miseq.sh	/home/work/wenhai/dadec/benchmark/work_scripts/missing_ambiguity_nodes/08_ecoli_error_miseq.sh	4be07da69d376dd0864ac8b3397bf991cfb0bd881340c01f05be8887d6a7143a	benchmark_or_method	included	current reproducible benchmark source
workflow/benchmark/work_scripts/missing_ambiguity_nodes/09_ecoli_error_nextseq.sh	/home/work/wenhai/dadec/benchmark/work_scripts/missing_ambiguity_nodes/09_ecoli_error_nextseq.sh	c47c87f82ceb0d7f4198b63b31ff410cd2ae7d849ca38a8294cc7aaf02dc4268	benchmark_or_method	included	current reproducible benchmark source
workflow/benchmark/work_scripts/missing_ambiguity_nodes/10_ecoli_error_novaseq.sh	/home/work/wenhai/dadec/benchmark/work_scripts/missing_ambiguity_nodes/10_ecoli_error_novaseq.sh	c4747268eacc6a4c0fb008a0c7ab4815e3989dba42c0be2c3d405eb810f62181	benchmark_or_method	included	current reproducible benchmark source
workflow/benchmark/work_scripts/missing_ambiguity_nodes/README.md	/home/work/wenhai/dadec/benchmark/work_scripts/missing_ambiguity_nodes/README.md	3d7e9e863ee1d874972f71de732ef4cd4b4adb3e822f051183a52f0361af7cb9	benchmark_or_method	included	current reproducible benchmark source
workflow/benchmark/work_scripts/missing_ambiguity_nodes/current_missing.tsv	/home/work/wenhai/dadec/benchmark/work_scripts/missing_ambiguity_nodes/current_missing.tsv	11e735b86563c856218bef5cf74a279c8268f45a3064b758cfc1e50df2367c0a	benchmark_or_method	included	current reproducible benchmark source
workflow/benchmark/work_scripts/missing_ambiguity_nodes/run_group.sh	/home/work/wenhai/dadec/benchmark/work_scripts/missing_ambiguity_nodes/run_group.sh	849d8d99cb0cb56c36d276c6383787b82245420d237706ee54322ea363f8b1d5	benchmark_or_method	included	current reproducible benchmark source
workflow/benchmark/work_scripts/missing_ambiguity_nodes/status.sh	/home/work/wenhai/dadec/benchmark/work_scripts/missing_ambiguity_nodes/status.sh	cfc7c5c9d90cbd7cb1c9ec52c93b11c72e66f76c5cac61ed02a0c13c7c2e100f	benchmark_or_method	included	current reproducible benchmark source
workflow/benchmark/work_scripts/missing_ambiguity_scores.tsv	/home/work/wenhai/dadec/benchmark/work_scripts/missing_ambiguity_scores.tsv	11e735b86563c856218bef5cf74a279c8268f45a3064b758cfc1e50df2367c0a	benchmark_or_method	included	current reproducible benchmark source
workflow/benchmark/work_scripts/run_missing_ambiguity_scores.py	/home/work/wenhai/dadec/benchmark/work_scripts/run_missing_ambiguity_scores.py	c8f03f74e42e49dbbd83b4b61a5a13f24bc6424e5744c27330d641b03c2a6bc5	benchmark_or_method	included	current reproducible benchmark source
workflow/benchmark/work_scripts/run_missing_ambiguity_scores.sh	/home/work/wenhai/dadec/benchmark/work_scripts/run_missing_ambiguity_scores.sh	011205a30ca97201b211c8c88249519da271cc5a0bca06b47a65c89003b758df	benchmark_or_method	included	current reproducible benchmark source
workflow/benchmark/work_scripts/stage2_test.sh	/home/work/wenhai/dadec/benchmark/work_scripts/stage2_test.sh	72b17e0787e4128ae5a2abe7fd9242c7036e2b74cb209c433fbaf6f972abd96f	benchmark_or_method	included	current reproducible benchmark source
workflow/benchmark/work_scripts/sum.sh	/home/work/wenhai/dadec/benchmark/work_scripts/sum.sh	6dbb9bc7755b4309d6e61bd067e53f2f722c90e703da83a83f515f5ad872f352	benchmark_or_method	included	current reproducible benchmark source
workflow/benchmark/work_scripts/zymo_10pct_other_tools.sh	/home/work/wenhai/dadec/benchmark/work_scripts/zymo_10pct_other_tools.sh	ab67a600bbcb34eff0c54fa2ee6d5769583584e52b54cbd5dcaaea636014795a	benchmark_or_method	included	current reproducible benchmark source
workflow/benchmark/work_scripts/zymo_self.sh	/home/work/wenhai/dadec/benchmark/work_scripts/zymo_self.sh	1c5b5df01d74a930550c86b0c0a63db37d55b6ea505e5d6b8b9cd6e197f9eff7	benchmark_or_method	included	current reproducible benchmark source
workflow/simulation/data/arabidopsis_subsample.sh	/home/work/wenhai/dadec/scripts/data/arabidopsis_subsample.sh	af745eacbe5afd9fbb4675a0eb3738a955ef026210aa2aea80036dad641cd971	data_or_simulation	included	simulation or data-preparation source
workflow/simulation/data/count_lognormal.py	/home/work/wenhai/dadec/scripts/data/count_lognormal.py	59fca8cc76d9f381a25e8be0f43a0f55ad5f9b396b8095eb6f18d6e45d99422f	data_or_simulation	included	simulation or data-preparation source
workflow/simulation/data/cov_stat.sh	/home/work/wenhai/dadec/scripts/data/cov_stat.sh	823a739167843fadf47fd237b60529fcc2b1e5c9b2c831ecb5f7353d2cbd1543	data_or_simulation	included	simulation or data-preparation source
workflow/simulation/data/coverage_stat.py	/home/work/wenhai/dadec/scripts/data/coverage_stat.py	a10793f6b7238cd1a785d7e5c31f6220e05ab586c55473b1d11ae4f4cad3c3b3	data_or_simulation	included	simulation or data-preparation source
workflow/simulation/data/depth_stats.py	/home/work/wenhai/dadec/scripts/data/depth_stats.py	81a42fc25fc1e74af0ce7a123cfb17f68e3a571dee515c2e52282af07aa509c9	data_or_simulation	included	simulation or data-preparation source
workflow/simulation/data/error_stat/evaluate_dataset_error.py	/home/work/wenhai/dadec/scripts/data/error_stat/evaluate_dataset_error.py	1cfc425bf33056a6e68559125dc0036eaa09f0491fc93b808a3ecef8b4d6ec4c	data_or_simulation	included	simulation or data-preparation source
workflow/simulation/data/error_stat/evaluate_ecoli3_readcount.py	/home/work/wenhai/dadec/scripts/data/error_stat/evaluate_ecoli3_readcount.py	db1d0f3e7a5abbc5de7f3f1ece71465f1c8b80b43fdf3ae1c95323187945641e	data_or_simulation	included	simulation or data-preparation source
workflow/simulation/data/errors_data_sim.sh	/home/work/wenhai/dadec/scripts/data/errors_data_sim.sh	e28040965e50873e5bd09fb0e2f8a64ca498e58c66bdba83ba29cc493d707849	data_or_simulation	included	simulation or data-preparation source
workflow/simulation/data/errors_data_sim_long.sh	/home/work/wenhai/dadec/scripts/data/errors_data_sim_long.sh	135e06657e016f33652ed3293b10095788e2f6a2494f319cc2969f7b82e61fe2	data_or_simulation	included	simulation or data-preparation source
workflow/simulation/data/errors_ecoli3_readcount_sim.sh	/home/work/wenhai/dadec/scripts/data/errors_ecoli3_readcount_sim.sh	b2c0863c194b479b83975a6bd676a8b260100fbd13cfca6081769d81a7b0c154	data_or_simulation	included	simulation or data-preparation source
workflow/simulation/data/errors_ecoli3_sim.sh	/home/work/wenhai/dadec/scripts/data/errors_ecoli3_sim.sh	7d3674dd09e33daef71b52db2becea6c2f03e0edbc215f04ead68b167f92c560	data_or_simulation	included	simulation or data-preparation source
workflow/simulation/data/generate_ani_info.py	/home/work/wenhai/dadec/scripts/data/generate_ani_info.py	bcd8ce457a7eaf7ef662eb0158553de9879965cf5ec41d8eefe94bedcd1abf9c	data_or_simulation	included	simulation or data-preparation source
workflow/simulation/data/long_read_pbsim_config.ini	/home/work/wenhai/dadec/scripts/data/long_read_pbsim_config.ini	be2f1947a44232429a8a73bf6a02d8278b78117bbe1f5aff3bbbeb218ca93470	data_or_simulation	included	simulation or data-preparation source
workflow/simulation/data/read_coverage_stat.py	/home/work/wenhai/dadec/scripts/data/read_coverage_stat.py	9c51736972fe1b567ab52962021a094162882275b1be9d384e7f126aff65c674	data_or_simulation	included	simulation or data-preparation source
workflow/simulation/data/short_read_art_config.ini	/home/work/wenhai/dadec/scripts/data/short_read_art_config.ini	08d7ef1e9c756681acb4c36833fc6e0917312e7d1179ea3cde356071297c40de	data_or_simulation	included	simulation or data-preparation source
workflow/simulation/data/sim_read.py	/home/work/wenhai/dadec/scripts/data/sim_read.py	8b3bc69c764dcc441a64b70432b3c9134dd80250dca79deaf9429083ba8c4976	data_or_simulation	included	simulation or data-preparation source
workflow/simulation/data/staticsData.py	/home/work/wenhai/dadec/scripts/data/staticsData.py	5b6dc171efc39d48bbb30afeade28f46024770bc1626a0476b8f07c8b992674c	data_or_simulation	included	simulation or data-preparation source
workflow/simulation/data/zymo_subsample.sh	/home/work/wenhai/dadec/scripts/data/zymo_subsample.sh	a33bb43868883c3118143d844547102609865358e586a06a200db17b8abbc65b	data_or_simulation	included	simulation or data-preparation source
workflow/simulation/utils/find_seqs_by_length.py	/home/work/wenhai/dadec/scripts/utils/find_seqs_by_length.py	8d11f33b8295641a345973e543ac9ab9fd74079356ddf11ed6f67821cfe867d2	data_or_simulation	included	simulation or data-preparation source
config/common.yaml	/home/work/wenhai/dadec/benchmark/config/common.yaml	7648ff523de8c01763b626219ef8239784a536d08e1b97d24b92c00a2bc2636f	configuration	included	exact current configuration snapshot
config/legacy_single_dataset.yaml	/home/work/wenhai/dadec/benchmark/config/legacy_single_dataset.yaml	03eca761e2554ae5af64f4bb41bb825639ff6f741e95bf1960b49d0c8e6e9847	configuration	included	exact current configuration snapshot
config/classification/30strains_legacy.yaml	/home/work/wenhai/dadec/benchmark/config/classification/30strains_legacy.yaml	c5a6f6fb75da40731e23c753b16a10913ee3ba8f2a59e8fec19ab98ce84408a0	configuration	included	exact current configuration snapshot
config/classification/config.example.yaml	/home/work/wenhai/dadec/benchmark/config/classification/config.example.yaml	62e45317374f6c95370aec8dcab44afd30deb326797d71268e6d2bca7379a6c3	configuration	included	exact current configuration snapshot
config/datasets/100strains.yaml	/home/work/wenhai/dadec/benchmark/config/datasets/100strains.yaml	22bdbfa3baf67da41b37ad9c6a241c11819faea34c0a158a828e9d7678e3b138	configuration	included	exact current configuration snapshot
config/datasets/100strains_legacy.yaml	/home/work/wenhai/dadec/benchmark/config/datasets/100strains_legacy.yaml	a0019344a1579481c0bea307a3249086dfc476816635fbc8a5244a14f4aaccfb	configuration	included	exact current configuration snapshot
config/datasets/30strains.yaml	/home/work/wenhai/dadec/benchmark/config/datasets/30strains.yaml	7cd3f79f0fd928d3fd80aceead553851961940a77ea4142dbf40ecec9b968f3c	configuration	included	exact current configuration snapshot
config/datasets/30strains_legacy.yaml	/home/work/wenhai/dadec/benchmark/config/datasets/30strains_legacy.yaml	937d165b63a1799da28d1f640c283237693209de57ca018691b62b8c42ad6265	configuration	included	exact current configuration snapshot
config/datasets/arabidopsis.yaml	/home/work/wenhai/dadec/benchmark/config/datasets/arabidopsis.yaml	71ed3a48683fc1b8335ffd18c85189441d30bb53d463bd519793c08c57aa717c	configuration	included	exact current configuration snapshot
config/datasets/arabidopsis_genome_to_id.tsv	/home/work/wenhai/dadec/benchmark/config/datasets/arabidopsis_genome_to_id.tsv	ad727cd0ec61cd16cf5274b6b8f379f901a44c63e21205a97fb8b4323e856065	configuration	included	exact current configuration snapshot
config/datasets/arabidopsis_sim.yaml	/home/work/wenhai/dadec/benchmark/config/datasets/arabidopsis_sim.yaml	0405c6f130fae215b0430188a58f4cf3fe1ede23519ba7ce5185f3f68324d917	configuration	included	exact current configuration snapshot
config/datasets/drosophila.yaml	/home/work/wenhai/dadec/benchmark/config/datasets/drosophila.yaml	50032f2d57bd586d7a706272dd2bfe2742ab3b003e6ae554b911eb3ba112976e	configuration	included	exact current configuration snapshot
config/datasets/drosophila_genome_to_id.tsv	/home/work/wenhai/dadec/benchmark/config/datasets/drosophila_genome_to_id.tsv	051723ec91838811e12f55a677a6842f6d26b38e2dd4d5e5b8d835c3faea1601	configuration	included	exact current configuration snapshot
config/datasets/drosophila_genome_to_id_GCA_018904365.tsv	/home/work/wenhai/dadec/benchmark/config/datasets/drosophila_genome_to_id_GCA_018904365.tsv	8440f3df7b1e59f644591a9a7b343d9f5d2b30fbf3396a700c3e4c941cf0bc17	configuration	included	exact current configuration snapshot
config/datasets/ecoli3.yaml	/home/work/wenhai/dadec/benchmark/config/datasets/ecoli3.yaml	e8bc44830ec35312bb5aaa09570d960d8f7ac96740d16ba72d8c6e2935a26f10	configuration	included	exact current configuration snapshot
config/datasets/ecoli3_error.yaml	/home/work/wenhai/dadec/benchmark/config/datasets/ecoli3_error.yaml	6f6724a0b921d5999e356949807c2b482c92599254e432ec0dd0f6a8e0eb2aa4	configuration	included	exact current configuration snapshot
config/datasets/ecoli3_error_readcount.yaml	/home/work/wenhai/dadec/benchmark/config/datasets/ecoli3_error_readcount.yaml	73cb61f94f953998b4c9f35b43814e9af8f68b531056a3dbd708114448d23945	configuration	included	exact current configuration snapshot
config/datasets/ecoli3_genome_to_id.tsv	/home/work/wenhai/dadec/benchmark/config/datasets/ecoli3_genome_to_id.tsv	94db41a84a6561ef7f238c9b5bc3eba8a23ba0379838afa84fd0a56d70536592	configuration	included	exact current configuration snapshot
config/datasets/ecoli_error.yaml	/home/work/wenhai/dadec/benchmark/config/datasets/ecoli_error.yaml	acb9c484994e19da6b35508875ee0eddc1a0ccc608ac073ae6ef388d318f4d1a	configuration	included	exact current configuration snapshot
config/datasets/ecoli_error_genome_to_id.tsv	/home/work/wenhai/dadec/benchmark/config/datasets/ecoli_error_genome_to_id.tsv	307b7bb3d061d7e48bc017909cfadab38458ee3b8cf0a827aa85df3348b5d37a	configuration	included	exact current configuration snapshot
config/datasets/ecoli_error_tech.yaml	/home/work/wenhai/dadec/benchmark/config/datasets/ecoli_error_tech.yaml	f28b647b517d92ac22f8a246f974165ef72a2b57d645f4f48f26b477e528ac3b	configuration	included	exact current configuration snapshot
config/datasets/mhc_genome_to_id.tsv	/home/work/wenhai/dadec/benchmark/config/datasets/mhc_genome_to_id.tsv	d23d4e4837b978cd1f8b08cf7e4886a1e7c1431a04244f1b8f5c6b62593240f1	configuration	included	exact current configuration snapshot
config/datasets/mhc_ont.yaml	/home/work/wenhai/dadec/benchmark/config/datasets/mhc_ont.yaml	6348fc0d78df9f07bdf51c50c3b1a452d238ba9da2915cb82a233b73e22ae52d	configuration	included	exact current configuration snapshot
config/datasets/mhc_pac.yaml	/home/work/wenhai/dadec/benchmark/config/datasets/mhc_pac.yaml	175fffa42b3c1c46121cbbbaa56699f693838b3aaa3cdc659ff4772013c4c322	configuration	included	exact current configuration snapshot
config/datasets/zymo.yaml	/home/work/wenhai/dadec/benchmark/config/datasets/zymo.yaml	f523e8321b43a010d7247f9df3d00cda152f9eb3fb8678afe96c26f3627afce6	configuration	included	exact current configuration snapshot
config/datasets/zymo_genome_to_id.tsv	/home/work/wenhai/dadec/benchmark/config/datasets/zymo_genome_to_id.tsv	7eda75d5a7bd085a5baf493a1fa340fb839a8054c96d69ea544d839ded80afb3	configuration	included	exact current configuration snapshot
config/overlays/dadec_dev.yaml	/home/work/wenhai/dadec/benchmark/config/overlays/dadec_dev.yaml	a497f39ae7f551d7185a9d0c73511360f567e81fad07503792a4c55a2222fc64	configuration	included	exact current configuration snapshot
config/runs/100strains/30x_colormap.yaml	/home/work/wenhai/dadec/benchmark/config/runs/100strains/30x_colormap.yaml	aa02868cb0d145f2c92498f8227348241244cde7c4962788a2961787de6b2dfe	configuration	included	exact current configuration snapshot
config/runs/100strains/30x_dadec.yaml	/home/work/wenhai/dadec/benchmark/config/runs/100strains/30x_dadec.yaml	12a72ac69c50dfd73d4ef8ca040014f33f37ea37260dffee0e2012b0bc683e9c	configuration	included	exact current configuration snapshot
config/runs/100strains/30x_f_hero.yaml	/home/work/wenhai/dadec/benchmark/config/runs/100strains/30x_f_hero.yaml	a700003a26fac848e1053a2c8bf248c01ffe2549803833de7913dd38e7089db9	configuration	included	exact current configuration snapshot
config/runs/100strains/30x_fmlrc.yaml	/home/work/wenhai/dadec/benchmark/config/runs/100strains/30x_fmlrc.yaml	e02de14db463c7543968c35a4bff34e60ea2d1ba8f5706483bc8c2b3aa3fde97	configuration	included	exact current configuration snapshot
config/runs/100strains/30x_l_hero.yaml	/home/work/wenhai/dadec/benchmark/config/runs/100strains/30x_l_hero.yaml	7b8f2874c151a6c6fba6a286b3e0b1bc75133846da0f7f2240cb06fdd2648a89	configuration	included	exact current configuration snapshot
config/runs/100strains/30x_lordec.yaml	/home/work/wenhai/dadec/benchmark/config/runs/100strains/30x_lordec.yaml	f61f7283ca3a2d01cdd73e4d75d5de9e9eeb1ea11bf08526ea55ba20c2b462f5	configuration	included	exact current configuration snapshot
config/runs/100strains/30x_proovread.yaml	/home/work/wenhai/dadec/benchmark/config/runs/100strains/30x_proovread.yaml	3712b7d6fd12f9b85477f7b1365f3a7065811685e4e7a162c767083e7ebd28a6	configuration	included	exact current configuration snapshot
config/runs/100strains/30x_r_hero.yaml	/home/work/wenhai/dadec/benchmark/config/runs/100strains/30x_r_hero.yaml	558cbfea86efdd7b4a4200e8280ba4324e1deeaaf47c52db49b241f6e70807fc	configuration	included	exact current configuration snapshot
config/runs/100strains/30x_ratatosk.yaml	/home/work/wenhai/dadec/benchmark/config/runs/100strains/30x_ratatosk.yaml	9e6d8028f225bda3d0a2410c002a1e5affd560445c52a137b2f0ee36fa1eec4a	configuration	included	exact current configuration snapshot
config/runs/100strains_legacy/30x_colormap.yaml	/home/work/wenhai/dadec/benchmark/config/runs/100strains_legacy/30x_colormap.yaml	9d87a72ac48c8cee1cbf7ccc4582c1fddd9a6578dad1f08042f7dade9f69854d	configuration	included	exact current configuration snapshot
config/runs/100strains_legacy/30x_dadec.yaml	/home/work/wenhai/dadec/benchmark/config/runs/100strains_legacy/30x_dadec.yaml	a5889b462cda81fefaf0eaaec09cffa587d596c9c80c7be278e6269b1f925181	configuration	included	exact current configuration snapshot
config/runs/100strains_legacy/30x_f_hero.yaml	/home/work/wenhai/dadec/benchmark/config/runs/100strains_legacy/30x_f_hero.yaml	29773c137f99c43b75a8c0e966f3b3e2c8c6202cdca9a7d139ca26545ccfe6fb	configuration	included	exact current configuration snapshot
config/runs/100strains_legacy/30x_fmlrc.yaml	/home/work/wenhai/dadec/benchmark/config/runs/100strains_legacy/30x_fmlrc.yaml	7aeffbb7708331a280a32f9e9362ef8b21682b89200c8a9d377efbfe8d3420ed	configuration	included	exact current configuration snapshot
config/runs/100strains_legacy/30x_l_hero.yaml	/home/work/wenhai/dadec/benchmark/config/runs/100strains_legacy/30x_l_hero.yaml	6309c6bd1a11cd64d0996c0ba5f2c78e84e99b84a0890057b5bd7cfe8d44c2ef	configuration	included	exact current configuration snapshot
config/runs/100strains_legacy/30x_lordec.yaml	/home/work/wenhai/dadec/benchmark/config/runs/100strains_legacy/30x_lordec.yaml	bf26c29eed669d9ed685e7b8c9b3c62965da543adec8a8d192733f80518f7253	configuration	included	exact current configuration snapshot
config/runs/100strains_legacy/30x_proovread.yaml	/home/work/wenhai/dadec/benchmark/config/runs/100strains_legacy/30x_proovread.yaml	2e1bace55779652ca0d71177dafd3edfeb0f179ed0a676b41e5bd120a38382a1	configuration	included	exact current configuration snapshot
config/runs/100strains_legacy/30x_r_hero.yaml	/home/work/wenhai/dadec/benchmark/config/runs/100strains_legacy/30x_r_hero.yaml	02014e03032e713beef590596565d32fedd0c404844573f2a3fd8e23a9bd4f83	configuration	included	exact current configuration snapshot
config/runs/100strains_legacy/30x_ratatosk.yaml	/home/work/wenhai/dadec/benchmark/config/runs/100strains_legacy/30x_ratatosk.yaml	67cf975ff09a1c65bd78ee2542d2efbc09108f8f6324ee15a3c6acfc5a4a8930	configuration	included	exact current configuration snapshot
config/runs/30strains/10x_colormap.yaml	/home/work/wenhai/dadec/benchmark/config/runs/30strains/10x_colormap.yaml	f4ab406122c1bc7f92bd051be3deee03edcc317020bda2135ec08c51e8eadd2b	configuration	included	exact current configuration snapshot
config/runs/30strains/10x_dadec.yaml	/home/work/wenhai/dadec/benchmark/config/runs/30strains/10x_dadec.yaml	aeb72f087422e620e214b86085ee7cc9207605ada0d8fb65b7d4f430322160ff	configuration	included	exact current configuration snapshot
config/runs/30strains/10x_f_hero.yaml	/home/work/wenhai/dadec/benchmark/config/runs/30strains/10x_f_hero.yaml	9367cf9818a5ccb1428c0b30e95b9ae573721aed4662801d9ff5cb2ce2498719	configuration	included	exact current configuration snapshot
config/runs/30strains/10x_fmlrc.yaml	/home/work/wenhai/dadec/benchmark/config/runs/30strains/10x_fmlrc.yaml	17e9756e20575f5e94f9fdabd4b01bc783968e5e065d4333796b588c346b6dd8	configuration	included	exact current configuration snapshot
config/runs/30strains/10x_l_hero.yaml	/home/work/wenhai/dadec/benchmark/config/runs/30strains/10x_l_hero.yaml	6b6f79f183ccc5006d4bdcb3d389a8322fefaea77afe60adbd3cb751c1934787	configuration	included	exact current configuration snapshot
config/runs/30strains/10x_lordec.yaml	/home/work/wenhai/dadec/benchmark/config/runs/30strains/10x_lordec.yaml	8ddf65ea4fbe053ad75b8b2db05105722be85057c84c5a068cdeba5b5dc2621a	configuration	included	exact current configuration snapshot
config/runs/30strains/10x_proovread.yaml	/home/work/wenhai/dadec/benchmark/config/runs/30strains/10x_proovread.yaml	87b3be8da00a29e0ca3a44938b5b4306d917cac2f6a31763379dfa6bdb991f93	configuration	included	exact current configuration snapshot
config/runs/30strains/10x_r_hero.yaml	/home/work/wenhai/dadec/benchmark/config/runs/30strains/10x_r_hero.yaml	bb516dbf70c5b6478383c39efcb25d021afd817b342b4b30b3f34e88958a4d29	configuration	included	exact current configuration snapshot
config/runs/30strains/10x_ratatosk.yaml	/home/work/wenhai/dadec/benchmark/config/runs/30strains/10x_ratatosk.yaml	7e6180972549f606cee52bc8f1d1e78a7ba1565f251d8e459e72e78cbd49727d	configuration	included	exact current configuration snapshot
config/runs/30strains/20x_colormap.yaml	/home/work/wenhai/dadec/benchmark/config/runs/30strains/20x_colormap.yaml	d0d2c14d3a9640ce119db3beac18dc13f90fcf2bd8bd697ea6960733dbafe0a4	configuration	included	exact current configuration snapshot
config/runs/30strains/20x_dadec.yaml	/home/work/wenhai/dadec/benchmark/config/runs/30strains/20x_dadec.yaml	80425cfb7f9fc79f74eb4327bfd7a80a7f4df9201baa15fbab6803e31f0acf02	configuration	included	exact current configuration snapshot
config/runs/30strains/20x_f_hero.yaml	/home/work/wenhai/dadec/benchmark/config/runs/30strains/20x_f_hero.yaml	f8ffa0a174880ec97f3843e17a378a10b40b7f2b16da415148f4482fe622a6c9	configuration	included	exact current configuration snapshot
config/runs/30strains/20x_fmlrc.yaml	/home/work/wenhai/dadec/benchmark/config/runs/30strains/20x_fmlrc.yaml	44aed6bca18006819ba161ce9ab6613edf0dbaf70c99c43da8e9e80ed18e2a3e	configuration	included	exact current configuration snapshot
config/runs/30strains/20x_l_hero.yaml	/home/work/wenhai/dadec/benchmark/config/runs/30strains/20x_l_hero.yaml	a5baca12bedda50472ac75f0f70320ea226da1f38d687aacc74591e07faa9e97	configuration	included	exact current configuration snapshot
config/runs/30strains/20x_lordec.yaml	/home/work/wenhai/dadec/benchmark/config/runs/30strains/20x_lordec.yaml	0ea9187728c9b54e1ca44259012972c40987c37302e647e269fe55e0fd92a5b9	configuration	included	exact current configuration snapshot
config/runs/30strains/20x_proovread.yaml	/home/work/wenhai/dadec/benchmark/config/runs/30strains/20x_proovread.yaml	c869f87904bbf40f17724023c71f35e6f3383f2be4f73d8ad536220b5d81217a	configuration	included	exact current configuration snapshot
config/runs/30strains/20x_r_hero.yaml	/home/work/wenhai/dadec/benchmark/config/runs/30strains/20x_r_hero.yaml	173e0d40489fb30afafa0b567157b027dc446f876ea6302cb429d76f3f2f1c4d	configuration	included	exact current configuration snapshot
config/runs/30strains/20x_ratatosk.yaml	/home/work/wenhai/dadec/benchmark/config/runs/30strains/20x_ratatosk.yaml	dfe5496cb27cd73fc92604ec14da7ccbe32254bd00d97c296793028f4fabd478	configuration	included	exact current configuration snapshot
config/runs/30strains/30x_colormap.yaml	/home/work/wenhai/dadec/benchmark/config/runs/30strains/30x_colormap.yaml	197683370f51caf98785678b15655232337ae57a246be84f5e889718e71a194f	configuration	included	exact current configuration snapshot
config/runs/30strains/30x_dadec.yaml	/home/work/wenhai/dadec/benchmark/config/runs/30strains/30x_dadec.yaml	414df63551c3f2bebf7c4ab2787959c5dddd36363e08cc0526fc9c5c2f726059	configuration	included	exact current configuration snapshot
config/runs/30strains/30x_f_hero.yaml	/home/work/wenhai/dadec/benchmark/config/runs/30strains/30x_f_hero.yaml	228068ab7c91a46ce86cf51991493874494152a23091995670ca0a42488fc833	configuration	included	exact current configuration snapshot
config/runs/30strains/30x_fmlrc.yaml	/home/work/wenhai/dadec/benchmark/config/runs/30strains/30x_fmlrc.yaml	6edf92d50ef5ffa76345ec811f5243a31cb95a56e22d35ffa93510d577086ab2	configuration	included	exact current configuration snapshot
config/runs/30strains/30x_l_hero.yaml	/home/work/wenhai/dadec/benchmark/config/runs/30strains/30x_l_hero.yaml	09c489dc8ea5ac3c796fdbf1e46d04b6a9356005963484dac8257187b662671c	configuration	included	exact current configuration snapshot
config/runs/30strains/30x_lordec.yaml	/home/work/wenhai/dadec/benchmark/config/runs/30strains/30x_lordec.yaml	ac76e3ba4b19620202a8c779c1c5629b73fd884e8f2927f138c33a055ea4de31	configuration	included	exact current configuration snapshot
config/runs/30strains/30x_proovread.yaml	/home/work/wenhai/dadec/benchmark/config/runs/30strains/30x_proovread.yaml	8c95f3a4b5f2c9959fbe133ec41a2e7123881c8776e8f5642fef253687aa73cb	configuration	included	exact current configuration snapshot
config/runs/30strains/30x_r_hero.yaml	/home/work/wenhai/dadec/benchmark/config/runs/30strains/30x_r_hero.yaml	07a4d393b8899f7986d13d713ddf03b2b28783bb272ffbf9f7b42fbb2b1712f5	configuration	included	exact current configuration snapshot
config/runs/30strains/30x_ratatosk.yaml	/home/work/wenhai/dadec/benchmark/config/runs/30strains/30x_ratatosk.yaml	18fb0c1b191400783097cdbb566ed6588e22701c7b1c53793e4245607ee3865e	configuration	included	exact current configuration snapshot
config/runs/30strains/40x_colormap.yaml	/home/work/wenhai/dadec/benchmark/config/runs/30strains/40x_colormap.yaml	5be348dfa42641436cea57e6322218e1e15e6c137809b64accb3a45e14f35d44	configuration	included	exact current configuration snapshot
config/runs/30strains/40x_dadec.yaml	/home/work/wenhai/dadec/benchmark/config/runs/30strains/40x_dadec.yaml	fd7f8eff7661eac8ddd113a26021d493840836ac7d7e13850341b821f07350d7	configuration	included	exact current configuration snapshot
config/runs/30strains/40x_f_hero.yaml	/home/work/wenhai/dadec/benchmark/config/runs/30strains/40x_f_hero.yaml	43fb8b2299b7d5573c578f9ab859cab1cdf99dbefcbf8779f2b095e896e9c3cc	configuration	included	exact current configuration snapshot
config/runs/30strains/40x_fmlrc.yaml	/home/work/wenhai/dadec/benchmark/config/runs/30strains/40x_fmlrc.yaml	63391bcbb8388a466acbb0babc4e0adbffce8cc12adfc90eff938cbb2da059fc	configuration	included	exact current configuration snapshot
config/runs/30strains/40x_l_hero.yaml	/home/work/wenhai/dadec/benchmark/config/runs/30strains/40x_l_hero.yaml	34b85a4054fed3f99ceedd8e19f31da5f86853e50bd1adb053ecea71a632e952	configuration	included	exact current configuration snapshot
config/runs/30strains/40x_lordec.yaml	/home/work/wenhai/dadec/benchmark/config/runs/30strains/40x_lordec.yaml	aa4e1e5cc3c9829cb7e7abb7148cc90c0dad7c28d1cde0705b31bffc3a858896	configuration	included	exact current configuration snapshot
config/runs/30strains/40x_proovread.yaml	/home/work/wenhai/dadec/benchmark/config/runs/30strains/40x_proovread.yaml	bca4f5b4cd10b60b1831e31e6f925a7e2a140e9ff2a25506096c82742d022a85	configuration	included	exact current configuration snapshot
config/runs/30strains/40x_r_hero.yaml	/home/work/wenhai/dadec/benchmark/config/runs/30strains/40x_r_hero.yaml	7743d16973ba98659842d75a74907bb9d4bbbc60b9191664270b61eb9487d5c8	configuration	included	exact current configuration snapshot
config/runs/30strains/40x_ratatosk.yaml	/home/work/wenhai/dadec/benchmark/config/runs/30strains/40x_ratatosk.yaml	714fa66086cb91476ebfb8fc30d8335e232b722fe340d00618623a6e7931521a	configuration	included	exact current configuration snapshot
config/runs/30strains/50x_colormap.yaml	/home/work/wenhai/dadec/benchmark/config/runs/30strains/50x_colormap.yaml	7c693b1ea1b8d594b32727413544d4b3766d6d420be31e0f4df75a086dead4a2	configuration	included	exact current configuration snapshot
config/runs/30strains/50x_dadec.yaml	/home/work/wenhai/dadec/benchmark/config/runs/30strains/50x_dadec.yaml	c3dedeb3db2241447a619409cae8f227f43edae829fbfbedebd0ec7cd42b68c9	configuration	included	exact current configuration snapshot
config/runs/30strains/50x_f_hero.yaml	/home/work/wenhai/dadec/benchmark/config/runs/30strains/50x_f_hero.yaml	fbf5663d6709941fc5cf3c81e68176856f6a3b3893feaf2899d16f3964368042	configuration	included	exact current configuration snapshot
config/runs/30strains/50x_fmlrc.yaml	/home/work/wenhai/dadec/benchmark/config/runs/30strains/50x_fmlrc.yaml	aa50eb97dbd9d74f91418c055bfcb2ef77853110848d8cf32b3fee0d09f34332	configuration	included	exact current configuration snapshot
config/runs/30strains/50x_l_hero.yaml	/home/work/wenhai/dadec/benchmark/config/runs/30strains/50x_l_hero.yaml	8a866858c0724a3423edcdf54a57ea74d9058864d79f12e38460215a956a89ef	configuration	included	exact current configuration snapshot
config/runs/30strains/50x_lordec.yaml	/home/work/wenhai/dadec/benchmark/config/runs/30strains/50x_lordec.yaml	2da1cd4d07fd44d56f55ddc7327b460013c08ae1936160980c295a2f0d3125a6	configuration	included	exact current configuration snapshot
config/runs/30strains/50x_proovread.yaml	/home/work/wenhai/dadec/benchmark/config/runs/30strains/50x_proovread.yaml	ae50cce8648875e708395ccfb382e1b79f091802c0c5f1ada29822291387e2c4	configuration	included	exact current configuration snapshot
config/runs/30strains/50x_r_hero.yaml	/home/work/wenhai/dadec/benchmark/config/runs/30strains/50x_r_hero.yaml	8f54fbfcafa978dfe339640f3c21a9767e7bf2ea4afbcc0fdc502978ee4adae6	configuration	included	exact current configuration snapshot
config/runs/30strains/50x_ratatosk.yaml	/home/work/wenhai/dadec/benchmark/config/runs/30strains/50x_ratatosk.yaml	7dda28cd8f146ea696fcbcfa32182924775ff4fd24e27164818c15750e81c317	configuration	included	exact current configuration snapshot
config/runs/30strains_legacy/10x_colormap.yaml	/home/work/wenhai/dadec/benchmark/config/runs/30strains_legacy/10x_colormap.yaml	7eab23d564e400889372835b293e76c4fe30e26a59f510088e283cbb3ac0e7a8	configuration	included	exact current configuration snapshot
config/runs/30strains_legacy/10x_dadec.yaml	/home/work/wenhai/dadec/benchmark/config/runs/30strains_legacy/10x_dadec.yaml	db022dfbb4eabdb70c5dcf6eef5545e7d0e13edfeebd696b37121e7121275614	configuration	included	exact current configuration snapshot
config/runs/30strains_legacy/10x_f_hero.yaml	/home/work/wenhai/dadec/benchmark/config/runs/30strains_legacy/10x_f_hero.yaml	d77e44da82588f5e3eb4e4345e982297b40eccc60ddb0a7d9c9eea0084569b00	configuration	included	exact current configuration snapshot
config/runs/30strains_legacy/10x_fmlrc.yaml	/home/work/wenhai/dadec/benchmark/config/runs/30strains_legacy/10x_fmlrc.yaml	9a85eab2ddb0855af2412cfadb1d0680ed7c8c508168446147e1d6682bc5178a	configuration	included	exact current configuration snapshot
config/runs/30strains_legacy/10x_l_hero.yaml	/home/work/wenhai/dadec/benchmark/config/runs/30strains_legacy/10x_l_hero.yaml	198f0541a5f4d83448268b97587c22ff5d42eaf7d5aef2f0488a211077e54576	configuration	included	exact current configuration snapshot
config/runs/30strains_legacy/10x_lordec.yaml	/home/work/wenhai/dadec/benchmark/config/runs/30strains_legacy/10x_lordec.yaml	e1c051454a6f460545850460e2c971653f2b1372cc001563c7bb016acc7c486e	configuration	included	exact current configuration snapshot
config/runs/30strains_legacy/10x_proovread.yaml	/home/work/wenhai/dadec/benchmark/config/runs/30strains_legacy/10x_proovread.yaml	5511fa40fa9110aa4656b93408a437c3fd2b006e0a885b03780ce34f13d99594	configuration	included	exact current configuration snapshot
config/runs/30strains_legacy/10x_r_hero.yaml	/home/work/wenhai/dadec/benchmark/config/runs/30strains_legacy/10x_r_hero.yaml	86e6f4348820f532c4426b0e9c3ecb2b2794b13cb349b75c24d2d4b68a40967e	configuration	included	exact current configuration snapshot
config/runs/30strains_legacy/10x_ratatosk.yaml	/home/work/wenhai/dadec/benchmark/config/runs/30strains_legacy/10x_ratatosk.yaml	2986d9985f18b43847cd4390a1a7eda51c756fb0b7929a72452cfe092b28764c	configuration	included	exact current configuration snapshot
config/runs/30strains_legacy/20x_colormap.yaml	/home/work/wenhai/dadec/benchmark/config/runs/30strains_legacy/20x_colormap.yaml	665b7d1623762dd528a856aabd2104d70c2e04989f6000b5e8e6eaaf99e32409	configuration	included	exact current configuration snapshot
config/runs/30strains_legacy/20x_dadec.yaml	/home/work/wenhai/dadec/benchmark/config/runs/30strains_legacy/20x_dadec.yaml	2623b4f5c06b9e556463ccde9ba816cac816fcb4a1192989aff988c196293114	configuration	included	exact current configuration snapshot
config/runs/30strains_legacy/20x_f_hero.yaml	/home/work/wenhai/dadec/benchmark/config/runs/30strains_legacy/20x_f_hero.yaml	f736e0033b96e71bf3a886023d93b8a111a7f6796be128cc1dba2b57431d519c	configuration	included	exact current configuration snapshot
config/runs/30strains_legacy/20x_fmlrc.yaml	/home/work/wenhai/dadec/benchmark/config/runs/30strains_legacy/20x_fmlrc.yaml	30cedb1b8455ded676d066e2c62928d57527301ec0655eabc0d34cf1b6726d43	configuration	included	exact current configuration snapshot
config/runs/30strains_legacy/20x_l_hero.yaml	/home/work/wenhai/dadec/benchmark/config/runs/30strains_legacy/20x_l_hero.yaml	7228cc687a7c35ae2e250e7545fe350692ea515f1b798df74797ec74add0a71a	configuration	included	exact current configuration snapshot
config/runs/30strains_legacy/20x_lordec.yaml	/home/work/wenhai/dadec/benchmark/config/runs/30strains_legacy/20x_lordec.yaml	c4898e6f44563ac38a3586c833fb8790ba21a5c696a15b1b1023681ff093b4a0	configuration	included	exact current configuration snapshot
config/runs/30strains_legacy/20x_proovread.yaml	/home/work/wenhai/dadec/benchmark/config/runs/30strains_legacy/20x_proovread.yaml	16c8996641e1b32f4658f43b8d6659be177daeb61bdf1fa0d6a42a63eb8225d8	configuration	included	exact current configuration snapshot
config/runs/30strains_legacy/20x_r_hero.yaml	/home/work/wenhai/dadec/benchmark/config/runs/30strains_legacy/20x_r_hero.yaml	bfc85365bbbf4821186a08d8a59b2e77a53500aadb677cc1113a94aa1b00f955	configuration	included	exact current configuration snapshot
config/runs/30strains_legacy/20x_ratatosk.yaml	/home/work/wenhai/dadec/benchmark/config/runs/30strains_legacy/20x_ratatosk.yaml	8958c202f53bfc242584c57740b8b309f82a604084e0b62bda30fdde6ed8303a	configuration	included	exact current configuration snapshot
config/runs/30strains_legacy/30x_colormap.yaml	/home/work/wenhai/dadec/benchmark/config/runs/30strains_legacy/30x_colormap.yaml	2ae78cf224178cf37edde435a8f2beb66b001bec8c31349e8cbe00f88d48d9f4	configuration	included	exact current configuration snapshot
config/runs/30strains_legacy/30x_dadec.yaml	/home/work/wenhai/dadec/benchmark/config/runs/30strains_legacy/30x_dadec.yaml	d3401e83070cde8a0d09e5c5e09188dcba0bf01366b167e1109898da0fba65c7	configuration	included	exact current configuration snapshot
config/runs/30strains_legacy/30x_f_hero.yaml	/home/work/wenhai/dadec/benchmark/config/runs/30strains_legacy/30x_f_hero.yaml	feb7d0e5cfb21ba599ba198c6f18a37b35fe55d1ce75e384b6a70505eb688bad	configuration	included	exact current configuration snapshot
config/runs/30strains_legacy/30x_fmlrc.yaml	/home/work/wenhai/dadec/benchmark/config/runs/30strains_legacy/30x_fmlrc.yaml	4775dd3bf6f2ee2da58b8770620d200d61ca0cba697cb46c12341eb37fdb23d7	configuration	included	exact current configuration snapshot
config/runs/30strains_legacy/30x_l_hero.yaml	/home/work/wenhai/dadec/benchmark/config/runs/30strains_legacy/30x_l_hero.yaml	59cb278d26075ea7c40a4b0c304a9ebb8cab60def0c481d30cf865de43252f67	configuration	included	exact current configuration snapshot
config/runs/30strains_legacy/30x_lordec.yaml	/home/work/wenhai/dadec/benchmark/config/runs/30strains_legacy/30x_lordec.yaml	2163e4621ff222c114d76e3657d3831e9d59716dc6271ebfbc216726ce566e4f	configuration	included	exact current configuration snapshot
config/runs/30strains_legacy/30x_proovread.yaml	/home/work/wenhai/dadec/benchmark/config/runs/30strains_legacy/30x_proovread.yaml	fbe485d9c3b8d403db1a914cd526b474c9cd02a41a4d618ed1b604b15d8e3569	configuration	included	exact current configuration snapshot
config/runs/30strains_legacy/30x_r_hero.yaml	/home/work/wenhai/dadec/benchmark/config/runs/30strains_legacy/30x_r_hero.yaml	e5491be464927161693e7852f4f008bfa2405c3c68697f55d9f1f269f8aa1dcc	configuration	included	exact current configuration snapshot
config/runs/30strains_legacy/30x_ratatosk.yaml	/home/work/wenhai/dadec/benchmark/config/runs/30strains_legacy/30x_ratatosk.yaml	c89edc296724b9e520618e12223528fc2d0457794b1333392c62a110497b7b7a	configuration	included	exact current configuration snapshot
config/runs/30strains_legacy/40x_colormap.yaml	/home/work/wenhai/dadec/benchmark/config/runs/30strains_legacy/40x_colormap.yaml	427b2727a5733dd2b0c801b8086b2dc3016f2767c2ea47a22ebcc772fa33239d	configuration	included	exact current configuration snapshot
config/runs/30strains_legacy/40x_dadec.yaml	/home/work/wenhai/dadec/benchmark/config/runs/30strains_legacy/40x_dadec.yaml	e976d11a293952f8d4a4eacf5601f9e2b0e5d0c8df8209abba2f84c1caf0e0d4	configuration	included	exact current configuration snapshot
config/runs/30strains_legacy/40x_f_hero.yaml	/home/work/wenhai/dadec/benchmark/config/runs/30strains_legacy/40x_f_hero.yaml	3ea2b6e4f9636b7f6ba57a2f135d2d95bed2e6e3fa633b79e2447fa367eba4c4	configuration	included	exact current configuration snapshot
config/runs/30strains_legacy/40x_fmlrc.yaml	/home/work/wenhai/dadec/benchmark/config/runs/30strains_legacy/40x_fmlrc.yaml	58ac9166cbca139913ae05105445922b21d0ffabd0f691297274ead89b6f21d4	configuration	included	exact current configuration snapshot
config/runs/30strains_legacy/40x_l_hero.yaml	/home/work/wenhai/dadec/benchmark/config/runs/30strains_legacy/40x_l_hero.yaml	35d8670ec57b3114a48416981b51551936ac321250e7b6ceef7710b392f83063	configuration	included	exact current configuration snapshot
config/runs/30strains_legacy/40x_lordec.yaml	/home/work/wenhai/dadec/benchmark/config/runs/30strains_legacy/40x_lordec.yaml	bff3015209e0bd7aa6344aa68e089b5cc8ca281bce3a8a46666eb9e9ec3d06d1	configuration	included	exact current configuration snapshot
config/runs/30strains_legacy/40x_proovread.yaml	/home/work/wenhai/dadec/benchmark/config/runs/30strains_legacy/40x_proovread.yaml	73324f72d4519fb639c1da26399f2f95299a48a627d0073b1ab8883d0deca23a	configuration	included	exact current configuration snapshot
config/runs/30strains_legacy/40x_r_hero.yaml	/home/work/wenhai/dadec/benchmark/config/runs/30strains_legacy/40x_r_hero.yaml	90ddd0e944ba11bc6e24a1fed50493e2f0d3d4fb57ec0b152a874d3e32e3572e	configuration	included	exact current configuration snapshot
config/runs/30strains_legacy/40x_ratatosk.yaml	/home/work/wenhai/dadec/benchmark/config/runs/30strains_legacy/40x_ratatosk.yaml	d5350d25272a9ba899088bb8b3ba866849ea3c61577b721a1cf2f56388682939	configuration	included	exact current configuration snapshot
config/runs/30strains_legacy/50x_colormap.yaml	/home/work/wenhai/dadec/benchmark/config/runs/30strains_legacy/50x_colormap.yaml	f0ec1fa10964a0f5ffe3a99f92fbbe325f065bfb0ec784aa34c434dd84826a60	configuration	included	exact current configuration snapshot
config/runs/30strains_legacy/50x_dadec.yaml	/home/work/wenhai/dadec/benchmark/config/runs/30strains_legacy/50x_dadec.yaml	e304484e7867a11b0232ac6dc382ddba7126debe25074bce24d3c0198cf61120	configuration	included	exact current configuration snapshot
config/runs/30strains_legacy/50x_f_hero.yaml	/home/work/wenhai/dadec/benchmark/config/runs/30strains_legacy/50x_f_hero.yaml	71871a672f59c57657a5e45770e9822da97cd3956cf75e6944ae380a91290d35	configuration	included	exact current configuration snapshot
config/runs/30strains_legacy/50x_fmlrc.yaml	/home/work/wenhai/dadec/benchmark/config/runs/30strains_legacy/50x_fmlrc.yaml	1eb0acb9af832f0a0fe64d366be757d90384c4e865d1687b9458f424dbead474	configuration	included	exact current configuration snapshot
config/runs/30strains_legacy/50x_l_hero.yaml	/home/work/wenhai/dadec/benchmark/config/runs/30strains_legacy/50x_l_hero.yaml	56a4ac26d05489eb830e8ed6916d979a4005b29a430e4f44d5334152cbc5a6ae	configuration	included	exact current configuration snapshot
config/runs/30strains_legacy/50x_lordec.yaml	/home/work/wenhai/dadec/benchmark/config/runs/30strains_legacy/50x_lordec.yaml	4a9ecfd87fcacb190e7aa9ea65e0cc0809e6f39e82bd82633773581b39cf959b	configuration	included	exact current configuration snapshot
config/runs/30strains_legacy/50x_proovread.yaml	/home/work/wenhai/dadec/benchmark/config/runs/30strains_legacy/50x_proovread.yaml	9c7571d81a1d3ab360a3b9970e95ab2115fed68140021e2d86546c07afb37df1	configuration	included	exact current configuration snapshot
config/runs/30strains_legacy/50x_r_hero.yaml	/home/work/wenhai/dadec/benchmark/config/runs/30strains_legacy/50x_r_hero.yaml	827d87def17291848fd1d4494a116d04c7aef627dfd5f689d20c0e81943a6de5	configuration	included	exact current configuration snapshot
config/runs/30strains_legacy/50x_ratatosk.yaml	/home/work/wenhai/dadec/benchmark/config/runs/30strains_legacy/50x_ratatosk.yaml	dd80c415f89266b856b8c90662e1e324c95a455fd013a8031f7447f23086c620	configuration	included	exact current configuration snapshot
config/runs/arabidopsis/10x_colormap.yaml	/home/work/wenhai/dadec/benchmark/config/runs/arabidopsis/10x_colormap.yaml	d8b94a9f8617e70c2929080d3998aee8e6cc96e0d0964e17d1bce404ed3875d5	configuration	included	exact current configuration snapshot
config/runs/arabidopsis/10x_dadec.yaml	/home/work/wenhai/dadec/benchmark/config/runs/arabidopsis/10x_dadec.yaml	92316f3c4044471276de6d47ddda3126f1f05a8fa19b2a5be9c9b82cdeb54165	configuration	included	exact current configuration snapshot
config/runs/arabidopsis/10x_f_hero.yaml	/home/work/wenhai/dadec/benchmark/config/runs/arabidopsis/10x_f_hero.yaml	b0f6b2cfd5cee6edcd7d26b73cd7b4ffe336403d820bc9ae592bfa34416e3068	configuration	included	exact current configuration snapshot
config/runs/arabidopsis/10x_fmlrc.yaml	/home/work/wenhai/dadec/benchmark/config/runs/arabidopsis/10x_fmlrc.yaml	c39e88d4be2459baccf9fd0ec95350253f6ec118c8071a4a922ebd7a64baffde	configuration	included	exact current configuration snapshot
config/runs/arabidopsis/10x_l_hero.yaml	/home/work/wenhai/dadec/benchmark/config/runs/arabidopsis/10x_l_hero.yaml	fa5777772fd923d23f11fefc031ed1ce128a0ef26437072f2b7eb980b2780414	configuration	included	exact current configuration snapshot
config/runs/arabidopsis/10x_lordec.yaml	/home/work/wenhai/dadec/benchmark/config/runs/arabidopsis/10x_lordec.yaml	cc62451ad7c0d6e33556f3fa49023dabe2b1cac402604807aa65d0e35ab73341	configuration	included	exact current configuration snapshot
config/runs/arabidopsis/10x_proovread.yaml	/home/work/wenhai/dadec/benchmark/config/runs/arabidopsis/10x_proovread.yaml	c55bbba61ef5c37af721f0f5a05d94363686d0845e12b4c300aaf8833ba4e372	configuration	included	exact current configuration snapshot
config/runs/arabidopsis/10x_r_hero.yaml	/home/work/wenhai/dadec/benchmark/config/runs/arabidopsis/10x_r_hero.yaml	7ca20034bfe05770dc92105060529e1d37c8f0c366ac0b52dee6e8ea4f9d4f1a	configuration	included	exact current configuration snapshot
config/runs/arabidopsis/10x_ratatosk.yaml	/home/work/wenhai/dadec/benchmark/config/runs/arabidopsis/10x_ratatosk.yaml	cc68ea46df0c825328009d312f9b27b8a573997facf97d0725fcf51f9e42f737	configuration	included	exact current configuration snapshot
config/runs/arabidopsis/15x_colormap.yaml	/home/work/wenhai/dadec/benchmark/config/runs/arabidopsis/15x_colormap.yaml	d6fdb652e88e52f1bc0b0e4bbe8cea0c41a1c3e3aba5b1519d5d0d935a3c705a	configuration	included	exact current configuration snapshot
config/runs/arabidopsis/15x_dadec.yaml	/home/work/wenhai/dadec/benchmark/config/runs/arabidopsis/15x_dadec.yaml	8772af617a28c84d65390961e808060e9eb2324278abffca02cf4a7a1aeee5b5	configuration	included	exact current configuration snapshot
config/runs/arabidopsis/15x_f_hero.yaml	/home/work/wenhai/dadec/benchmark/config/runs/arabidopsis/15x_f_hero.yaml	725b240043e408feb8ff7ce3b6d770a13b3fd8ba81897eb34fa7ba2581711682	configuration	included	exact current configuration snapshot
config/runs/arabidopsis/15x_fmlrc.yaml	/home/work/wenhai/dadec/benchmark/config/runs/arabidopsis/15x_fmlrc.yaml	201f50cd66eb4020aead65ffc38ce7dcc1b37a910a4a84c63fd6651e0ab5a9d7	configuration	included	exact current configuration snapshot
config/runs/arabidopsis/15x_l_hero.yaml	/home/work/wenhai/dadec/benchmark/config/runs/arabidopsis/15x_l_hero.yaml	5fe8bfda76b841998c61b74f4dbfca360b1edc75a34dff252bfb42474dabe5b3	configuration	included	exact current configuration snapshot
config/runs/arabidopsis/15x_lordec.yaml	/home/work/wenhai/dadec/benchmark/config/runs/arabidopsis/15x_lordec.yaml	10e1ce60d1440fa6a8581069ea560880e89d8f8db99b74e97ca4a5128520abd6	configuration	included	exact current configuration snapshot
config/runs/arabidopsis/15x_proovread.yaml	/home/work/wenhai/dadec/benchmark/config/runs/arabidopsis/15x_proovread.yaml	1767fad970a9f0f712ba489fd7e833e50adfa1684047442d619f2ec4c8fd399a	configuration	included	exact current configuration snapshot
config/runs/arabidopsis/15x_r_hero.yaml	/home/work/wenhai/dadec/benchmark/config/runs/arabidopsis/15x_r_hero.yaml	b6fd7819895e27acb7ce6398a94290a1a4a0022801e1e1c9777e4b4aab9c27db	configuration	included	exact current configuration snapshot
config/runs/arabidopsis/15x_ratatosk.yaml	/home/work/wenhai/dadec/benchmark/config/runs/arabidopsis/15x_ratatosk.yaml	070af6e2bf1b4e75864ba24db42aba4e24b331bad06da66d7f67e49ca3877869	configuration	included	exact current configuration snapshot
config/runs/arabidopsis/20x_colormap.yaml	/home/work/wenhai/dadec/benchmark/config/runs/arabidopsis/20x_colormap.yaml	4204707d82830a8c4b3f99ef2ad5e426374339ec1a6dc86bc5049bbf178624c0	configuration	included	exact current configuration snapshot
config/runs/arabidopsis/20x_dadec.yaml	/home/work/wenhai/dadec/benchmark/config/runs/arabidopsis/20x_dadec.yaml	c6c02d09acf5b4419481fcaa34284d26f3be241be31f34dc6e6d57ea270fd9a9	configuration	included	exact current configuration snapshot
config/runs/arabidopsis/20x_f_hero.yaml	/home/work/wenhai/dadec/benchmark/config/runs/arabidopsis/20x_f_hero.yaml	badc27a088135bd9ea7c7c31fad9a3307d8e275c0d76d9706db2b926a994c872	configuration	included	exact current configuration snapshot
config/runs/arabidopsis/20x_fmlrc.yaml	/home/work/wenhai/dadec/benchmark/config/runs/arabidopsis/20x_fmlrc.yaml	646ff1effb821da6e763f77749290d75b73239a8135bf134d4709e3c7db04371	configuration	included	exact current configuration snapshot
config/runs/arabidopsis/20x_l_hero.yaml	/home/work/wenhai/dadec/benchmark/config/runs/arabidopsis/20x_l_hero.yaml	2239d43831050818deeecc4bac4b91bf17b3df71cfd89bce5f06c1de45007c2c	configuration	included	exact current configuration snapshot
config/runs/arabidopsis/20x_lordec.yaml	/home/work/wenhai/dadec/benchmark/config/runs/arabidopsis/20x_lordec.yaml	51ae648e42305bb589711bd8a3e45b27232855847177f8c5a710951d6d5d3cd7	configuration	included	exact current configuration snapshot
config/runs/arabidopsis/20x_proovread.yaml	/home/work/wenhai/dadec/benchmark/config/runs/arabidopsis/20x_proovread.yaml	f9797dfc9a9e9f40b37a633fb4bc5cdda585079f8cd1944b900e481c1c8777d0	configuration	included	exact current configuration snapshot
config/runs/arabidopsis/20x_r_hero.yaml	/home/work/wenhai/dadec/benchmark/config/runs/arabidopsis/20x_r_hero.yaml	6e613398ceda6375c9e6397f4866b269d41eff394dce22f08a513ee085291456	configuration	included	exact current configuration snapshot
config/runs/arabidopsis/20x_ratatosk.yaml	/home/work/wenhai/dadec/benchmark/config/runs/arabidopsis/20x_ratatosk.yaml	400ed28cb3306fe80ae39473210f60a65ee9776da5cb303a0214f0c32fd5a33f	configuration	included	exact current configuration snapshot
config/runs/arabidopsis/25x_colormap.yaml	/home/work/wenhai/dadec/benchmark/config/runs/arabidopsis/25x_colormap.yaml	5b31128ed9a233a9cc25b413a518f663d40752a9cf6f470db79ba7ccb8df957c	configuration	included	exact current configuration snapshot
config/runs/arabidopsis/25x_dadec.yaml	/home/work/wenhai/dadec/benchmark/config/runs/arabidopsis/25x_dadec.yaml	2ef7479a8bba3301d6e483259eff56a57af54c5cf122636fc97ce77a6209947c	configuration	included	exact current configuration snapshot
config/runs/arabidopsis/25x_f_hero.yaml	/home/work/wenhai/dadec/benchmark/config/runs/arabidopsis/25x_f_hero.yaml	f718d1f31abaa4167c20801f703bf708b10346ae1a4777d7f634615793a62f2e	configuration	included	exact current configuration snapshot
config/runs/arabidopsis/25x_fmlrc.yaml	/home/work/wenhai/dadec/benchmark/config/runs/arabidopsis/25x_fmlrc.yaml	a667f2370c1a40a0fbecc3164858053e6732f1265cfecba484e144d07ec127de	configuration	included	exact current configuration snapshot
config/runs/arabidopsis/25x_l_hero.yaml	/home/work/wenhai/dadec/benchmark/config/runs/arabidopsis/25x_l_hero.yaml	3063631ff7dd5cefb6a2f329ee603f5fdc93226ba785b545e85082100b858f22	configuration	included	exact current configuration snapshot
config/runs/arabidopsis/25x_lordec.yaml	/home/work/wenhai/dadec/benchmark/config/runs/arabidopsis/25x_lordec.yaml	ed023d7dbae5b22de08e1f31946f022a126878694d693ad5e0c79287fef3931c	configuration	included	exact current configuration snapshot
config/runs/arabidopsis/25x_proovread.yaml	/home/work/wenhai/dadec/benchmark/config/runs/arabidopsis/25x_proovread.yaml	3a83783dccd3d1a58b8f85ff6311b5a822a40175c02ec8c7d9b7f7ec1670c957	configuration	included	exact current configuration snapshot
config/runs/arabidopsis/25x_r_hero.yaml	/home/work/wenhai/dadec/benchmark/config/runs/arabidopsis/25x_r_hero.yaml	d40a889fb88aaf2df5f2fcda835915553f1800b30a322e768012bb9fa4709b2b	configuration	included	exact current configuration snapshot
config/runs/arabidopsis/25x_ratatosk.yaml	/home/work/wenhai/dadec/benchmark/config/runs/arabidopsis/25x_ratatosk.yaml	c18a71bf21fd9a36ef597642a9a3d27d9f57cea3e2d271b94126b45d816ed037	configuration	included	exact current configuration snapshot
config/runs/arabidopsis/30x_colormap.yaml	/home/work/wenhai/dadec/benchmark/config/runs/arabidopsis/30x_colormap.yaml	2b577ae364b7b34ce941a33df433a4d4470a1349a300cb8fe16e054375698524	configuration	included	exact current configuration snapshot
config/runs/arabidopsis/30x_dadec.yaml	/home/work/wenhai/dadec/benchmark/config/runs/arabidopsis/30x_dadec.yaml	74f1d85aabb11abc5c3a3f8301789077918bd80d3a563f356b2609ef6b3bc8a2	configuration	included	exact current configuration snapshot
config/runs/arabidopsis/30x_f_hero.yaml	/home/work/wenhai/dadec/benchmark/config/runs/arabidopsis/30x_f_hero.yaml	817ed4ea5173e60a49043870e191742c74157407370a5d3f8dd620b7e6929446	configuration	included	exact current configuration snapshot
config/runs/arabidopsis/30x_fmlrc.yaml	/home/work/wenhai/dadec/benchmark/config/runs/arabidopsis/30x_fmlrc.yaml	179c040ad61b42f4b44c26ca6dc02cac8d5810f651d4970a4602bbfa2cf12515	configuration	included	exact current configuration snapshot
config/runs/arabidopsis/30x_l_hero.yaml	/home/work/wenhai/dadec/benchmark/config/runs/arabidopsis/30x_l_hero.yaml	267faae23796ab35147946e6b1888b34fb7440326cb6c0acc43ec194ab48b2de	configuration	included	exact current configuration snapshot
config/runs/arabidopsis/30x_lordec.yaml	/home/work/wenhai/dadec/benchmark/config/runs/arabidopsis/30x_lordec.yaml	c1c89ab7a5b6053451e60e09c33ac529c085d01787b460464207c303e9134503	configuration	included	exact current configuration snapshot
config/runs/arabidopsis/30x_proovread.yaml	/home/work/wenhai/dadec/benchmark/config/runs/arabidopsis/30x_proovread.yaml	525d4b762404702c96a6e4c148231d9d1b7ea28c6002ec47b414c3d4984a0b03	configuration	included	exact current configuration snapshot
config/runs/arabidopsis/30x_r_hero.yaml	/home/work/wenhai/dadec/benchmark/config/runs/arabidopsis/30x_r_hero.yaml	5c7545e4b0ff1cc299ce19772e968e266b66f6ccdc96b0568c209a97af8f6ffa	configuration	included	exact current configuration snapshot
config/runs/arabidopsis/30x_ratatosk.yaml	/home/work/wenhai/dadec/benchmark/config/runs/arabidopsis/30x_ratatosk.yaml	644626c5a0f47041c6498abb248ec1bf0fe5176c0dc5a95785a8d2386e9cda43	configuration	included	exact current configuration snapshot
config/runs/arabidopsis/32x_colormap.yaml	/home/work/wenhai/dadec/benchmark/config/runs/arabidopsis/32x_colormap.yaml	ca579e6ba708016fdcb163848dfc6a375b350a1e14bad0e7fdd8683dc892192d	configuration	included	exact current configuration snapshot
config/runs/arabidopsis/32x_dadec.yaml	/home/work/wenhai/dadec/benchmark/config/runs/arabidopsis/32x_dadec.yaml	4077722b1ef4d4fae74614e1e587f057af4cd605ccbc435561935baee219e709	configuration	included	exact current configuration snapshot
config/runs/arabidopsis/32x_f_hero.yaml	/home/work/wenhai/dadec/benchmark/config/runs/arabidopsis/32x_f_hero.yaml	5a9c8f4b67ef7662b5b826ad982f4fc38d9539939c744029abfa7c42b48b8c43	configuration	included	exact current configuration snapshot
config/runs/arabidopsis/32x_fmlrc.yaml	/home/work/wenhai/dadec/benchmark/config/runs/arabidopsis/32x_fmlrc.yaml	ba8f4d9d696717c4718b3db89428e91cd2437fc513234d223b095cc31b05d3b8	configuration	included	exact current configuration snapshot
config/runs/arabidopsis/32x_l_hero.yaml	/home/work/wenhai/dadec/benchmark/config/runs/arabidopsis/32x_l_hero.yaml	662d1b38f8b1f228de8b653dbf86c08172fb8291778deb1734ad0be0cc404329	configuration	included	exact current configuration snapshot
config/runs/arabidopsis/32x_lordec.yaml	/home/work/wenhai/dadec/benchmark/config/runs/arabidopsis/32x_lordec.yaml	6798c56647b40b3c8601cc243e5cd1e41b051f93cf6fd0a7170ebde3e7352156	configuration	included	exact current configuration snapshot
config/runs/arabidopsis/32x_proovread.yaml	/home/work/wenhai/dadec/benchmark/config/runs/arabidopsis/32x_proovread.yaml	5db004a1f0dd587f6a5b1979359a87037587baca9253c63f9117146002047af9	configuration	included	exact current configuration snapshot
config/runs/arabidopsis/32x_r_hero.yaml	/home/work/wenhai/dadec/benchmark/config/runs/arabidopsis/32x_r_hero.yaml	2357955fd2cdda59c65b7dd984061cb630adc69b285ef06a181fb31616ad2889	configuration	included	exact current configuration snapshot
config/runs/arabidopsis/32x_ratatosk.yaml	/home/work/wenhai/dadec/benchmark/config/runs/arabidopsis/32x_ratatosk.yaml	bd40d43aae0e811ba08dd5251a92a792e5c79bbe6f71bf22d97d267235dc9a93	configuration	included	exact current configuration snapshot
config/runs/arabidopsis/3x_colormap.yaml	/home/work/wenhai/dadec/benchmark/config/runs/arabidopsis/3x_colormap.yaml	0857ca3927e1dc1232662e2b534b1ae3c862bfedb9372cb194eee3e99e954e86	configuration	included	exact current configuration snapshot
config/runs/arabidopsis/3x_dadec.yaml	/home/work/wenhai/dadec/benchmark/config/runs/arabidopsis/3x_dadec.yaml	4b7633a284742f516efa68f3562e804212340cdb5d8b9b8124e2c539b3b3479a	configuration	included	exact current configuration snapshot
config/runs/arabidopsis/3x_f_hero.yaml	/home/work/wenhai/dadec/benchmark/config/runs/arabidopsis/3x_f_hero.yaml	d317b44ee5e9b45bbc1c31f7ca96b6524ec7ed3199fb38a305d8273aa2366b6e	configuration	included	exact current configuration snapshot
config/runs/arabidopsis/3x_fmlrc.yaml	/home/work/wenhai/dadec/benchmark/config/runs/arabidopsis/3x_fmlrc.yaml	6e6bcd91c5c720f300ab5b1b297d5da170be65a0483821dd4d0f8a44a4e19c2a	configuration	included	exact current configuration snapshot
config/runs/arabidopsis/3x_l_hero.yaml	/home/work/wenhai/dadec/benchmark/config/runs/arabidopsis/3x_l_hero.yaml	526175f076a48b12d2802921ea62e174a258769a7c962c431df0a5e577a79853	configuration	included	exact current configuration snapshot
config/runs/arabidopsis/3x_lordec.yaml	/home/work/wenhai/dadec/benchmark/config/runs/arabidopsis/3x_lordec.yaml	3ca41c9d3c0898aedbd58642a3e22580356073913898b32f601d8125ba4a11ff	configuration	included	exact current configuration snapshot
config/runs/arabidopsis/3x_proovread.yaml	/home/work/wenhai/dadec/benchmark/config/runs/arabidopsis/3x_proovread.yaml	5616e2ebadb65364359506cc4e5cddfef27f53483693059db548eaf20565a9ad	configuration	included	exact current configuration snapshot
config/runs/arabidopsis/3x_r_hero.yaml	/home/work/wenhai/dadec/benchmark/config/runs/arabidopsis/3x_r_hero.yaml	51714d1ca5e823a8d892312b501555aeeb7a47ecbfeed7fc1efea9105db05eb5	configuration	included	exact current configuration snapshot
config/runs/arabidopsis/3x_ratatosk.yaml	/home/work/wenhai/dadec/benchmark/config/runs/arabidopsis/3x_ratatosk.yaml	12aa6f6bad0e7379fe18813823babf5f9d4bfc8ce121e6bb3fd938190578faf3	configuration	included	exact current configuration snapshot
config/runs/arabidopsis/5x_colormap.yaml	/home/work/wenhai/dadec/benchmark/config/runs/arabidopsis/5x_colormap.yaml	74c4212526f748b8cccbeda7d9734bfbd33daff81322f9071097e88908af0883	configuration	included	exact current configuration snapshot
config/runs/arabidopsis/5x_dadec.yaml	/home/work/wenhai/dadec/benchmark/config/runs/arabidopsis/5x_dadec.yaml	5d35e54f75bf732efca7bc8ebc668c4b514235f30abba8bbd44619a1b5e3554f	configuration	included	exact current configuration snapshot
config/runs/arabidopsis/5x_f_hero.yaml	/home/work/wenhai/dadec/benchmark/config/runs/arabidopsis/5x_f_hero.yaml	de3ac57cd72428901516ae5a1fffef7208bce8a8e317fa99a45785f77955f719	configuration	included	exact current configuration snapshot
config/runs/arabidopsis/5x_fmlrc.yaml	/home/work/wenhai/dadec/benchmark/config/runs/arabidopsis/5x_fmlrc.yaml	1186f4704daccf18e7c5ba502ab9de86dc8396aca02feca045f160fc027a190e	configuration	included	exact current configuration snapshot
config/runs/arabidopsis/5x_l_hero.yaml	/home/work/wenhai/dadec/benchmark/config/runs/arabidopsis/5x_l_hero.yaml	e1c56cefe9ad5272a800414d66e01e58566887e67f8f719d93b57a392b882c28	configuration	included	exact current configuration snapshot
config/runs/arabidopsis/5x_lordec.yaml	/home/work/wenhai/dadec/benchmark/config/runs/arabidopsis/5x_lordec.yaml	ec8bdf5a9f94a8013535437304f21187910d0f7234467cabdaae5a949ba5fedf	configuration	included	exact current configuration snapshot
config/runs/arabidopsis/5x_proovread.yaml	/home/work/wenhai/dadec/benchmark/config/runs/arabidopsis/5x_proovread.yaml	185255b65b734dd7cb17111e99f95bbd83cffa35596e9ff7091861ffe5fce6c9	configuration	included	exact current configuration snapshot
config/runs/arabidopsis/5x_r_hero.yaml	/home/work/wenhai/dadec/benchmark/config/runs/arabidopsis/5x_r_hero.yaml	64e912dc42e48c305fa3148c8547154a2029d15fd25c95d1da88237facc62fc5	configuration	included	exact current configuration snapshot
config/runs/arabidopsis/5x_ratatosk.yaml	/home/work/wenhai/dadec/benchmark/config/runs/arabidopsis/5x_ratatosk.yaml	29f7ea6ce0a8e9880a5af17f1ea15870b79ac5a4d6d490b31fb8fc05c77fe787	configuration	included	exact current configuration snapshot
config/runs/arabidopsis/8x_colormap.yaml	/home/work/wenhai/dadec/benchmark/config/runs/arabidopsis/8x_colormap.yaml	59c4063ed55e4952bbb4871f040e2220838ff02436afb598cd026bf3d3dc38f3	configuration	included	exact current configuration snapshot
config/runs/arabidopsis/8x_dadec.yaml	/home/work/wenhai/dadec/benchmark/config/runs/arabidopsis/8x_dadec.yaml	4ac910b85a2dde4ac2e188f7739e95d306bf5c152d7d47d0ce746b3cc95130c3	configuration	included	exact current configuration snapshot
config/runs/arabidopsis/8x_f_hero.yaml	/home/work/wenhai/dadec/benchmark/config/runs/arabidopsis/8x_f_hero.yaml	119da8f2931b2d126f50fb76163f12cfe87c4418bb15347e69767cdd243adfd9	configuration	included	exact current configuration snapshot
config/runs/arabidopsis/8x_fmlrc.yaml	/home/work/wenhai/dadec/benchmark/config/runs/arabidopsis/8x_fmlrc.yaml	d8df2b60eab24cababd318b793759db757df37e2abd3595880936652c42f3fbe	configuration	included	exact current configuration snapshot
config/runs/arabidopsis/8x_l_hero.yaml	/home/work/wenhai/dadec/benchmark/config/runs/arabidopsis/8x_l_hero.yaml	af005e0b38afba472abd51defc71c534b0f6b1cc364e6f35c979ba31fafe4fa2	configuration	included	exact current configuration snapshot
config/runs/arabidopsis/8x_lordec.yaml	/home/work/wenhai/dadec/benchmark/config/runs/arabidopsis/8x_lordec.yaml	6e57cfcdba1a512d17711ef31fcad50f2ae562827ef5d306c1c139afb55169a4	configuration	included	exact current configuration snapshot
config/runs/arabidopsis/8x_proovread.yaml	/home/work/wenhai/dadec/benchmark/config/runs/arabidopsis/8x_proovread.yaml	63c4c36a1985a1bb35253723411b7e19a32aae103fc6a777f0647b1b73b5dea4	configuration	included	exact current configuration snapshot
config/runs/arabidopsis/8x_r_hero.yaml	/home/work/wenhai/dadec/benchmark/config/runs/arabidopsis/8x_r_hero.yaml	ce5fd5faf23f2acc7428c5c85b15e1a5efa9f2992677f96f6369382914325889	configuration	included	exact current configuration snapshot
config/runs/arabidopsis/8x_ratatosk.yaml	/home/work/wenhai/dadec/benchmark/config/runs/arabidopsis/8x_ratatosk.yaml	74fe4ebc33d34e3e1764d8dde534078904c938234b23d1911a4924efed29f80f	configuration	included	exact current configuration snapshot
config/runs/arabidopsis_sim/32x_colormap.yaml	/home/work/wenhai/dadec/benchmark/config/runs/arabidopsis_sim/32x_colormap.yaml	1d911086b1adbd8116216f31b14855e90165312348d5aa2c340516828f5e1f91	configuration	included	exact current configuration snapshot
config/runs/arabidopsis_sim/32x_dadec.yaml	/home/work/wenhai/dadec/benchmark/config/runs/arabidopsis_sim/32x_dadec.yaml	209170a402b30085bfa31a1a40e07e0f0a86927f890019f583f4dc356c9b92b0	configuration	included	exact current configuration snapshot
config/runs/arabidopsis_sim/32x_f_hero.yaml	/home/work/wenhai/dadec/benchmark/config/runs/arabidopsis_sim/32x_f_hero.yaml	8352e6546e18967cdfeb6c3802114dfb3a8b0a76f09abdb7861b5be0cba291c9	configuration	included	exact current configuration snapshot
config/runs/arabidopsis_sim/32x_fmlrc.yaml	/home/work/wenhai/dadec/benchmark/config/runs/arabidopsis_sim/32x_fmlrc.yaml	8e351de3fbfed73c83434bec1ea7cd964c5e70e924458c3c2c7287d5d9063e62	configuration	included	exact current configuration snapshot
config/runs/arabidopsis_sim/32x_l_hero.yaml	/home/work/wenhai/dadec/benchmark/config/runs/arabidopsis_sim/32x_l_hero.yaml	09c6e5a3ceb2a9dc645ce7f5b15c361c089b2bada2b30640b5c02e96a776314a	configuration	included	exact current configuration snapshot
config/runs/arabidopsis_sim/32x_lordec.yaml	/home/work/wenhai/dadec/benchmark/config/runs/arabidopsis_sim/32x_lordec.yaml	5b1a9d9c4592ac86f9722ad7ab3eaee565503016af6968c03bd95d3b6df605ae	configuration	included	exact current configuration snapshot
config/runs/arabidopsis_sim/32x_proovread.yaml	/home/work/wenhai/dadec/benchmark/config/runs/arabidopsis_sim/32x_proovread.yaml	4808db05160b3ecfc128073d6e6d4bdd4ab75e4ed22e7c9b7cf17f9666260253	configuration	included	exact current configuration snapshot
config/runs/arabidopsis_sim/32x_r_hero.yaml	/home/work/wenhai/dadec/benchmark/config/runs/arabidopsis_sim/32x_r_hero.yaml	8e2dd1eb6637eb4c4cc958abfcec4d52a962deb5342d88c383e013a21f881600	configuration	included	exact current configuration snapshot
config/runs/arabidopsis_sim/32x_ratatosk.yaml	/home/work/wenhai/dadec/benchmark/config/runs/arabidopsis_sim/32x_ratatosk.yaml	0b27162a671e81452c8eb073f704598bae60fb9c728f1d1976504a684218dd60	configuration	included	exact current configuration snapshot
config/runs/arabidopsis_sim/hifieval/32x_colormap_hifieval.yaml	/home/work/wenhai/dadec/benchmark/config/runs/arabidopsis_sim/hifieval/32x_colormap_hifieval.yaml	a0823e5f0dffa11cc689b122631fa137c137d5d00b0e14ce02646deb9c142f87	configuration	included	exact current configuration snapshot
config/runs/arabidopsis_sim/hifieval/32x_dadec_hifieval.yaml	/home/work/wenhai/dadec/benchmark/config/runs/arabidopsis_sim/hifieval/32x_dadec_hifieval.yaml	61d3a817b1f4f24a1899f20b436508cf45ef55b29eb526a6c58213040ebf8d53	configuration	included	exact current configuration snapshot
config/runs/arabidopsis_sim/hifieval/32x_f_hero_hifieval.yaml	/home/work/wenhai/dadec/benchmark/config/runs/arabidopsis_sim/hifieval/32x_f_hero_hifieval.yaml	62ad4408ff0f30bac97e6faab84975cacb87f20350d5ef7e4e849b4c2c30fdb3	configuration	included	exact current configuration snapshot
config/runs/arabidopsis_sim/hifieval/32x_fmlrc_hifieval.yaml	/home/work/wenhai/dadec/benchmark/config/runs/arabidopsis_sim/hifieval/32x_fmlrc_hifieval.yaml	ae9e4568b228d147abc3e8805369c9b9e1fd3ee64a42cd0f986f18c723d5b66b	configuration	included	exact current configuration snapshot
config/runs/arabidopsis_sim/hifieval/32x_l_hero_hifieval.yaml	/home/work/wenhai/dadec/benchmark/config/runs/arabidopsis_sim/hifieval/32x_l_hero_hifieval.yaml	58a5332f55348cdba9e080deecd81d793d0630be2409fc20c12bfc0ff3e4b828	configuration	included	exact current configuration snapshot
config/runs/arabidopsis_sim/hifieval/32x_lordec_hifieval.yaml	/home/work/wenhai/dadec/benchmark/config/runs/arabidopsis_sim/hifieval/32x_lordec_hifieval.yaml	4aea3f75fa53a3acdd642426d122a1ceef46188ecf5ffde61bd5931513424de6	configuration	included	exact current configuration snapshot
config/runs/arabidopsis_sim/hifieval/32x_proovread_hifieval.yaml	/home/work/wenhai/dadec/benchmark/config/runs/arabidopsis_sim/hifieval/32x_proovread_hifieval.yaml	d6e2c446d5d49da1144ee6a7ef93986e0966ecf7135c6e90ac64103922951d57	configuration	included	exact current configuration snapshot
config/runs/arabidopsis_sim/hifieval/32x_r_hero_hifieval.yaml	/home/work/wenhai/dadec/benchmark/config/runs/arabidopsis_sim/hifieval/32x_r_hero_hifieval.yaml	e919a904a4a21db033e28e12946d6eca9a63f9d04923bf997740229fc2bdda8d	configuration	included	exact current configuration snapshot
config/runs/arabidopsis_sim/hifieval/32x_ratatosk_hifieval.yaml	/home/work/wenhai/dadec/benchmark/config/runs/arabidopsis_sim/hifieval/32x_ratatosk_hifieval.yaml	e60d675b9cb4fb3ea0cc0b677b339a44abfd3b8746adcdf825305b76d12519a7	configuration	included	exact current configuration snapshot
config/runs/drosophila/43x_colormap.yaml	/home/work/wenhai/dadec/benchmark/config/runs/drosophila/43x_colormap.yaml	afd04174e346803149474dae961388c8907cd943f167dc8217e9f79a7a81c4d9	configuration	included	exact current configuration snapshot
config/runs/drosophila/43x_dadec.yaml	/home/work/wenhai/dadec/benchmark/config/runs/drosophila/43x_dadec.yaml	de507bd6666ddc2db9f106a21a778e32ad7223824aec84e561eac732bd94101d	configuration	included	exact current configuration snapshot
config/runs/drosophila/43x_f_hero.yaml	/home/work/wenhai/dadec/benchmark/config/runs/drosophila/43x_f_hero.yaml	7cc8e651db6d360132e5b8e74f097c4b686e4f254fb60794c98cb7fcd8aec81d	configuration	included	exact current configuration snapshot
config/runs/drosophila/43x_fmlrc.yaml	/home/work/wenhai/dadec/benchmark/config/runs/drosophila/43x_fmlrc.yaml	0e654d957cb02f65ea5f23c279fa3392bb6bafa95e125006f120a2fa864a80f0	configuration	included	exact current configuration snapshot
config/runs/drosophila/43x_l_hero.yaml	/home/work/wenhai/dadec/benchmark/config/runs/drosophila/43x_l_hero.yaml	66494f5380b5d2f0628d1a1a88730e2fab32b7871c772768ee25b10b277805dd	configuration	included	exact current configuration snapshot
config/runs/drosophila/43x_lordec.yaml	/home/work/wenhai/dadec/benchmark/config/runs/drosophila/43x_lordec.yaml	f693d1ea238ed280bd9912c76b775553473169460d87539bf0daf31cf0f0229d	configuration	included	exact current configuration snapshot
config/runs/drosophila/43x_proovread.yaml	/home/work/wenhai/dadec/benchmark/config/runs/drosophila/43x_proovread.yaml	e986d7a99feb726574ce4806c5cda08edbe5e44be713b38f8edd51778c5a4e90	configuration	included	exact current configuration snapshot
config/runs/drosophila/43x_r_hero.yaml	/home/work/wenhai/dadec/benchmark/config/runs/drosophila/43x_r_hero.yaml	96d1573724a70797234b9ee73168e87a0cc85aa080647bfea66ee63be0aada54	configuration	included	exact current configuration snapshot
config/runs/drosophila/43x_ratatosk.yaml	/home/work/wenhai/dadec/benchmark/config/runs/drosophila/43x_ratatosk.yaml	93f8e76a66466bf7235dbd25b0d5cc125b90226b7468b5237d904e83dac3a6c4	configuration	included	exact current configuration snapshot
config/runs/drosophila/assembly/config.yaml	/home/work/wenhai/dadec/benchmark/config/runs/drosophila/assembly/config.yaml	8ca3e3a093f607ba81cbfa294e5463823f9905bbdb98d864ae6de40bc6c8d3d9	configuration	included	exact current configuration snapshot
config/runs/ecoli3/20x_colormap.yaml	/home/work/wenhai/dadec/benchmark/config/runs/ecoli3/20x_colormap.yaml	805163c605fffb8e517fbb420314e9a35a6df03d8835935ad381c3cddcc3e21d	configuration	included	exact current configuration snapshot
config/runs/ecoli3/20x_dadec.yaml	/home/work/wenhai/dadec/benchmark/config/runs/ecoli3/20x_dadec.yaml	14068d6409d07ea274e4eebaaebd508e1eb4a02329e0c3e3125930625bf3c06e	configuration	included	exact current configuration snapshot
config/runs/ecoli3/20x_f_hero.yaml	/home/work/wenhai/dadec/benchmark/config/runs/ecoli3/20x_f_hero.yaml	558e39d8bb0b0d8ea274efbbd88a9df91877b240c15541943c835e2c1feeec42	configuration	included	exact current configuration snapshot
config/runs/ecoli3/20x_fmlrc.yaml	/home/work/wenhai/dadec/benchmark/config/runs/ecoli3/20x_fmlrc.yaml	455ef507d1ee5a686497b18367186b4b732912558c02b8059b1e95dafd68e16d	configuration	included	exact current configuration snapshot
config/runs/ecoli3/20x_l_hero.yaml	/home/work/wenhai/dadec/benchmark/config/runs/ecoli3/20x_l_hero.yaml	acb646da1cc26a7746cfa771e61e21688ee94bfbc5115b280664dbfca8f490fe	configuration	included	exact current configuration snapshot
config/runs/ecoli3/20x_lordec.yaml	/home/work/wenhai/dadec/benchmark/config/runs/ecoli3/20x_lordec.yaml	c416a0e406297f1c70a52623ddb05d0e37bed29de5c50bae95b06c2ed03ac7c1	configuration	included	exact current configuration snapshot
config/runs/ecoli3/20x_proovread.yaml	/home/work/wenhai/dadec/benchmark/config/runs/ecoli3/20x_proovread.yaml	b4d883e02c98d2e5681acdfbef7391f7c7295b79f03ef9c3ee511f74a58d0dc4	configuration	included	exact current configuration snapshot
config/runs/ecoli3/20x_r_hero.yaml	/home/work/wenhai/dadec/benchmark/config/runs/ecoli3/20x_r_hero.yaml	721e7be5c158cb687022458ca9b1ac890ac35fe6f47122bce6830a06eaeeaa29	configuration	included	exact current configuration snapshot
config/runs/ecoli3/20x_ratatosk.yaml	/home/work/wenhai/dadec/benchmark/config/runs/ecoli3/20x_ratatosk.yaml	d36b45353332db285f76897cc3fac8e73e87f6547fb3620503660a8844991f2a	configuration	included	exact current configuration snapshot
config/runs/ecoli3/hifieval/20x_colormap_hifieval.yaml	/home/work/wenhai/dadec/benchmark/config/runs/ecoli3/hifieval/20x_colormap_hifieval.yaml	9a09ba6f5f25b4c821f1389429fcf5e79ad511fb5f789ffdbf9c53c40ad143cf	configuration	included	exact current configuration snapshot
config/runs/ecoli3/hifieval/20x_dadec_hifieval.yaml	/home/work/wenhai/dadec/benchmark/config/runs/ecoli3/hifieval/20x_dadec_hifieval.yaml	105dc8c3a86bab80f9daa65d9dc19176b10483d0d3ad0589729e85946567ea64	configuration	included	exact current configuration snapshot
config/runs/ecoli3/hifieval/20x_f_hero_hifieval.yaml	/home/work/wenhai/dadec/benchmark/config/runs/ecoli3/hifieval/20x_f_hero_hifieval.yaml	111fc9f90e7b99f9b5309c7bda27f89941a57f55bbf16256ee9560652dea01ed	configuration	included	exact current configuration snapshot
config/runs/ecoli3/hifieval/20x_fmlrc_hifieval.yaml	/home/work/wenhai/dadec/benchmark/config/runs/ecoli3/hifieval/20x_fmlrc_hifieval.yaml	65e11b0e7bdd5369a93b16240e2a6f0938ea382c92b96e9ce361f88e13e91773	configuration	included	exact current configuration snapshot
config/runs/ecoli3/hifieval/20x_l_hero_hifieval.yaml	/home/work/wenhai/dadec/benchmark/config/runs/ecoli3/hifieval/20x_l_hero_hifieval.yaml	b59b576479cc31aaf7c8d8be219215399fa8a0ef5c86b4eb993baf2be0902790	configuration	included	exact current configuration snapshot
config/runs/ecoli3/hifieval/20x_lordec_hifieval.yaml	/home/work/wenhai/dadec/benchmark/config/runs/ecoli3/hifieval/20x_lordec_hifieval.yaml	e8ddfee3919e1f2ad7e4c1be02176d7aa8bb1ed30991221844e7f19e931a640c	configuration	included	exact current configuration snapshot
config/runs/ecoli3/hifieval/20x_proovread_hifieval.yaml	/home/work/wenhai/dadec/benchmark/config/runs/ecoli3/hifieval/20x_proovread_hifieval.yaml	250fa461c0d8b945b19e4e86ffcc40a35aa198061cc7767f87f0ac698e326195	configuration	included	exact current configuration snapshot
config/runs/ecoli3/hifieval/20x_r_hero_hifieval.yaml	/home/work/wenhai/dadec/benchmark/config/runs/ecoli3/hifieval/20x_r_hero_hifieval.yaml	e6db7a442cf61df12bfd1e0fac38dfb40edd6df591b913aa2a63ff78234d64fb	configuration	included	exact current configuration snapshot
config/runs/ecoli3/hifieval/20x_ratatosk_hifieval.yaml	/home/work/wenhai/dadec/benchmark/config/runs/ecoli3/hifieval/20x_ratatosk_hifieval.yaml	a008439d28784e2a8814b0bfddbddf382938f923ad51fb9a1dff6d43628bafa7	configuration	included	exact current configuration snapshot
config/runs/ecoli3_error/hiseq_colormap.yaml	/home/work/wenhai/dadec/benchmark/config/runs/ecoli3_error/hiseq_colormap.yaml	1e5e409e85f8432dd4a0db536a4c89c62ba8cbc8a0206f972b975aa7bc4e649d	configuration	included	exact current configuration snapshot
config/runs/ecoli3_error/hiseq_dadec.yaml	/home/work/wenhai/dadec/benchmark/config/runs/ecoli3_error/hiseq_dadec.yaml	2e19e39da236f47d6407eaed7f15ef7af8fd1ff8f4396e95c9859d5fc2f42ee0	configuration	included	exact current configuration snapshot
config/runs/ecoli3_error/hiseq_f_hero.yaml	/home/work/wenhai/dadec/benchmark/config/runs/ecoli3_error/hiseq_f_hero.yaml	f64a35895d5fe930520c2aed33a0817c2e8cb004ab10f82d93ca207ff476fb40	configuration	included	exact current configuration snapshot
config/runs/ecoli3_error/hiseq_fmlrc.yaml	/home/work/wenhai/dadec/benchmark/config/runs/ecoli3_error/hiseq_fmlrc.yaml	2a2c595b0e16962892e4c079960465fcf040696547a8cee68692a87423b6597e	configuration	included	exact current configuration snapshot
config/runs/ecoli3_error/hiseq_l_hero.yaml	/home/work/wenhai/dadec/benchmark/config/runs/ecoli3_error/hiseq_l_hero.yaml	2c669b7f68a63ba8b2ddfda7cefa37775f3b2a6c2fa4c379f44be57866fd4f94	configuration	included	exact current configuration snapshot
config/runs/ecoli3_error/hiseq_lordec.yaml	/home/work/wenhai/dadec/benchmark/config/runs/ecoli3_error/hiseq_lordec.yaml	5594c9a9bcabcbbd1279ce913df6aea0d48f2d44ac85bfac3913083240ed6111	configuration	included	exact current configuration snapshot
config/runs/ecoli3_error/hiseq_proovread.yaml	/home/work/wenhai/dadec/benchmark/config/runs/ecoli3_error/hiseq_proovread.yaml	29258f689facc439f369e4534367a502af6906afd1d39b2b32a0543d5c398fca	configuration	included	exact current configuration snapshot
config/runs/ecoli3_error/hiseq_r_hero.yaml	/home/work/wenhai/dadec/benchmark/config/runs/ecoli3_error/hiseq_r_hero.yaml	2982e7d9f34b6e4873a7f9fc42c0723c724cbfeaf507d9a2c337a365de843a47	configuration	included	exact current configuration snapshot
config/runs/ecoli3_error/hiseq_ratatosk.yaml	/home/work/wenhai/dadec/benchmark/config/runs/ecoli3_error/hiseq_ratatosk.yaml	3119621d1f6803b391d9d7412bb6994e057061c85c260c3884487437977362ef	configuration	included	exact current configuration snapshot
config/runs/ecoli3_error/miseq_colormap.yaml	/home/work/wenhai/dadec/benchmark/config/runs/ecoli3_error/miseq_colormap.yaml	ba86cdddb37fea6696559d8d271b29945a527aa9404b5d1ac95636c4c303ee75	configuration	included	exact current configuration snapshot
config/runs/ecoli3_error/miseq_dadec.yaml	/home/work/wenhai/dadec/benchmark/config/runs/ecoli3_error/miseq_dadec.yaml	f8581dfe41e57a9489fd43809f350115c33c6b7c54ff07889cf42e9d3cb66fd8	configuration	included	exact current configuration snapshot
config/runs/ecoli3_error/miseq_f_hero.yaml	/home/work/wenhai/dadec/benchmark/config/runs/ecoli3_error/miseq_f_hero.yaml	53cbde3cea8136a25ed61578fa0d8af096ea760efa6038b9a4284cc3a51d1e0e	configuration	included	exact current configuration snapshot
config/runs/ecoli3_error/miseq_fmlrc.yaml	/home/work/wenhai/dadec/benchmark/config/runs/ecoli3_error/miseq_fmlrc.yaml	6be2df3fcc8e46d173e7297d62d529e93c01c6c56b4f18006ae61825c32c238d	configuration	included	exact current configuration snapshot
config/runs/ecoli3_error/miseq_l_hero.yaml	/home/work/wenhai/dadec/benchmark/config/runs/ecoli3_error/miseq_l_hero.yaml	5b70b2c289074bbc6340372f5b46ee4681c7b75bc4c36616f151f8f1d609088a	configuration	included	exact current configuration snapshot
config/runs/ecoli3_error/miseq_lordec.yaml	/home/work/wenhai/dadec/benchmark/config/runs/ecoli3_error/miseq_lordec.yaml	d99e3098edbf17554ebe327be8056b4cd17f8f813b4fd2945e85dd77b6654082	configuration	included	exact current configuration snapshot
config/runs/ecoli3_error/miseq_proovread.yaml	/home/work/wenhai/dadec/benchmark/config/runs/ecoli3_error/miseq_proovread.yaml	eba0c176e25ccdbc7623117bee892372ac67b7ff08d20035d03abda4fec47cf2	configuration	included	exact current configuration snapshot
config/runs/ecoli3_error/miseq_r_hero.yaml	/home/work/wenhai/dadec/benchmark/config/runs/ecoli3_error/miseq_r_hero.yaml	cd9c9b7c85a0681084dd1ac3c744e9eedc838cca37a79c953498cdb49eb7602d	configuration	included	exact current configuration snapshot
config/runs/ecoli3_error/miseq_ratatosk.yaml	/home/work/wenhai/dadec/benchmark/config/runs/ecoli3_error/miseq_ratatosk.yaml	fddd858db75d3f656168b1933dbee25121029d747da4ade751188b7db5a9bcce	configuration	included	exact current configuration snapshot
config/runs/ecoli3_error/nextseq_colormap.yaml	/home/work/wenhai/dadec/benchmark/config/runs/ecoli3_error/nextseq_colormap.yaml	1b94c034b4e9580e17b7e2180564599cb654d4d1486738a5230bd4c622143a1a	configuration	included	exact current configuration snapshot
config/runs/ecoli3_error/nextseq_dadec.yaml	/home/work/wenhai/dadec/benchmark/config/runs/ecoli3_error/nextseq_dadec.yaml	d2b160d1437fef8be6b0f55719cba339c87bddefad29ed35c94acfc5e50ec87a	configuration	included	exact current configuration snapshot
config/runs/ecoli3_error/nextseq_f_hero.yaml	/home/work/wenhai/dadec/benchmark/config/runs/ecoli3_error/nextseq_f_hero.yaml	d692690ecbcb2d462c4c06b571bf38bd14badc40585017c38c233f4ef6caceec	configuration	included	exact current configuration snapshot
config/runs/ecoli3_error/nextseq_fmlrc.yaml	/home/work/wenhai/dadec/benchmark/config/runs/ecoli3_error/nextseq_fmlrc.yaml	6ff7ec90ae9dec70305c393ff2d60d7b17288a174e363d301900713ae70d1e97	configuration	included	exact current configuration snapshot
config/runs/ecoli3_error/nextseq_l_hero.yaml	/home/work/wenhai/dadec/benchmark/config/runs/ecoli3_error/nextseq_l_hero.yaml	a17df3b0d385a6572fe3541150003373adcb42e09db71be71658c268cc0b94c8	configuration	included	exact current configuration snapshot
config/runs/ecoli3_error/nextseq_lordec.yaml	/home/work/wenhai/dadec/benchmark/config/runs/ecoli3_error/nextseq_lordec.yaml	04d4933274d50f65f8ffeef9cd495594bf4c614760e20a01acced601d4fb8e7d	configuration	included	exact current configuration snapshot
config/runs/ecoli3_error/nextseq_proovread.yaml	/home/work/wenhai/dadec/benchmark/config/runs/ecoli3_error/nextseq_proovread.yaml	0f47a1e77570154794bc03a6c29c0d2882ba5c3e50ce60f0673f9905aa0db338	configuration	included	exact current configuration snapshot
config/runs/ecoli3_error/nextseq_r_hero.yaml	/home/work/wenhai/dadec/benchmark/config/runs/ecoli3_error/nextseq_r_hero.yaml	adad5ab4f68eba7d53de3f713f43aac881e7e358d33eb73ccca893472dcce803	configuration	included	exact current configuration snapshot
config/runs/ecoli3_error/nextseq_ratatosk.yaml	/home/work/wenhai/dadec/benchmark/config/runs/ecoli3_error/nextseq_ratatosk.yaml	d77c4322562d1fa6d330f50c19403da1bb7411b619cd4bcc32d6bde277c7db63	configuration	included	exact current configuration snapshot
config/runs/ecoli3_error/novaseq_colormap.yaml	/home/work/wenhai/dadec/benchmark/config/runs/ecoli3_error/novaseq_colormap.yaml	3d433d6e5853593d8d9456085bfadc7395a3e64c65cce8781182eb6d6757e432	configuration	included	exact current configuration snapshot
config/runs/ecoli3_error/novaseq_dadec.yaml	/home/work/wenhai/dadec/benchmark/config/runs/ecoli3_error/novaseq_dadec.yaml	04a48d3da2a786afd2a459ee1b8fe61982581f676aac4a89ab2236f626af5da2	configuration	included	exact current configuration snapshot
config/runs/ecoli3_error/novaseq_f_hero.yaml	/home/work/wenhai/dadec/benchmark/config/runs/ecoli3_error/novaseq_f_hero.yaml	112b75f92e845bce10d25dcd95b939f45b13a2041f0d7ac0a8a6e48bdd47e294	configuration	included	exact current configuration snapshot
config/runs/ecoli3_error/novaseq_fmlrc.yaml	/home/work/wenhai/dadec/benchmark/config/runs/ecoli3_error/novaseq_fmlrc.yaml	e7c4b5caf3910675a8de6ee39804ea7b567ab0557ca9ad03481b875f95a2736b	configuration	included	exact current configuration snapshot
config/runs/ecoli3_error/novaseq_l_hero.yaml	/home/work/wenhai/dadec/benchmark/config/runs/ecoli3_error/novaseq_l_hero.yaml	9e2084b143a545ade3ed121bae2ed7d44219093344c053e9fe855d12b6007dd6	configuration	included	exact current configuration snapshot
config/runs/ecoli3_error/novaseq_lordec.yaml	/home/work/wenhai/dadec/benchmark/config/runs/ecoli3_error/novaseq_lordec.yaml	5eea81347325a5ff4d9dc5f905893308347474cfb819ea7c5a53f427936991c9	configuration	included	exact current configuration snapshot
config/runs/ecoli3_error/novaseq_proovread.yaml	/home/work/wenhai/dadec/benchmark/config/runs/ecoli3_error/novaseq_proovread.yaml	12cd36d2634f1a5c78e5139298d6274a7b12b4cec7fb5c025cca10f8e8d9a414	configuration	included	exact current configuration snapshot
config/runs/ecoli3_error/novaseq_r_hero.yaml	/home/work/wenhai/dadec/benchmark/config/runs/ecoli3_error/novaseq_r_hero.yaml	858b277ed00d748653fa44eeb66035bef3c2e92d874b4caac0d139e5899f5cd8	configuration	included	exact current configuration snapshot
config/runs/ecoli3_error/novaseq_ratatosk.yaml	/home/work/wenhai/dadec/benchmark/config/runs/ecoli3_error/novaseq_ratatosk.yaml	d7019e7f4756e21d51dbe62a04486756638afa74e99103c27d40ed3787ef2ff7	configuration	included	exact current configuration snapshot
config/runs/ecoli3_error_readcount/hiseq_colormap.yaml	/home/work/wenhai/dadec/benchmark/config/runs/ecoli3_error_readcount/hiseq_colormap.yaml	98a0f4f2242bb7289da56a154f38ed5d0092eb17e7be908567926b499d5e088a	configuration	included	exact current configuration snapshot
config/runs/ecoli3_error_readcount/hiseq_dadec.yaml	/home/work/wenhai/dadec/benchmark/config/runs/ecoli3_error_readcount/hiseq_dadec.yaml	28ba4da07ad3a476a0b86646e2c61ee18b219ff82a1dbd22dd9a4a0059f8cdcf	configuration	included	exact current configuration snapshot
config/runs/ecoli3_error_readcount/hiseq_f_hero.yaml	/home/work/wenhai/dadec/benchmark/config/runs/ecoli3_error_readcount/hiseq_f_hero.yaml	4c7cca39a3c2708825a0101ddc5c752c42da1ec1a9523db8eb58146f51ed086f	configuration	included	exact current configuration snapshot
config/runs/ecoli3_error_readcount/hiseq_fmlrc.yaml	/home/work/wenhai/dadec/benchmark/config/runs/ecoli3_error_readcount/hiseq_fmlrc.yaml	4d5a5476c004d6bf43e74249faa5e3aaa3f4a59a0208db4772f72b7116eb6538	configuration	included	exact current configuration snapshot
config/runs/ecoli3_error_readcount/hiseq_l_hero.yaml	/home/work/wenhai/dadec/benchmark/config/runs/ecoli3_error_readcount/hiseq_l_hero.yaml	5043f0fc0ddbf11e98fb1ecec614cb949928f923d4e93298a7f91f2e316115e2	configuration	included	exact current configuration snapshot
config/runs/ecoli3_error_readcount/hiseq_lordec.yaml	/home/work/wenhai/dadec/benchmark/config/runs/ecoli3_error_readcount/hiseq_lordec.yaml	ee15fecf4f06b3f4bc1033991cddd8c1a5ba73e21f3d63b36f9230e9fb6ab0af	configuration	included	exact current configuration snapshot
config/runs/ecoli3_error_readcount/hiseq_proovread.yaml	/home/work/wenhai/dadec/benchmark/config/runs/ecoli3_error_readcount/hiseq_proovread.yaml	9305ad8756b1576f597d9f1350185a91baa9d81f62a53313270da61083c83d4c	configuration	included	exact current configuration snapshot
config/runs/ecoli3_error_readcount/hiseq_r_hero.yaml	/home/work/wenhai/dadec/benchmark/config/runs/ecoli3_error_readcount/hiseq_r_hero.yaml	b6bf16f77fc16282bc246cee929f4cc2423e5b1f246d6c2c4a102073db93c813	configuration	included	exact current configuration snapshot
config/runs/ecoli3_error_readcount/hiseq_ratatosk.yaml	/home/work/wenhai/dadec/benchmark/config/runs/ecoli3_error_readcount/hiseq_ratatosk.yaml	b97be1b416ba0938cb9da60caeac4ea7cf234fe337ac38f061ed11dc1a34f9f4	configuration	included	exact current configuration snapshot
config/runs/ecoli3_error_readcount/miseq_colormap.yaml	/home/work/wenhai/dadec/benchmark/config/runs/ecoli3_error_readcount/miseq_colormap.yaml	7062b39f4327be41a584d526c6491c471b56bcfa0d92134e9c8f7a3aed29d5cd	configuration	included	exact current configuration snapshot
config/runs/ecoli3_error_readcount/miseq_dadec.yaml	/home/work/wenhai/dadec/benchmark/config/runs/ecoli3_error_readcount/miseq_dadec.yaml	042ac4645c5dc662ed60433aed0e06fea0381a1809ca4aa06f9b079e54a8ed11	configuration	included	exact current configuration snapshot
config/runs/ecoli3_error_readcount/miseq_f_hero.yaml	/home/work/wenhai/dadec/benchmark/config/runs/ecoli3_error_readcount/miseq_f_hero.yaml	891421208488370e39d5cae1374d24233d2d8a973b877f7a9b109ad92ac4f4b8	configuration	included	exact current configuration snapshot
config/runs/ecoli3_error_readcount/miseq_fmlrc.yaml	/home/work/wenhai/dadec/benchmark/config/runs/ecoli3_error_readcount/miseq_fmlrc.yaml	a2f80c3cbcc253ee0327bf3afcfaa5760900c6b760265034b8f0538f45ffe1ed	configuration	included	exact current configuration snapshot
config/runs/ecoli3_error_readcount/miseq_l_hero.yaml	/home/work/wenhai/dadec/benchmark/config/runs/ecoli3_error_readcount/miseq_l_hero.yaml	cc2c2a03ee692d41a1d5eb050a915e791af696527820fc3fe52ffe61c8bdcfe2	configuration	included	exact current configuration snapshot
config/runs/ecoli3_error_readcount/miseq_lordec.yaml	/home/work/wenhai/dadec/benchmark/config/runs/ecoli3_error_readcount/miseq_lordec.yaml	e39d0e4e034826730b7bb0e77ed2a2e814fe63b6dd66b5140526950a3682d8ef	configuration	included	exact current configuration snapshot
config/runs/ecoli3_error_readcount/miseq_proovread.yaml	/home/work/wenhai/dadec/benchmark/config/runs/ecoli3_error_readcount/miseq_proovread.yaml	f4136befaba86deca9d1f82385a7ec0dbd8897b2cc5372031c6f26a07eef331f	configuration	included	exact current configuration snapshot
config/runs/ecoli3_error_readcount/miseq_r_hero.yaml	/home/work/wenhai/dadec/benchmark/config/runs/ecoli3_error_readcount/miseq_r_hero.yaml	f6352436c76c87dfe28c559d8cc7b7beda38fa7e521b8cd980d081f40d9c268e	configuration	included	exact current configuration snapshot
config/runs/ecoli3_error_readcount/miseq_ratatosk.yaml	/home/work/wenhai/dadec/benchmark/config/runs/ecoli3_error_readcount/miseq_ratatosk.yaml	42e38c97342db601d4d11d4806f86d4565849456fb0da373773942f4fdbe926a	configuration	included	exact current configuration snapshot
config/runs/ecoli3_error_readcount/nextseq_colormap.yaml	/home/work/wenhai/dadec/benchmark/config/runs/ecoli3_error_readcount/nextseq_colormap.yaml	cc0c1ce015d90abb429b06bbce9f54aa266ec25025d88eb4f4ac4957331611a9	configuration	included	exact current configuration snapshot
config/runs/ecoli3_error_readcount/nextseq_dadec.yaml	/home/work/wenhai/dadec/benchmark/config/runs/ecoli3_error_readcount/nextseq_dadec.yaml	4c5d59787005ed78e3639c3e5cb0b70fd304a4c3fef06872db5f24407ff73218	configuration	included	exact current configuration snapshot
config/runs/ecoli3_error_readcount/nextseq_f_hero.yaml	/home/work/wenhai/dadec/benchmark/config/runs/ecoli3_error_readcount/nextseq_f_hero.yaml	778c828e6e16aaef8bcfb7e761689c84fd4a2a892207520bd80973a526d43571	configuration	included	exact current configuration snapshot
config/runs/ecoli3_error_readcount/nextseq_fmlrc.yaml	/home/work/wenhai/dadec/benchmark/config/runs/ecoli3_error_readcount/nextseq_fmlrc.yaml	52bba06ea31c545f1ab70fe73d8295ebfb31ee3759ddea6a5d2b23c5de2b3db7	configuration	included	exact current configuration snapshot
config/runs/ecoli3_error_readcount/nextseq_l_hero.yaml	/home/work/wenhai/dadec/benchmark/config/runs/ecoli3_error_readcount/nextseq_l_hero.yaml	0dc5d8d7f5898eb7789deeb3134c6a92dcacc515da8b405865d3d013d4dc3014	configuration	included	exact current configuration snapshot
config/runs/ecoli3_error_readcount/nextseq_lordec.yaml	/home/work/wenhai/dadec/benchmark/config/runs/ecoli3_error_readcount/nextseq_lordec.yaml	b401cc9558942cef3becd335a549d5ef20452e5011f1e5b0addb1efec6c57536	configuration	included	exact current configuration snapshot
config/runs/ecoli3_error_readcount/nextseq_proovread.yaml	/home/work/wenhai/dadec/benchmark/config/runs/ecoli3_error_readcount/nextseq_proovread.yaml	f1a5e9896ace5f71f0d1530f91752e4f041c39314ef3c81a186201d579e24330	configuration	included	exact current configuration snapshot
config/runs/ecoli3_error_readcount/nextseq_r_hero.yaml	/home/work/wenhai/dadec/benchmark/config/runs/ecoli3_error_readcount/nextseq_r_hero.yaml	ed957e71e336abee8c2c46f1f9612c5ca41ebe19057be5a72af7e21157ac63fa	configuration	included	exact current configuration snapshot
config/runs/ecoli3_error_readcount/nextseq_ratatosk.yaml	/home/work/wenhai/dadec/benchmark/config/runs/ecoli3_error_readcount/nextseq_ratatosk.yaml	f45a2df52605cd3c12c6ba38cdf5e3c69eaf4207933c30f037d94007f2e95800	configuration	included	exact current configuration snapshot
config/runs/ecoli3_error_readcount/novaseq_colormap.yaml	/home/work/wenhai/dadec/benchmark/config/runs/ecoli3_error_readcount/novaseq_colormap.yaml	0c518a185d88c76076ed5622412bdfb617e60730fee6fb2ba413aea9163dd214	configuration	included	exact current configuration snapshot
config/runs/ecoli3_error_readcount/novaseq_dadec.yaml	/home/work/wenhai/dadec/benchmark/config/runs/ecoli3_error_readcount/novaseq_dadec.yaml	6bc6d446b225b654b4cef893f983d2bea7b9878ecb001575100f3b11773cf0ed	configuration	included	exact current configuration snapshot
config/runs/ecoli3_error_readcount/novaseq_f_hero.yaml	/home/work/wenhai/dadec/benchmark/config/runs/ecoli3_error_readcount/novaseq_f_hero.yaml	e71913de8c7cff3090ac3e09d596d3d1d1ba805295f0356a2387a0c714dd8024	configuration	included	exact current configuration snapshot
config/runs/ecoli3_error_readcount/novaseq_fmlrc.yaml	/home/work/wenhai/dadec/benchmark/config/runs/ecoli3_error_readcount/novaseq_fmlrc.yaml	903c48f4ccfd0ee1e3dc40dd40dcee1d77ee99e253d44d56f7c7ac1de7d364d0	configuration	included	exact current configuration snapshot
config/runs/ecoli3_error_readcount/novaseq_l_hero.yaml	/home/work/wenhai/dadec/benchmark/config/runs/ecoli3_error_readcount/novaseq_l_hero.yaml	208adb6a51511e43b480702c957f88b7adc04b82e57d947bae6e4c35778b8064	configuration	included	exact current configuration snapshot
config/runs/ecoli3_error_readcount/novaseq_lordec.yaml	/home/work/wenhai/dadec/benchmark/config/runs/ecoli3_error_readcount/novaseq_lordec.yaml	350f16b9312a07afae88ec02eaefb504a10df8bfaca083c0bc433db13e482d06	configuration	included	exact current configuration snapshot
config/runs/ecoli3_error_readcount/novaseq_proovread.yaml	/home/work/wenhai/dadec/benchmark/config/runs/ecoli3_error_readcount/novaseq_proovread.yaml	46c6fd9afa4613e444452d05ba459d91ac8ba74a538e95534ed2066109b7c682	configuration	included	exact current configuration snapshot
config/runs/ecoli3_error_readcount/novaseq_r_hero.yaml	/home/work/wenhai/dadec/benchmark/config/runs/ecoli3_error_readcount/novaseq_r_hero.yaml	4cd2282b5b903fd889e7b5ff5443acf45fdff21ea96eedb0dd2fa03ce41f2aab	configuration	included	exact current configuration snapshot
config/runs/ecoli3_error_readcount/novaseq_ratatosk.yaml	/home/work/wenhai/dadec/benchmark/config/runs/ecoli3_error_readcount/novaseq_ratatosk.yaml	3b0c3e469c7fc4fb9156121fad4b38e89d092dbdd37e8ac54c9a65d41411fff4	configuration	included	exact current configuration snapshot
config/runs/ecoli_error/hiseq_colormap.yaml	/home/work/wenhai/dadec/benchmark/config/runs/ecoli_error/hiseq_colormap.yaml	aca2d348f47a5a0cfc60747dd71ae98803316711370e0fc76151a49de9ee684b	configuration	included	exact current configuration snapshot
config/runs/ecoli_error/hiseq_dadec.yaml	/home/work/wenhai/dadec/benchmark/config/runs/ecoli_error/hiseq_dadec.yaml	b1df265a8457d09e9f83c55659db2517859444938bed73b67faabe36fe810ec7	configuration	included	exact current configuration snapshot
config/runs/ecoli_error/hiseq_f_hero.yaml	/home/work/wenhai/dadec/benchmark/config/runs/ecoli_error/hiseq_f_hero.yaml	08124778835f1268ba8efcd8f89717a6e7842603e6685ac181291b401857d503	configuration	included	exact current configuration snapshot
config/runs/ecoli_error/hiseq_fmlrc.yaml	/home/work/wenhai/dadec/benchmark/config/runs/ecoli_error/hiseq_fmlrc.yaml	9de63e8f9ad71d968675a2f6568a88427e3c4ea5aeaa4439800d5009b0c56725	configuration	included	exact current configuration snapshot
config/runs/ecoli_error/hiseq_l_hero.yaml	/home/work/wenhai/dadec/benchmark/config/runs/ecoli_error/hiseq_l_hero.yaml	c41f263a40f9d251e2e0c1134a80d2680f36492663e2735565e7280323cf4e4f	configuration	included	exact current configuration snapshot
config/runs/ecoli_error/hiseq_lordec.yaml	/home/work/wenhai/dadec/benchmark/config/runs/ecoli_error/hiseq_lordec.yaml	4385b863ce93388721e47087fc1be32ed0a7d38a34c763958045955bb4f53bb4	configuration	included	exact current configuration snapshot
config/runs/ecoli_error/hiseq_proovread.yaml	/home/work/wenhai/dadec/benchmark/config/runs/ecoli_error/hiseq_proovread.yaml	e872fc8765ca21799f8223dd431460b05c342b06d3d5392610b8a4a06581a755	configuration	included	exact current configuration snapshot
config/runs/ecoli_error/hiseq_r_hero.yaml	/home/work/wenhai/dadec/benchmark/config/runs/ecoli_error/hiseq_r_hero.yaml	57bc7c71962b5bdd2a1900231bd8d4a94545d98675db22562e37f0878378bf09	configuration	included	exact current configuration snapshot
config/runs/ecoli_error/hiseq_ratatosk.yaml	/home/work/wenhai/dadec/benchmark/config/runs/ecoli_error/hiseq_ratatosk.yaml	16d2fd4b28cf477b8c9e005edfcc67e5271e7caa5aa751c3dd68d1580121e6b4	configuration	included	exact current configuration snapshot
config/runs/ecoli_error/miseq_colormap.yaml	/home/work/wenhai/dadec/benchmark/config/runs/ecoli_error/miseq_colormap.yaml	1ff6d2a79cb94e53018047122097a63fcb150ee52d80078285aacfc2b4c87616	configuration	included	exact current configuration snapshot
config/runs/ecoli_error/miseq_dadec.yaml	/home/work/wenhai/dadec/benchmark/config/runs/ecoli_error/miseq_dadec.yaml	ca824135a83346b52e88756a990c768b190eb3dc9d4d8eaf2f3bdc0ff5fb5f71	configuration	included	exact current configuration snapshot
config/runs/ecoli_error/miseq_f_hero.yaml	/home/work/wenhai/dadec/benchmark/config/runs/ecoli_error/miseq_f_hero.yaml	cd77b2782d44bf7120bb0ca5a567b81ff7fb2bec8bcf3fe11e21bf03d406563d	configuration	included	exact current configuration snapshot
config/runs/ecoli_error/miseq_fmlrc.yaml	/home/work/wenhai/dadec/benchmark/config/runs/ecoli_error/miseq_fmlrc.yaml	0ba496c84184738c0f603458dfa97ed8f7ddd95f2daba2bdd0a1881a4d9c6bb1	configuration	included	exact current configuration snapshot
config/runs/ecoli_error/miseq_l_hero.yaml	/home/work/wenhai/dadec/benchmark/config/runs/ecoli_error/miseq_l_hero.yaml	7939e65d7737dca83cf2ccb879fd4777962c47cba9c4ba56ea0c75e7989207a2	configuration	included	exact current configuration snapshot
config/runs/ecoli_error/miseq_lordec.yaml	/home/work/wenhai/dadec/benchmark/config/runs/ecoli_error/miseq_lordec.yaml	de733e99d680654add38eb2568d48397d2a6f9725c9d2a7d8191dfc7bb946632	configuration	included	exact current configuration snapshot
config/runs/ecoli_error/miseq_proovread.yaml	/home/work/wenhai/dadec/benchmark/config/runs/ecoli_error/miseq_proovread.yaml	a70e1ce4f8ee370df8a8f1d1c0e919c94a9e8b9e83b87041de0886a0e8f3d0af	configuration	included	exact current configuration snapshot
config/runs/ecoli_error/miseq_r_hero.yaml	/home/work/wenhai/dadec/benchmark/config/runs/ecoli_error/miseq_r_hero.yaml	d1e4eb6973a2719081a959a9370e248ca8eb2a62952c64afe4e993d8b73661a3	configuration	included	exact current configuration snapshot
config/runs/ecoli_error/miseq_ratatosk.yaml	/home/work/wenhai/dadec/benchmark/config/runs/ecoli_error/miseq_ratatosk.yaml	8c62528ed25b239a7141c68997451c86f0cb6c6987b077f1fb03aac680ba4509	configuration	included	exact current configuration snapshot
config/runs/ecoli_error/nextseq_colormap.yaml	/home/work/wenhai/dadec/benchmark/config/runs/ecoli_error/nextseq_colormap.yaml	cbd40cba7c272f41bb32ff04dba80438405df950421683da5eb69ed6e0403681	configuration	included	exact current configuration snapshot
config/runs/ecoli_error/nextseq_dadec.yaml	/home/work/wenhai/dadec/benchmark/config/runs/ecoli_error/nextseq_dadec.yaml	9caa6f23ec154e8b5d5b7935374862a213254bd1b13d5936e1e4e5283e4d1e52	configuration	included	exact current configuration snapshot
config/runs/ecoli_error/nextseq_f_hero.yaml	/home/work/wenhai/dadec/benchmark/config/runs/ecoli_error/nextseq_f_hero.yaml	96d1526928ff229e0a9c05aea67481d665633ec541f604f5941d280f84008fe5	configuration	included	exact current configuration snapshot
config/runs/ecoli_error/nextseq_fmlrc.yaml	/home/work/wenhai/dadec/benchmark/config/runs/ecoli_error/nextseq_fmlrc.yaml	f666859b1b4684ec8855625d906e920df632a87c8f28e8e7a890127ef5b6a7d9	configuration	included	exact current configuration snapshot
config/runs/ecoli_error/nextseq_l_hero.yaml	/home/work/wenhai/dadec/benchmark/config/runs/ecoli_error/nextseq_l_hero.yaml	15561853198287fb458ceb73ee23305f1d44f28133977867f5d4870ccf1a0535	configuration	included	exact current configuration snapshot
config/runs/ecoli_error/nextseq_lordec.yaml	/home/work/wenhai/dadec/benchmark/config/runs/ecoli_error/nextseq_lordec.yaml	f159b24e62a7c5faf3bf94bac4f4f7ce84fe0ab76b617bbe94be92cdb6824976	configuration	included	exact current configuration snapshot
config/runs/ecoli_error/nextseq_proovread.yaml	/home/work/wenhai/dadec/benchmark/config/runs/ecoli_error/nextseq_proovread.yaml	f47b037b5ffd98a067ae8fbb1d89a5c266e7aa5bfa4c24ef1c22854ab59b1e5b	configuration	included	exact current configuration snapshot
config/runs/ecoli_error/nextseq_r_hero.yaml	/home/work/wenhai/dadec/benchmark/config/runs/ecoli_error/nextseq_r_hero.yaml	5b365a38df887a3a5a8600b67203f39b75a759e09c12d2306d0eb4824e45bd22	configuration	included	exact current configuration snapshot
config/runs/ecoli_error/nextseq_ratatosk.yaml	/home/work/wenhai/dadec/benchmark/config/runs/ecoli_error/nextseq_ratatosk.yaml	88a4ac77c46fc4f5143a2b65e5e011ea6399fe082a853b1f8228a19a85227869	configuration	included	exact current configuration snapshot
config/runs/ecoli_error/novaseq_colormap.yaml	/home/work/wenhai/dadec/benchmark/config/runs/ecoli_error/novaseq_colormap.yaml	ab2d0fe48237a9981561710e2f53540c552baee532007acb80aec345d982f11e	configuration	included	exact current configuration snapshot
config/runs/ecoli_error/novaseq_dadec.yaml	/home/work/wenhai/dadec/benchmark/config/runs/ecoli_error/novaseq_dadec.yaml	f5d7a57054cb7884a40b6c28bb496d065f94fd03cd3ea710ae77d1a0e1295c44	configuration	included	exact current configuration snapshot
config/runs/ecoli_error/novaseq_f_hero.yaml	/home/work/wenhai/dadec/benchmark/config/runs/ecoli_error/novaseq_f_hero.yaml	a56caa925077c13d16fbcbd4712ccf28accf9498c95989d23c9738b0897ffa92	configuration	included	exact current configuration snapshot
config/runs/ecoli_error/novaseq_fmlrc.yaml	/home/work/wenhai/dadec/benchmark/config/runs/ecoli_error/novaseq_fmlrc.yaml	a254c17fdc0182e43357b3ef5c4755893398b0db6c13089d147a942802a462af	configuration	included	exact current configuration snapshot
config/runs/ecoli_error/novaseq_l_hero.yaml	/home/work/wenhai/dadec/benchmark/config/runs/ecoli_error/novaseq_l_hero.yaml	94549a6c53988fc6a4a4c4a851b559cea28689fcfd144db4e76fdb19795315b4	configuration	included	exact current configuration snapshot
config/runs/ecoli_error/novaseq_lordec.yaml	/home/work/wenhai/dadec/benchmark/config/runs/ecoli_error/novaseq_lordec.yaml	40e626b224a0c81e5a39884451e8a957fc66a3b3c4164085aca294bcfb0943e8	configuration	included	exact current configuration snapshot
config/runs/ecoli_error/novaseq_proovread.yaml	/home/work/wenhai/dadec/benchmark/config/runs/ecoli_error/novaseq_proovread.yaml	b76aca9aeb6db369a96dc0d68395e094fa231790c252fb3e0626a5ca4f6b095e	configuration	included	exact current configuration snapshot
config/runs/ecoli_error/novaseq_r_hero.yaml	/home/work/wenhai/dadec/benchmark/config/runs/ecoli_error/novaseq_r_hero.yaml	2f081d79eac81e27ffd704a07347a8f3d1d7b91bfbbdf29eef55d7abec341e99	configuration	included	exact current configuration snapshot
config/runs/ecoli_error/novaseq_ratatosk.yaml	/home/work/wenhai/dadec/benchmark/config/runs/ecoli_error/novaseq_ratatosk.yaml	c4d39a94f347835cd925b51fc67af6878aa94f236a4e92a445a8df58c34daf39	configuration	included	exact current configuration snapshot
config/runs/mhc_ont/50x_colormap.yaml	/home/work/wenhai/dadec/benchmark/config/runs/mhc_ont/50x_colormap.yaml	c99605f610b41800c07fec397b530e0b0d478c4da642b60fb0c3387b63036d42	configuration	included	exact current configuration snapshot
config/runs/mhc_ont/50x_dadec.yaml	/home/work/wenhai/dadec/benchmark/config/runs/mhc_ont/50x_dadec.yaml	464e82536e3c6ef4835ddecbd04601b7f1c8b9f2832a4f4ba237fce48c7b57f9	configuration	included	exact current configuration snapshot
config/runs/mhc_ont/50x_f_hero.yaml	/home/work/wenhai/dadec/benchmark/config/runs/mhc_ont/50x_f_hero.yaml	df480d9eb2588de7c5be28233e6616a519f3520daf7fe3988456e7e47684670e	configuration	included	exact current configuration snapshot
config/runs/mhc_ont/50x_fmlrc.yaml	/home/work/wenhai/dadec/benchmark/config/runs/mhc_ont/50x_fmlrc.yaml	5290452d8a632082e39ee0483b2394d0ee113e812383dee443b335b2cd87428f	configuration	included	exact current configuration snapshot
config/runs/mhc_ont/50x_l_hero.yaml	/home/work/wenhai/dadec/benchmark/config/runs/mhc_ont/50x_l_hero.yaml	959211fac210af1944adf68edc9c9bd945193abdb9552b62c2e959b4666829f4	configuration	included	exact current configuration snapshot
config/runs/mhc_ont/50x_lordec.yaml	/home/work/wenhai/dadec/benchmark/config/runs/mhc_ont/50x_lordec.yaml	fec01b7fc675954db7e90a06deeb22ded3aac4d69926274e849631a1a6fd9eee	configuration	included	exact current configuration snapshot
config/runs/mhc_ont/50x_proovread.yaml	/home/work/wenhai/dadec/benchmark/config/runs/mhc_ont/50x_proovread.yaml	d1578a1b223cf372cdc259884c60dd82b32dbdb1ac84ed513c9c89c046f5c7c8	configuration	included	exact current configuration snapshot
config/runs/mhc_ont/50x_r_hero.yaml	/home/work/wenhai/dadec/benchmark/config/runs/mhc_ont/50x_r_hero.yaml	ddf2490d8e1d76a1ceea748c14a7bcb97b50d06d54104b548ee6430ef84a9ec5	configuration	included	exact current configuration snapshot
config/runs/mhc_ont/50x_ratatosk.yaml	/home/work/wenhai/dadec/benchmark/config/runs/mhc_ont/50x_ratatosk.yaml	a6661e639ad006dae42813210f92209c267d8d7219df5304e610c0df2919da60	configuration	included	exact current configuration snapshot
config/runs/mhc_pac/50x_colormap.yaml	/home/work/wenhai/dadec/benchmark/config/runs/mhc_pac/50x_colormap.yaml	aa69e99433616d73bb1bdb88d4c733bb770679608ea630830ac809663b4286b5	configuration	included	exact current configuration snapshot
config/runs/mhc_pac/50x_dadec.yaml	/home/work/wenhai/dadec/benchmark/config/runs/mhc_pac/50x_dadec.yaml	d29cdc6b15c9f119b5796a753a6e6fdcf7eebc8860e2485f88098ce31b28d06b	configuration	included	exact current configuration snapshot
config/runs/mhc_pac/50x_f_hero.yaml	/home/work/wenhai/dadec/benchmark/config/runs/mhc_pac/50x_f_hero.yaml	a91269bae1b4ba2ac500db0215c9df4b84ada2dcf5906253e897970d445380c9	configuration	included	exact current configuration snapshot
config/runs/mhc_pac/50x_fmlrc.yaml	/home/work/wenhai/dadec/benchmark/config/runs/mhc_pac/50x_fmlrc.yaml	5ae5e2fdbb0d83af24dbae3e231ed195038cd93f949d0923fd15f0ac140b8f09	configuration	included	exact current configuration snapshot
config/runs/mhc_pac/50x_l_hero.yaml	/home/work/wenhai/dadec/benchmark/config/runs/mhc_pac/50x_l_hero.yaml	7e23a5f938429fcf4415457e8e2db7d9b345453cbdf9b049b3660c235eb1ea06	configuration	included	exact current configuration snapshot
config/runs/mhc_pac/50x_lordec.yaml	/home/work/wenhai/dadec/benchmark/config/runs/mhc_pac/50x_lordec.yaml	5a6fb2fbe328e195dee8a190d7b45d04baebdee84c7c519baf9d1b944a7c9d65	configuration	included	exact current configuration snapshot
config/runs/mhc_pac/50x_proovread.yaml	/home/work/wenhai/dadec/benchmark/config/runs/mhc_pac/50x_proovread.yaml	5ad4882165e5de10d5713d70148f6230ddf0e3372ce6cf1233461fd313133756	configuration	included	exact current configuration snapshot
config/runs/mhc_pac/50x_r_hero.yaml	/home/work/wenhai/dadec/benchmark/config/runs/mhc_pac/50x_r_hero.yaml	a8e333a7f357c7d07de4ca5af1ae1296fdd70c562f30e402c7bae241c6ad3c77	configuration	included	exact current configuration snapshot
config/runs/mhc_pac/50x_ratatosk.yaml	/home/work/wenhai/dadec/benchmark/config/runs/mhc_pac/50x_ratatosk.yaml	b6b6a910272a9c60f99f87d58100c66e30adfb2cebf48f5d12eb2a5d0691a7aa	configuration	included	exact current configuration snapshot
config/runs/zymo/10pct_colormap.yaml	/home/work/wenhai/dadec/benchmark/config/runs/zymo/10pct_colormap.yaml	cd8d7d62401a05df5c24ed9d3177ef25ada69c2ae75733c0597ada2f0b67096f	configuration	included	exact current configuration snapshot
config/runs/zymo/10pct_dadec.yaml	/home/work/wenhai/dadec/benchmark/config/runs/zymo/10pct_dadec.yaml	90f1b9c59e6a89cfc47f834de5102672bec3e6e748da526e9a8b5ab54d1bc2c1	configuration	included	exact current configuration snapshot
config/runs/zymo/10pct_dechat.yaml	/home/work/wenhai/dadec/benchmark/config/runs/zymo/10pct_dechat.yaml	5f26560296e3370293ac8730b125cb62afd1d3b6d91e626280c5326230ab687c	configuration	included	exact current configuration snapshot
config/runs/zymo/10pct_f_hero.yaml	/home/work/wenhai/dadec/benchmark/config/runs/zymo/10pct_f_hero.yaml	6dab565bbf7f535a228dd92b513e735ee4e8c27a85837c6b770345dea47c9afc	configuration	included	exact current configuration snapshot
config/runs/zymo/10pct_fmlrc.yaml	/home/work/wenhai/dadec/benchmark/config/runs/zymo/10pct_fmlrc.yaml	d10cbd08531088a86f2b1958392d21f3be4f31a9bb4b4feb3fc884a08a76a4eb	configuration	included	exact current configuration snapshot
config/runs/zymo/10pct_l_hero.yaml	/home/work/wenhai/dadec/benchmark/config/runs/zymo/10pct_l_hero.yaml	0fe6875ece708f243a6e7573fcf66d85ae6944b9de168b02e045131fc9d6bc4b	configuration	included	exact current configuration snapshot
config/runs/zymo/10pct_lordec.yaml	/home/work/wenhai/dadec/benchmark/config/runs/zymo/10pct_lordec.yaml	557e5f8002125a35d0601226ec56a52f6789d93664c854fc0967d2fa39ae9424	configuration	included	exact current configuration snapshot
config/runs/zymo/10pct_proovread.yaml	/home/work/wenhai/dadec/benchmark/config/runs/zymo/10pct_proovread.yaml	0c76316149ff64f91fb122fe72ca701ac634c6beaaf954449c195926287561cf	configuration	included	exact current configuration snapshot
config/runs/zymo/10pct_r_hero.yaml	/home/work/wenhai/dadec/benchmark/config/runs/zymo/10pct_r_hero.yaml	7d4f6bd15a268840f2c0fc7c54e90e89e532762ec10115d929a13c429774362e	configuration	included	exact current configuration snapshot
config/runs/zymo/10pct_ratatosk.yaml	/home/work/wenhai/dadec/benchmark/config/runs/zymo/10pct_ratatosk.yaml	04aa28c873e3f7994205f7b3ada804dc9d5a80868e025ec41dda41f8bc456edb	configuration	included	exact current configuration snapshot
config/runs/zymo/10pct_vechat.yaml	/home/work/wenhai/dadec/benchmark/config/runs/zymo/10pct_vechat.yaml	0dec1694c74c8ec899c62cae300cfff16affb091db0518d16a38438d2582a33e	configuration	included	exact current configuration snapshot
config/runs/zymo/20pct_dadec.yaml	/home/work/wenhai/dadec/benchmark/config/runs/zymo/20pct_dadec.yaml	86059c448559f222c2add5c50503f668a2afd83c6d4e3db1a9184b8596594983	configuration	included	exact current configuration snapshot
config/runs/zymo/20pct_dechat.yaml	/home/work/wenhai/dadec/benchmark/config/runs/zymo/20pct_dechat.yaml	cf0e3953570d8e96374deed9eda495c82f4bc110df0c63a8c707149bf010f551	configuration	included	exact current configuration snapshot
config/runs/zymo/20pct_vechat.yaml	/home/work/wenhai/dadec/benchmark/config/runs/zymo/20pct_vechat.yaml	68facf582364213d34a96b3dc1ccc776adceea53a67d752c2b0130b5392639f9	configuration	included	exact current configuration snapshot
config/runs/zymo/30pct_dadec.yaml	/home/work/wenhai/dadec/benchmark/config/runs/zymo/30pct_dadec.yaml	944199c2d0e367d79dc1e01a7d0e3b5fb3822ee633c0088a70f6fae58a1f9929	configuration	included	exact current configuration snapshot
config/runs/zymo/30pct_dechat.yaml	/home/work/wenhai/dadec/benchmark/config/runs/zymo/30pct_dechat.yaml	73ceca3e5636b40223fbbf75b0cacb199377d7afb0ab41903d11440812634468	configuration	included	exact current configuration snapshot
config/runs/zymo/30pct_vechat.yaml	/home/work/wenhai/dadec/benchmark/config/runs/zymo/30pct_vechat.yaml	076843fabbc0f8a7e557e1f55f77be79a7aa8c3484acf59e78a24d316113af7f	configuration	included	exact current configuration snapshot
config/runs/zymo/40pct_dadec.yaml	/home/work/wenhai/dadec/benchmark/config/runs/zymo/40pct_dadec.yaml	218169d58a187173ae9e5fb202af8cea70b353dae5e24446abaf060ef15f0fb6	configuration	included	exact current configuration snapshot
config/runs/zymo/40pct_dechat.yaml	/home/work/wenhai/dadec/benchmark/config/runs/zymo/40pct_dechat.yaml	f1fbeb10b0852b1655019bb1915a3174935bc0eac410b7f833399ded4c027530	configuration	included	exact current configuration snapshot
config/runs/zymo/40pct_vechat.yaml	/home/work/wenhai/dadec/benchmark/config/runs/zymo/40pct_vechat.yaml	faa378e9ba799dae5494a71455f3710e9fb427181643a27ef20c79ddeb36013d	configuration	included	exact current configuration snapshot
config/runs/zymo/5pct_dadec.yaml	/home/work/wenhai/dadec/benchmark/config/runs/zymo/5pct_dadec.yaml	0e0b84033a385b00082e948feb14f3302195fd05270216acf02aef304a109fb7	configuration	included	exact current configuration snapshot
config/runs/zymo/5pct_dechat.yaml	/home/work/wenhai/dadec/benchmark/config/runs/zymo/5pct_dechat.yaml	e2059b839c143fd25f50eded8d681396c391dfdd185260d5936021ae414794a7	configuration	included	exact current configuration snapshot
config/runs/zymo/5pct_vechat.yaml	/home/work/wenhai/dadec/benchmark/config/runs/zymo/5pct_vechat.yaml	7cfbf3b99d2551febaad077a416dc1ed6fdff3100e361f4f273cd02f5472ea68	configuration	included	exact current configuration snapshot
workflow/legacy_final_result/100strains/100_cor/100_gra_msa.sh	/home/yczhang/zyc/final_result/100strains/100_cor/100_gra_msa.sh	d660e1d760bdd8c4ba9a2df3b9f6481529f1a45d379e02dda6ec777807396d20	benchmark_or_method	included	compact historical script for a manuscript dataset
workflow/legacy_final_result/100strains/100_cor/100_other_method.sh	/home/yczhang/zyc/final_result/100strains/100_cor/100_other_method.sh	15eb9c62c683245f17b035a5061c8dc3543b09200035e5b5cfe4bf19b8886df5	benchmark_or_method	included	compact historical script for a manuscript dataset
workflow/legacy_final_result/100strains/100_cor/quast.sh	/home/yczhang/zyc/final_result/100strains/100_cor/quast.sh	c43ef40e494350ae87508ceef59d3a4b6dfe53a300932849c3d0fadc5ff11222	evaluation	included	compact historical script for a manuscript dataset
workflow/legacy_final_result/100strains/data/100art_config.ini	/home/yczhang/zyc/final_result/100strains/data/100art_config.ini	78b5beb2d7ab93b799426269674e96d93bb46ff1082aae7ef824c15535f2134b	data_or_simulation	included	compact historical script for a manuscript dataset
workflow/legacy_final_result/100strains/data/100pbsim_config.ini	/home/yczhang/zyc/final_result/100strains/data/100pbsim_config.ini	38fba76d217b290da076bb537303f7e6b25ba9799c0ee5c9eee41e097d04aaf5	data_or_simulation	included	compact historical script for a manuscript dataset
workflow/legacy_final_result/100strains/data/data.sh	/home/yczhang/zyc/final_result/100strains/data/data.sh	b962897b40228652c22ff5b69f8228fa2567c854f98d41b839c9bb835b476d5b	data_or_simulation	included	compact historical script for a manuscript dataset
workflow/legacy_final_result/100strains/data/long/config.ini	/home/yczhang/zyc/final_result/100strains/data/long/config.ini	108a93bdbc8ae810ba7b2c4638b1eef80ff32ac55de0eba2e6a4169700e9023e	data_or_simulation	included	compact historical script for a manuscript dataset
workflow/legacy_final_result/100strains/data/pipei.py	/home/yczhang/zyc/final_result/100strains/data/pipei.py	ea77ff7138128a40316ce3f48655f7f99c188ec1a157a9201065a636e8fb2d18	benchmark_or_method	included	compact historical script for a manuscript dataset
workflow/legacy_final_result/100strains/data/ref/ref/download.sh	/home/yczhang/zyc/final_result/100strains/data/ref/ref/download.sh	7632ec395e9fc4806b994640de90f0154ba86098d446d78e71db7e575e137bd6	data_or_simulation	included	compact historical script for a manuscript dataset
workflow/legacy_final_result/100strains/data/short/config.ini	/home/yczhang/zyc/final_result/100strains/data/short/config.ini	bd4e98003d800e9d4a351d7f545236b2f0b6bb4e7884a3b4b604d3aff73d07f4	data_or_simulation	included	compact historical script for a manuscript dataset
workflow/legacy_final_result/100strains/data/taxid.py	/home/yczhang/zyc/final_result/100strains/data/taxid.py	e06effd15f1060ce621b75d6a41e50855716cf69a91c9967176022300f8bbcb8	benchmark_or_method	included	compact historical script for a manuscript dataset
workflow/legacy_final_result/30strains/30_cor/10x/30gra_msa.sh	/home/yczhang/zyc/final_result/30strains/30_cor/10x/30gra_msa.sh	e3d61ae0624c472a0067347289320ac6948855fbe4a322f0d413a15a2cd339da	benchmark_or_method	included	compact historical script for a manuscript dataset
workflow/legacy_final_result/30strains/30_cor/10x/30other_method.sh	/home/yczhang/zyc/final_result/30strains/30_cor/10x/30other_method.sh	410cc9d5346bdcfda8edb8a73a2bf7f655cb5ec768485ce33765d9766fc5bfc8	benchmark_or_method	included	compact historical script for a manuscript dataset
workflow/legacy_final_result/30strains/30_cor/10x/quast.sh	/home/yczhang/zyc/final_result/30strains/30_cor/10x/quast.sh	92a194396fd5b88c0f712d71776db63b5a42f72056eba63df16fb70ec0328182	evaluation	included	compact historical script for a manuscript dataset
workflow/legacy_final_result/30strains/30_cor/20x/30gra_msa.sh	/home/yczhang/zyc/final_result/30strains/30_cor/20x/30gra_msa.sh	5f25e38fa92e2e0d7df6eb1bfbb4132a3bcc79de5710a8755ec5d7b8c7a9c75d	benchmark_or_method	included	compact historical script for a manuscript dataset
workflow/legacy_final_result/30strains/30_cor/20x/30other_method.sh	/home/yczhang/zyc/final_result/30strains/30_cor/20x/30other_method.sh	c6156910cbd235dc0c40afaa66849170b464c4b891881a6ec7569900fd214ced	benchmark_or_method	included	compact historical script for a manuscript dataset
workflow/legacy_final_result/30strains/30_cor/20x/quast.sh	/home/yczhang/zyc/final_result/30strains/30_cor/20x/quast.sh	f7d0e1a92861e2b4cfd26ae673192a95a2df2050a4806adc7f98a895f21307f2	evaluation	included	compact historical script for a manuscript dataset
workflow/legacy_final_result/30strains/30_cor/30x/30gra_msa.sh	/home/yczhang/zyc/final_result/30strains/30_cor/30x/30gra_msa.sh	a9100ffef29baf79f05adaf503ff96b4beb96544a7b8268cdb9836ae5e1cb202	benchmark_or_method	included	compact historical script for a manuscript dataset
workflow/legacy_final_result/30strains/30_cor/30x/30other_method.sh	/home/yczhang/zyc/final_result/30strains/30_cor/30x/30other_method.sh	f262a71d13445c38137ad4f1d67baba77a53996be4fb64122ae70e7be2fbcfef	benchmark_or_method	included	compact historical script for a manuscript dataset
workflow/legacy_final_result/30strains/30_cor/30x/DADEC_S1/DADEC.sh	/home/yczhang/zyc/final_result/30strains/30_cor/30x/DADEC_S1/DADEC.sh	0ec4ec44c64df3afe576356dbb7e56ae9e83399e2cba3b7fed6b1f6d3c928ff8	benchmark_or_method	included	compact historical script for a manuscript dataset
workflow/legacy_final_result/30strains/30_cor/30x/quast.sh	/home/yczhang/zyc/final_result/30strains/30_cor/30x/quast.sh	f7d0e1a92861e2b4cfd26ae673192a95a2df2050a4806adc7f98a895f21307f2	evaluation	included	compact historical script for a manuscript dataset
workflow/legacy_final_result/30strains/30_cor/40x/30gra_msa.sh	/home/yczhang/zyc/final_result/30strains/30_cor/40x/30gra_msa.sh	92059b87644fc1f998e05c0302a7b6d6a31ff5c35503f5d6cf117be92c792076	benchmark_or_method	included	compact historical script for a manuscript dataset
workflow/legacy_final_result/30strains/30_cor/40x/30other_method.sh	/home/yczhang/zyc/final_result/30strains/30_cor/40x/30other_method.sh	e382d29fccb14e36f99aadb7535d42780a3f114641656672e6a50eaefa01ef22	benchmark_or_method	included	compact historical script for a manuscript dataset
workflow/legacy_final_result/30strains/30_cor/40x/quast.sh	/home/yczhang/zyc/final_result/30strains/30_cor/40x/quast.sh	2114a1f4e4bd79aac939192dd46faf6795f8e4a651da838e99f4615ecc9a034d	evaluation	included	compact historical script for a manuscript dataset
workflow/legacy_final_result/30strains/30_cor/50x/30gra_msa.sh	/home/yczhang/zyc/final_result/30strains/30_cor/50x/30gra_msa.sh	d38d21cee5641893745ac301e6ee2861433d06269df16777ae835e6d8a7027d1	benchmark_or_method	included	compact historical script for a manuscript dataset
workflow/legacy_final_result/30strains/30_cor/50x/30other_method.sh	/home/yczhang/zyc/final_result/30strains/30_cor/50x/30other_method.sh	0c44a51e61eeeef1213303077ab732ef02a60775f9c1fc46294caba75a3555c8	benchmark_or_method	included	compact historical script for a manuscript dataset
workflow/legacy_final_result/30strains/30_cor/50x/quast.sh	/home/yczhang/zyc/final_result/30strains/30_cor/50x/quast.sh	919bf2713cb1c0f5ed141462d1618fd1caa89acf3e85410586609af2fbe57efd	evaluation	included	compact historical script for a manuscript dataset
workflow/legacy_final_result/30strains/30_cor/plot.py	/home/yczhang/zyc/final_result/30strains/30_cor/plot.py	6ab8e2bf7a2656a0f64e975bc3069cafcdaca4876213ed86a94dba41eb6bb00f	plotting	included	compact historical script for a manuscript dataset
workflow/legacy_final_result/30strains/30_cor/plot1.py	/home/yczhang/zyc/final_result/30strains/30_cor/plot1.py	3d4e9f8f97e8bff067acf07aa6d73ccfbe8bbd8c3c3d3cc5e77641212f101ae0	plotting	included	compact historical script for a manuscript dataset
workflow/legacy_final_result/30strains/classification/10x/atiqu.py	/home/yczhang/zyc/final_result/30strains/classification/10x/atiqu.py	69e08ac8e1b319b220e3891d6e776e26e3111950874906736748eb862ed23e91	table_or_statistics	included	compact historical script for a manuscript dataset
workflow/legacy_final_result/30strains/classification/10x/class.sh	/home/yczhang/zyc/final_result/30strains/classification/10x/class.sh	5edff4c8c4b0a525814d2860b8db47c3d5019f42c9d2bace16b733c50b2fdfce	evaluation	included	compact historical script for a manuscript dataset
workflow/legacy_final_result/30strains/classification/10x/evalue.py	/home/yczhang/zyc/final_result/30strains/classification/10x/evalue.py	140fed1bc43dc3c168227db91f4e7af1f7369d0a6e283e4b4046d32587db8c16	table_or_statistics	included	compact historical script for a manuscript dataset
workflow/legacy_final_result/30strains/classification/20x/atiqu.py	/home/yczhang/zyc/final_result/30strains/classification/20x/atiqu.py	69e08ac8e1b319b220e3891d6e776e26e3111950874906736748eb862ed23e91	table_or_statistics	included	compact historical script for a manuscript dataset
workflow/legacy_final_result/30strains/classification/20x/class.sh	/home/yczhang/zyc/final_result/30strains/classification/20x/class.sh	57dd033d223ebe528d8bf07821af8133e12967794cd54ae6e6561ad23293ae93	evaluation	included	compact historical script for a manuscript dataset
workflow/legacy_final_result/30strains/classification/20x/evalue.py	/home/yczhang/zyc/final_result/30strains/classification/20x/evalue.py	140fed1bc43dc3c168227db91f4e7af1f7369d0a6e283e4b4046d32587db8c16	table_or_statistics	included	compact historical script for a manuscript dataset
workflow/legacy_final_result/30strains/classification/30x/atiqu.py	/home/yczhang/zyc/final_result/30strains/classification/30x/atiqu.py	69e08ac8e1b319b220e3891d6e776e26e3111950874906736748eb862ed23e91	table_or_statistics	included	compact historical script for a manuscript dataset
workflow/legacy_final_result/30strains/classification/30x/class.sh	/home/yczhang/zyc/final_result/30strains/classification/30x/class.sh	5447f29f2022c627c7341d6adf625b898008068f1625536407b86af83d6e46f1	evaluation	included	compact historical script for a manuscript dataset
workflow/legacy_final_result/30strains/classification/30x/evalue.py	/home/yczhang/zyc/final_result/30strains/classification/30x/evalue.py	140fed1bc43dc3c168227db91f4e7af1f7369d0a6e283e4b4046d32587db8c16	table_or_statistics	included	compact historical script for a manuscript dataset
workflow/legacy_final_result/30strains/classification/40x/atiqu.py	/home/yczhang/zyc/final_result/30strains/classification/40x/atiqu.py	69e08ac8e1b319b220e3891d6e776e26e3111950874906736748eb862ed23e91	table_or_statistics	included	compact historical script for a manuscript dataset
workflow/legacy_final_result/30strains/classification/40x/class.sh	/home/yczhang/zyc/final_result/30strains/classification/40x/class.sh	4e0306d3160350c9c8f4524be294b0f8059454740636d540d3134ffcc7e45bea	evaluation	included	compact historical script for a manuscript dataset
workflow/legacy_final_result/30strains/classification/40x/evalue.py	/home/yczhang/zyc/final_result/30strains/classification/40x/evalue.py	140fed1bc43dc3c168227db91f4e7af1f7369d0a6e283e4b4046d32587db8c16	table_or_statistics	included	compact historical script for a manuscript dataset
workflow/legacy_final_result/30strains/classification/50x/atiqu.py	/home/yczhang/zyc/final_result/30strains/classification/50x/atiqu.py	69e08ac8e1b319b220e3891d6e776e26e3111950874906736748eb862ed23e91	table_or_statistics	included	compact historical script for a manuscript dataset
workflow/legacy_final_result/30strains/classification/50x/class.sh	/home/yczhang/zyc/final_result/30strains/classification/50x/class.sh	716bd6eb200be8be34c5d25b96f19fb3be11eb72e4bcf0140723b5141b8c7baa	evaluation	included	compact historical script for a manuscript dataset
workflow/legacy_final_result/30strains/classification/50x/evalue.py	/home/yczhang/zyc/final_result/30strains/classification/50x/evalue.py	140fed1bc43dc3c168227db91f4e7af1f7369d0a6e283e4b4046d32587db8c16	table_or_statistics	included	compact historical script for a manuscript dataset
workflow/legacy_final_result/30strains/classification/evalue.py	/home/yczhang/zyc/final_result/30strains/classification/evalue.py	ea7d83e3bf8139e61199300be6a67fc21ce28c43c65a520944d113f2a6bcfd72	table_or_statistics	included	compact historical script for a manuscript dataset
workflow/legacy_final_result/30strains/data/30art_config.ini	/home/yczhang/zyc/final_result/30strains/data/30art_config.ini	ab2fa23b94f5578202c4297376a68af9cb3161522a5cd0fdcf8b65af254d2489	data_or_simulation	included	compact historical script for a manuscript dataset
workflow/legacy_final_result/30strains/data/30pbsim_config.ini	/home/yczhang/zyc/final_result/30strains/data/30pbsim_config.ini	c1ff9413992d72ffb5496ff71ecb085e49e361ee6da12ee73d8ac25667f6793a	data_or_simulation	included	compact historical script for a manuscript dataset
workflow/legacy_final_result/30strains/data/data.sh	/home/yczhang/zyc/final_result/30strains/data/data.sh	8eff47d3c527008d76bd3ae1f79edaad9534d8abc8adba67ee99ba1edc28c780	data_or_simulation	included	compact historical script for a manuscript dataset
workflow/legacy_final_result/30strains/data/long/config.ini	/home/yczhang/zyc/final_result/30strains/data/long/config.ini	132c44399e877454d9918eae017364968ba6f936fa6ff2bb61260168f694a6f8	data_or_simulation	included	compact historical script for a manuscript dataset
workflow/legacy_final_result/30strains/data/ref/download.sh	/home/yczhang/zyc/final_result/30strains/data/ref/download.sh	4cf8f7671798ca5d9ec2ecb9f408916939bbfa209f8e66bc5ca1e763a58523e8	data_or_simulation	included	compact historical script for a manuscript dataset
workflow/legacy_final_result/30strains/data/short/size1/config.ini	/home/yczhang/zyc/final_result/30strains/data/short/size1/config.ini	6d147ba8c73860cdf9669929d51d28650087140ee9d015b28bc2caaa57e22f95	data_or_simulation	included	compact historical script for a manuscript dataset
workflow/legacy_final_result/30strains/data/short/size2/config.ini	/home/yczhang/zyc/final_result/30strains/data/short/size2/config.ini	41904226dd96ed8e4b0336d18d6272d0e05fd96f1cdf909d2983bc4ab21300fd	data_or_simulation	included	compact historical script for a manuscript dataset
workflow/legacy_final_result/30strains/data/short/size3/config.ini	/home/yczhang/zyc/final_result/30strains/data/short/size3/config.ini	04b195d96120e1451278cf9d3b9d167bf26af0eac2d97983a773a9df33d998ea	data_or_simulation	included	compact historical script for a manuscript dataset
workflow/legacy_final_result/30strains/data/short/size4/config.ini	/home/yczhang/zyc/final_result/30strains/data/short/size4/config.ini	3243f1cdbd33c0c8c0253e40df0f97ee6d1d0d99b9ae33d8253ed92c3696a343	data_or_simulation	included	compact historical script for a manuscript dataset
workflow/legacy_final_result/30strains/data/short/size5/config.ini	/home/yczhang/zyc/final_result/30strains/data/short/size5/config.ini	afb715cee6cfbed2440dc9cf167000231517425be612bf40c482a12efaa1d23c	data_or_simulation	included	compact historical script for a manuscript dataset
workflow/legacy_final_result/30strains/data/sylph/sylphTest.sh	/home/yczhang/zyc/final_result/30strains/data/sylph/sylphTest.sh	950e24b158439824287f1d63c1aa4e11c3f11bf46a864acd5399906996f2d26b	benchmark_or_method	included	compact historical script for a manuscript dataset
workflow/legacy_final_result/30strains/data/taxid.py	/home/yczhang/zyc/final_result/30strains/data/taxid.py	83630b06589c50e8d261244e5db26205428ddfd2f9954dcd11ef49155509d2ed	benchmark_or_method	included	compact historical script for a manuscript dataset
workflow/legacy_final_result/Arabidopsis/ara_cor/ar_gra_msa.sh	/home/yczhang/zyc/final_result/Arabidopsis/ara_cor/ar_gra_msa.sh	eb09f899929df70a0a63676137b8d877cf4719524e0d3337a752a73543a08ad8	benchmark_or_method	included	compact historical script for a manuscript dataset
workflow/legacy_final_result/Arabidopsis/ara_cor/ar_other_method.sh	/home/yczhang/zyc/final_result/Arabidopsis/ara_cor/ar_other_method.sh	887f1f005fbc29b2216e6c40bccd23e27602a9a96551b2f1da82d3b3541499dc	benchmark_or_method	included	compact historical script for a manuscript dataset
workflow/legacy_final_result/Arabidopsis/ara_cor/bulid_fmlrc.sh	/home/yczhang/zyc/final_result/Arabidopsis/ara_cor/bulid_fmlrc.sh	06a6de980de805811b632c545d1e652320c1b3826868634500b1e51b5cb88a06	benchmark_or_method	included	compact historical script for a manuscript dataset
workflow/legacy_final_result/Arabidopsis/ara_cor/quast.sh	/home/yczhang/zyc/final_result/Arabidopsis/ara_cor/quast.sh	e4808351db954deddfc033163e49c6bab073ac1850c8e1ed30c04eeb61fd6d92	evaluation	included	compact historical script for a manuscript dataset
workflow/legacy_final_result/Arabidopsis/assambly/canu/atiqu.py	/home/yczhang/zyc/final_result/Arabidopsis/assambly/canu/atiqu.py	449ae7593e07d3c00a5f0d34b9f522b95612a012109b8c42d3ed3b2d31b4a796	table_or_statistics	included	compact historical script for a manuscript dataset
workflow/legacy_final_result/Arabidopsis/assambly/canu/canu_evalue.sh	/home/yczhang/zyc/final_result/Arabidopsis/assambly/canu/canu_evalue.sh	7fa132c130261bff3a6e9a819a98b609769f324c3f1a09216b6b8639d9a32902	table_or_statistics	included	compact historical script for a manuscript dataset
workflow/legacy_final_result/Arabidopsis/assambly/canu/canu_quast.sh	/home/yczhang/zyc/final_result/Arabidopsis/assambly/canu/canu_quast.sh	e70f70fb9a6c47e93b83760b6987043d2794bc215896735973885168abc6353c	evaluation	included	compact historical script for a manuscript dataset
workflow/legacy_final_result/Arabidopsis/assambly/hifiasm/hifiasm_quast.sh	/home/yczhang/zyc/final_result/Arabidopsis/assambly/hifiasm/hifiasm_quast.sh	ef6ff412197340760af893c29a698d18e72d6961cefcb9e3ca5b15f10cc02eef	evaluation	included	compact historical script for a manuscript dataset
workflow/legacy_final_result/Arabidopsis/assambly/hifiasm/hifisam_evalue.sh	/home/yczhang/zyc/final_result/Arabidopsis/assambly/hifiasm/hifisam_evalue.sh	3a91e307cfa376eb04e0b5709975dfb2001b6e480d9dfb61777e11074f46e008	table_or_statistics	included	compact historical script for a manuscript dataset
workflow/legacy_final_result/Arabidopsis/data/long/quast.sh	/home/yczhang/zyc/final_result/Arabidopsis/data/long/quast.sh	37857c58c11f056746448ae343eae8817f65147134b4dd7eb1655b7e915982cb	evaluation	included	compact historical script for a manuscript dataset
workflow/legacy_final_result/Arabidopsis/data/sim/cor/ar_gra_msa.sh	/home/yczhang/zyc/final_result/Arabidopsis/data/sim/cor/ar_gra_msa.sh	caea924431ca436014a5a501caf9f027506b4ac68f5f5c8997a9d29fd325f58b	data_or_simulation	included	compact historical script for a manuscript dataset
workflow/legacy_final_result/Arabidopsis/data/sim/cor/ar_other_method.sh	/home/yczhang/zyc/final_result/Arabidopsis/data/sim/cor/ar_other_method.sh	1905afd7ac8f53e835cddc4ba66be986e7b8361548d7a6f31a809335c7f09010	data_or_simulation	included	compact historical script for a manuscript dataset
workflow/legacy_final_result/Arabidopsis/data/sim/cor/quast.sh	/home/yczhang/zyc/final_result/Arabidopsis/data/sim/cor/quast.sh	28476608182c4e8e80a5f05be9ed6b9d78388fd2c865f36c73f17de9160b59e0	data_or_simulation	included	compact historical script for a manuscript dataset
workflow/legacy_final_result/Arabidopsis/data/sim/data/art_sim.sh	/home/yczhang/zyc/final_result/Arabidopsis/data/sim/data/art_sim.sh	9e0c688176164c29c15a630f37d3d1540a449089ccc6c5fb3527772d1307a622	data_or_simulation	included	compact historical script for a manuscript dataset
workflow/legacy_final_result/Arabidopsis/data/sim/data/non.py	/home/yczhang/zyc/final_result/Arabidopsis/data/sim/data/non.py	115d533086a4842b7f20cbe2781f242d3f9ca4b174bad5e6961f981d4e572088	data_or_simulation	included	compact historical script for a manuscript dataset
workflow/legacy_final_result/Arabidopsis/data/sim/data/pbsim2_sim.sh	/home/yczhang/zyc/final_result/Arabidopsis/data/sim/data/pbsim2_sim.sh	873e9e3253b8ab0304b57ab4608e67c7b9d694bbb8d199503f1f21c737cde7dc	data_or_simulation	included	compact historical script for a manuscript dataset
workflow/legacy_final_result/Arabidopsis/data/sim/expr/atiqu.py	/home/yczhang/zyc/final_result/Arabidopsis/data/sim/expr/atiqu.py	8ce7cfb0281aa1dd53c5912bed520762ef7514ce721a1a88b85e4b079c1ead78	table_or_statistics	included	compact historical script for a manuscript dataset
workflow/legacy_final_result/Arabidopsis/data/sim/expr/clean.py	/home/yczhang/zyc/final_result/Arabidopsis/data/sim/expr/clean.py	c17abd23757a4a947ea297b02bb047d3dc9927bd5bee9bcd9a5a6efad7085b6c	data_or_simulation	included	compact historical script for a manuscript dataset
workflow/legacy_final_result/Arabidopsis/data/sim/expr/hifi.sh	/home/yczhang/zyc/final_result/Arabidopsis/data/sim/expr/hifi.sh	0b02b1bbc99cd0803de527bbf0b341b00062c54bd9d6684c2ab374dc575073b4	data_or_simulation	included	compact historical script for a manuscript dataset
workflow/legacy_final_result/Arabidopsis/data/sim/expr/ocevalue.sh	/home/yczhang/zyc/final_result/Arabidopsis/data/sim/expr/ocevalue.sh	f05c1073bd8c1b28e82e307a936ce5b2701703a8535c88f5086ec790962e03c3	table_or_statistics	included	compact historical script for a manuscript dataset
workflow/legacy_final_result/Drosophila/data/data.sh	/home/yczhang/zyc/final_result/Drosophila/data/data.sh	bd81cd8dd56e672e2e6d07101ac8835d4d560750edb8bc5cc3fa48f309fdc46f	data_or_simulation	included	compact historical script for a manuscript dataset
workflow/legacy_final_result/Drosophila/test/Dr_gra_msa.sh	/home/yczhang/zyc/final_result/Drosophila/test/Dr_gra_msa.sh	349720cac4e8556a63968aae9355fc8f0c8ec9444bf6506502753eaed6845e27	benchmark_or_method	included	compact historical script for a manuscript dataset
workflow/legacy_final_result/Drosophila/test/Dr_other_method.sh	/home/yczhang/zyc/final_result/Drosophila/test/Dr_other_method.sh	5f65102035f0219015be83b4f1756b6305c08aed6c68f1d82d2f20b9ee28f14c	benchmark_or_method	included	compact historical script for a manuscript dataset
workflow/legacy_final_result/Drosophila/test/assambly/canu/canu_evalue.sh	/home/yczhang/zyc/final_result/Drosophila/test/assambly/canu/canu_evalue.sh	ec71e8254b99d4d681cc3724a0646144a162c4634511ebb7e83106f5af59010a	table_or_statistics	included	compact historical script for a manuscript dataset
workflow/legacy_final_result/Drosophila/test/assambly/canu/canu_quast.sh	/home/yczhang/zyc/final_result/Drosophila/test/assambly/canu/canu_quast.sh	29274592170f2e48d35cd3bad4645cb0386dd64210d873712ae479b5f4e806c2	evaluation	included	compact historical script for a manuscript dataset
workflow/legacy_final_result/Drosophila/test/assambly/hifiasm/hifiasm_quast.sh	/home/yczhang/zyc/final_result/Drosophila/test/assambly/hifiasm/hifiasm_quast.sh	dc9e8a5a915d8952060c02a716a65cf83a3403c6bb3f5e4af9235335af7d98b4	evaluation	included	compact historical script for a manuscript dataset
workflow/legacy_final_result/Drosophila/test/assambly/hifiasm/hifisam_evalue.sh	/home/yczhang/zyc/final_result/Drosophila/test/assambly/hifiasm/hifisam_evalue.sh	b7e886bfdcec795affc186d7400df28d31385abd6cbbfc341e505359403ac428	table_or_statistics	included	compact historical script for a manuscript dataset
workflow/legacy_final_result/Drosophila/test/bulid_fmlrc.sh	/home/yczhang/zyc/final_result/Drosophila/test/bulid_fmlrc.sh	df7710da502abeb3402efcc8cdecd138cbb27549673d634a12d8134b95dc49c3	benchmark_or_method	included	compact historical script for a manuscript dataset
workflow/legacy_final_result/Drosophila/test/ontR10/dadec_cor.sh	/home/yczhang/zyc/final_result/Drosophila/test/ontR10/dadec_cor.sh	5e17a797dda3df9dd55d45b8bde58aa5d0f2c4d466c17f52b475952039e7d282	benchmark_or_method	included	compact historical script for a manuscript dataset
workflow/legacy_final_result/Drosophila/test/ontR10/echat_cor.sh	/home/yczhang/zyc/final_result/Drosophila/test/ontR10/echat_cor.sh	ab8f20602195903c5057f5e750b4d3309ea67473618be5b7ad9d3a99d2a07863	benchmark_or_method	included	compact historical script for a manuscript dataset
workflow/legacy_final_result/Drosophila/test/quast.sh	/home/yczhang/zyc/final_result/Drosophila/test/quast.sh	c8e58f3a7e0021bb12f3a29b4a6765f79a4579208b036209bba1d945d85db544	evaluation	included	compact historical script for a manuscript dataset
workflow/legacy_final_result/ecoil/data/demo/art_sim.sh	/home/yczhang/zyc/final_result/ecoil/data/demo/art_sim.sh	b3beabe48de5472006bd7d323e597ae7d7ec4c5e1268c48381c37d892c485f04	data_or_simulation	included	compact historical script for a manuscript dataset
workflow/legacy_final_result/ecoil/data/demo/pbsim2_sim.sh	/home/yczhang/zyc/final_result/ecoil/data/demo/pbsim2_sim.sh	6e204b33fb9a8a5acce096aa0eecfeb267fc2fa96edab1b0a232dcd14127f3f4	data_or_simulation	included	compact historical script for a manuscript dataset
workflow/legacy_final_result/ecoil/data/long/any/non.py	/home/yczhang/zyc/final_result/ecoil/data/long/any/non.py	3e176e0b4b311b6acd94876d4fefd94ac01e7a0582ef8c58a7ce3ffa49c58aec	benchmark_or_method	included	compact historical script for a manuscript dataset
workflow/legacy_final_result/ecoil/data/long/pbsim2_sim.sh	/home/yczhang/zyc/final_result/ecoil/data/long/pbsim2_sim.sh	ba7e1f19c85bddc3a1fea3f68bc619eaff6da275779a86cffaf3aab5d8a28b4e	data_or_simulation	included	compact historical script for a manuscript dataset
workflow/legacy_final_result/ecoil/data/pbsim2_sim.sh	/home/yczhang/zyc/final_result/ecoil/data/pbsim2_sim.sh	e3b0c44298fc1c149afbf4c8996fb92427ae41e4649b934ca495991b7852b855	data_or_simulation	included	compact historical script for a manuscript dataset
workflow/legacy_final_result/ecoil/data/short/art_sim.sh	/home/yczhang/zyc/final_result/ecoil/data/short/art_sim.sh	1f0eec235b770b343afff1bcb963218e5660c1919f1d5c005ff4703695254c9a	data_or_simulation	included	compact historical script for a manuscript dataset
workflow/legacy_final_result/ecoil/ecoli_cor/gra_msa/ecoli_DADEC.sh	/home/yczhang/zyc/final_result/ecoil/ecoli_cor/gra_msa/ecoli_DADEC.sh	a663602628f49e9c3dfe80493fc8cf87fce6517de45b944be5735f25c1e515bb	benchmark_or_method	included	compact historical script for a manuscript dataset
workflow/legacy_final_result/ecoil/ecoli_cor/k_mer_test/aplot.py	/home/yczhang/zyc/final_result/ecoil/ecoli_cor/k_mer_test/aplot.py	7df900f5bdd289f88c6901989f2ed207794537e2c9053813f637b8a75712a5a8	plotting	included	compact historical script for a manuscript dataset
workflow/legacy_final_result/ecoil/ecoli_cor/k_mer_test/ecoli_other_method.sh	/home/yczhang/zyc/final_result/ecoil/ecoli_cor/k_mer_test/ecoli_other_method.sh	c8082fa30ec4ab48abb469396bc06d30907e52f596e18a5cde09b80dbc78e2ea	benchmark_or_method	included	compact historical script for a manuscript dataset
workflow/legacy_final_result/ecoil/ecoli_cor/k_mer_test/kmer_test.sh	/home/yczhang/zyc/final_result/ecoil/ecoli_cor/k_mer_test/kmer_test.sh	42e49d88e9220dcb161c348ed5a3d2e70b1b6c92799095233a3455b62128c049	benchmark_or_method	included	compact historical script for a manuscript dataset
workflow/legacy_final_result/ecoil/ecoli_cor/other/ecoli_other_method.sh	/home/yczhang/zyc/final_result/ecoil/ecoli_cor/other/ecoli_other_method.sh	a160c582ea24d4bed5c61db930e6f380d3730b7db4b857591e4a3a1c0dfb1258	benchmark_or_method	included	compact historical script for a manuscript dataset
workflow/legacy_final_result/ecoil/ecoli_cor/quast.sh	/home/yczhang/zyc/final_result/ecoil/ecoli_cor/quast.sh	c58e2359e4e5b70036f79ff19ca266c2c7735ea1ac8795d81346944103723112	evaluation	included	compact historical script for a manuscript dataset
workflow/legacy_final_result/ecoil/ecoli_cor/time/ecoli_other_method.sh	/home/yczhang/zyc/final_result/ecoil/ecoli_cor/time/ecoli_other_method.sh	be4e13c9a501c207093a177c89ae6518d578c00db13c7489b9dea128ee6d9d7f	benchmark_or_method	included	compact historical script for a manuscript dataset
workflow/legacy_final_result/ecoil/ecoli_cor/time1/ecoli_other_method.sh	/home/yczhang/zyc/final_result/ecoil/ecoli_cor/time1/ecoli_other_method.sh	cd54e2160dcc795902383437fcce327992a8c5dfed651123e59337735963d9f3	benchmark_or_method	included	compact historical script for a manuscript dataset
workflow/legacy_final_result/ecoil/exper/hifi.sh	/home/yczhang/zyc/final_result/ecoil/exper/hifi.sh	e8e62d17b11f78ab1be790684045aa2efeda04a48548f75bd245c23733d1b843	evaluation	included	compact historical script for a manuscript dataset
workflow/legacy_final_result/ecoil/exper/ocevalue.sh	/home/yczhang/zyc/final_result/ecoil/exper/ocevalue.sh	d0e65d07737b5f0502eae2217870090dbcd1e8e430fd982460c1aaa58045b687	table_or_statistics	included	compact historical script for a manuscript dataset
workflow/legacy_final_result/ecoil/exper/plot.py	/home/yczhang/zyc/final_result/ecoil/exper/plot.py	e3a8dcf7313d38cbf91e11f2f131401dde322c51dbe5f57d2981f90325c9be6a	plotting	included	compact historical script for a manuscript dataset
workflow/legacy_final_result/ecoil/phase/phase.sh	/home/yczhang/zyc/final_result/ecoil/phase/phase.sh	51eb7a0bc99e3c510179a25aed91dd10deb71ec3d8738f8adb985d96268be73e	benchmark_or_method	included	compact historical script for a manuscript dataset
workflow/legacy_final_result/mhc/data/pac1/pbsim2_sim.sh	/home/yczhang/zyc/final_result/mhc/data/pac1/pbsim2_sim.sh	53a53abc6635d540f5731bc789e863e0f691ee7ba7c906d00d9e821d73d24f6c	data_or_simulation	included	compact historical script for a manuscript dataset
workflow/legacy_final_result/mhc/evalue.sh	/home/yczhang/zyc/final_result/mhc/evalue.sh	8cd5e2cc04f37b39ba7409f497733091e69cd03f1891a4d343e3eb7428a31a28	table_or_statistics	included	compact historical script for a manuscript dataset
workflow/legacy_final_result/mhc/nano/DADEC_a/s1/mhc_DADEC.sh	/home/yczhang/zyc/final_result/mhc/nano/DADEC_a/s1/mhc_DADEC.sh	f256bf4b0ed58b5b795ed8d6a536e0363820342c733fb93df039aa638deda4fc	benchmark_or_method	included	compact historical script for a manuscript dataset
workflow/legacy_final_result/mhc/nano/other_evalue.sh	/home/yczhang/zyc/final_result/mhc/nano/other_evalue.sh	bcf12fcbe7351c492b2f146d9122ca64dbc45571fdc1f8879d94bcefa6d460a3	table_or_statistics	included	compact historical script for a manuscript dataset
workflow/legacy_final_result/mhc/pac/evalue.sh	/home/yczhang/zyc/final_result/mhc/pac/evalue.sh	6afb62201fef1dcbac1a52c2525c980a817f987734f202208ca5f273c02d2702	table_or_statistics	included	compact historical script for a manuscript dataset
workflow/legacy_final_result/mhc/pac/mhc_DADEC.sh	/home/yczhang/zyc/final_result/mhc/pac/mhc_DADEC.sh	871a079ac92f2cc54bc8b1d20cb3a66d9fbbe03865cb8e6dc39e493be4029c24	benchmark_or_method	included	compact historical script for a manuscript dataset
workflow/legacy_final_result/mhc/pac/other_evalue.sh	/home/yczhang/zyc/final_result/mhc/pac/other_evalue.sh	51ad7cad53771e48bef0c97c79f7dc81454c0fbc2cfb88141edc847ff80f43c0	table_or_statistics	included	compact historical script for a manuscript dataset
workflow/legacy_final_result/mhc/quast.sh	/home/yczhang/zyc/final_result/mhc/quast.sh	fb8405250449dd470fdc1b39df4baa969c61be8488ebfcecd36ced1d3e2a1665	evaluation	included	compact historical script for a manuscript dataset
workflow/legacy_final_result/zymo/zymo_cor/assambly/canu/canu_evalue.sh	/home/yczhang/zyc/final_result/zymo/zymo_cor/assambly/canu/canu_evalue.sh	3971ae64e5bb04f073a0c4867b8e30cd5d50b4e66d3e62047fb1a0e91a8e98c1	table_or_statistics	included	compact historical script for a manuscript dataset
workflow/legacy_final_result/zymo/zymo_cor/assambly/canu/canu_quast.sh	/home/yczhang/zyc/final_result/zymo/zymo_cor/assambly/canu/canu_quast.sh	4f3082ac57b1dc9b6fe13081e67e879f4b00263f932be566099389291cdd71a8	evaluation	included	compact historical script for a manuscript dataset
workflow/legacy_final_result/zymo/zymo_cor/assambly/hifiasm/hifiasm_quast.sh	/home/yczhang/zyc/final_result/zymo/zymo_cor/assambly/hifiasm/hifiasm_quast.sh	69acca90354bd332c0b26acd0413659c7c3585fb9a9e2ab027b42dcfb6ad8888	evaluation	included	compact historical script for a manuscript dataset
workflow/legacy_final_result/zymo/zymo_cor/assambly/hifiasm/hifisam_evalue.sh	/home/yczhang/zyc/final_result/zymo/zymo_cor/assambly/hifiasm/hifisam_evalue.sh	dae71961ca0150a0f7628d3f785de31f3e9c77d2905d669d8f7a16ccb0404da8	table_or_statistics	included	compact historical script for a manuscript dataset
workflow/legacy_final_result/zymo/zymo_cor/dechat_cor.sh	/home/yczhang/zyc/final_result/zymo/zymo_cor/dechat_cor.sh	cb28e48808a3ee13bd3328577ec4b546041c28eba27cdc32bc0bc3f45940b71f	benchmark_or_method	included	compact historical script for a manuscript dataset
workflow/legacy_final_result/zymo/zymo_cor/echat_cor.sh	/home/yczhang/zyc/final_result/zymo/zymo_cor/echat_cor.sh	d7c1235188c65797c035d338cef6263c9eb297cfd94750e1d9db4286508adfa6	benchmark_or_method	included	compact historical script for a manuscript dataset
workflow/legacy_final_result/zymo/zymo_cor/other_cor.sh	/home/yczhang/zyc/final_result/zymo/zymo_cor/other_cor.sh	1d9816ec4c02d348745d09abfd970418fa5659f194c7ac0adb6058e5f280c195	benchmark_or_method	included	compact historical script for a manuscript dataset
workflow/legacy_final_result/zymo/zymo_cor/quast.sh	/home/yczhang/zyc/final_result/zymo/zymo_cor/quast.sh	4a211235a1a53066cba9469512bd2ebf424662c98ba197769c876df8cc48fc20	evaluation	included	compact historical script for a manuscript dataset
workflow/legacy_final_result/zymo/zymo_cor/zymo_cor.sh	/home/yczhang/zyc/final_result/zymo/zymo_cor/zymo_cor.sh	028f9ff09aeb692b0f8af5b48515da59f1dfb78a267328489868c21f91ae64ef	benchmark_or_method	included	compact historical script for a manuscript dataset
	/home/yczhang/zyc/final_result/1000strains/1000test/dadec_cor.sh	4e280ce76cf9214d7ddb48011d46ba1ff7114d36e068eb79f118ea183889839e	benchmark_or_method	excluded	outside the manuscript dataset scope; retained at source and inventoried only
	/home/yczhang/zyc/final_result/1000strains/1000test/other_cor.sh	770c957893981c0fea5ace3a8d6b86ff57fb56228bba9cdc9c22225ebb87072e	benchmark_or_method	excluded	outside the manuscript dataset scope; retained at source and inventoried only
	/home/yczhang/zyc/final_result/1000strains/1000test/quast.sh	99bc2a3f002f575c69079f98eee67f0479b87b09fc9d42bc9207367b712f142f	evaluation	excluded	outside the manuscript dataset scope; retained at source and inventoried only
	/home/yczhang/zyc/final_result/Bmock12/cor/hg_DADEC.sh	6956eca4e14623a10917172a8d4f315b53edf5e08e4677c4669907e9234247fb	benchmark_or_method	excluded	outside the manuscript dataset scope; retained at source and inventoried only
	/home/yczhang/zyc/final_result/Bmock12/cor/hg_other_method.sh	5a6b7e14b7ebb6d4f843c1b49c5220ab5a15dcd7133de438b8b128034dff1aaf	benchmark_or_method	excluded	outside the manuscript dataset scope; retained at source and inventoried only
	/home/yczhang/zyc/final_result/NWC/nwc_cor/DADEC_a/DADEC.sh	1b504b2641e1eca33a6c2f87edc675fc852e9b1bcf7958edd1a65a4e8642e04d	benchmark_or_method	excluded	outside the manuscript dataset scope; retained at source and inventoried only
	/home/yczhang/zyc/final_result/NWC/nwc_cor/Pac_40/nwc_gra_msa.sh	2293a4e77c21ee9e86e9021e230f45b99abad06cdf8c116b923c36f400abad8e	benchmark_or_method	excluded	outside the manuscript dataset scope; retained at source and inventoried only
	/home/yczhang/zyc/final_result/NWC/nwc_cor/Pac_40/nwc_other_method.sh	fe1b6492f495cb884b1b35cbd6df526510585c08a0187b07ce840ac5ea71c8d7	benchmark_or_method	excluded	outside the manuscript dataset scope; retained at source and inventoried only
	/home/yczhang/zyc/final_result/NWC/nwc_cor/assambly/atiqu.py	4c96b4fa7b4ee843266b67ab7dc1328d8b90b61b2455ea8c734f22e88c412150	table_or_statistics	excluded	outside the manuscript dataset scope; retained at source and inventoried only
	/home/yczhang/zyc/final_result/NWC/nwc_cor/assambly/canu/ont/canu_evalue.sh	849dbc2f140f0280fd3f83bee1c81c407284f44bc75ffc6e238cc0fd595d07fd	table_or_statistics	excluded	outside the manuscript dataset scope; retained at source and inventoried only
	/home/yczhang/zyc/final_result/NWC/nwc_cor/assambly/canu/ont/canu_quast.sh	924e1f4abcce25dca97755518c522b06d4d7ab76b81d97ea5da8039d0b6d057a	evaluation	excluded	outside the manuscript dataset scope; retained at source and inventoried only
	/home/yczhang/zyc/final_result/NWC/nwc_cor/assambly/canu/pac/canu_evalue.sh	bb98f32d8cf1e4368fc71c17409566106acf26febc8f4766e894798d3bce0825	table_or_statistics	excluded	outside the manuscript dataset scope; retained at source and inventoried only
	/home/yczhang/zyc/final_result/NWC/nwc_cor/assambly/canu/pac/canu_quast.sh	67761917637936fa651ced3467fb02b49177fcbe8b4c97c2a1282c391a10d16b	evaluation	excluded	outside the manuscript dataset scope; retained at source and inventoried only
	/home/yczhang/zyc/final_result/NWC/nwc_cor/assambly/hifiasm/ont/hifiasm_quast.sh	af532d4a7a14e806f3e5fe135ccb90519a028f3220a59bc92f09a9715868d846	evaluation	excluded	outside the manuscript dataset scope; retained at source and inventoried only
	/home/yczhang/zyc/final_result/NWC/nwc_cor/assambly/hifiasm/ont/hifisam_evalue.sh	bf49dbd9970e350e2ab9f574a2c37e00cdc707b727092352839ae82b35e7ba8a	table_or_statistics	excluded	outside the manuscript dataset scope; retained at source and inventoried only
	/home/yczhang/zyc/final_result/NWC/nwc_cor/assambly/hifiasm/pac/hifiasm_quast.sh	c4fdb45d375e103cba7a6469ea18f94891a8182a00106e3ef4c7fb619b40c5b6	evaluation	excluded	outside the manuscript dataset scope; retained at source and inventoried only
	/home/yczhang/zyc/final_result/NWC/nwc_cor/assambly/hifiasm/pac/hifisam_evalue.sh	716c83c85debd57580fa1bcd844da5b1d60e74bddddb99ad24be0805b52523c1	table_or_statistics	excluded	outside the manuscript dataset scope; retained at source and inventoried only
	/home/yczhang/zyc/final_result/NWC/nwc_cor/echat_cor.sh	0066863ca156dcf5ba9ac0539c0cc188b7ebb1c6210897fd3f801af1cc819416	benchmark_or_method	excluded	outside the manuscript dataset scope; retained at source and inventoried only
	/home/yczhang/zyc/final_result/NWC/nwc_cor/nwc_gra_msa.sh	0b8420e4726cb6729d5941a0f1e2148b4eab89354015ea5ddac7aab3c017817f	benchmark_or_method	excluded	outside the manuscript dataset scope; retained at source and inventoried only
	/home/yczhang/zyc/final_result/NWC/nwc_cor/nwc_other_method.sh	40930740059dcb7279ea894a34c350ed53dd053227e07d9606000ae9c43a7a7a	benchmark_or_method	excluded	outside the manuscript dataset scope; retained at source and inventoried only
	/home/yczhang/zyc/final_result/NWC/nwc_cor/ont/nwc_gra_msa.sh	4f31148616c09d96af49cb1bdc3d39b5667e54569e54a91153cafd496a79eb00	benchmark_or_method	excluded	outside the manuscript dataset scope; retained at source and inventoried only
	/home/yczhang/zyc/final_result/NWC/nwc_cor/ont/nwc_other_method.sh	aeb4c67e6ee41bacf6e528b41ebdcea5116505b4d11a8dfe652e6426aa8d872a	benchmark_or_method	excluded	outside the manuscript dataset scope; retained at source and inventoried only
	/home/yczhang/zyc/final_result/NWC/nwc_cor/ont/quast.sh	5e9867f98b6f72949ee145281250b8f057b532205d1267ef77f76fc51a7aaf49	evaluation	excluded	outside the manuscript dataset scope; retained at source and inventoried only
	/home/yczhang/zyc/final_result/NWC/nwc_cor/quast.sh	56fb30d1fe0e97903909ad4d60b5d2f12420dd79bb64dd29ff2b044d99246ee9	evaluation	excluded	outside the manuscript dataset scope; retained at source and inventoried only
	/home/yczhang/zyc/final_result/atiqu.py	743d457d4217a85c1a7f6210d7211f2b4781c1eba76238bf11a0434da8e2f1ba	table_or_statistics	excluded	outside the manuscript dataset scope; retained at source and inventoried only
	/home/yczhang/zyc/final_result/chiken/chiken_test/dadec_cor.sh	307668ad82df0affa1f2dd20e1c5368699b941ee56366c4dc281e9b7623e918c	benchmark_or_method	excluded	outside the manuscript dataset scope; retained at source and inventoried only
	/home/yczhang/zyc/final_result/chiken/chiken_test/merqury.sh	1c8dd1b5648cb6e360be4bef6dca29b4690621a4adf0e6d0d5c9cb1b5352d711	benchmark_or_method	excluded	outside the manuscript dataset scope; retained at source and inventoried only
	/home/yczhang/zyc/final_result/chiken/chiken_test/other_cor.sh	5d4b3ace44ee0b7052091c722cc581086a0807b2b80b9954b9d5f1b308a12807	benchmark_or_method	excluded	outside the manuscript dataset scope; retained at source and inventoried only
	/home/yczhang/zyc/final_result/chiken/chiken_test/quast.sh	da454ee98102c0a7b5599019351ed53076e7e3814f3ccd249eab131de2ecfe14	evaluation	excluded	outside the manuscript dataset scope; retained at source and inventoried only
	/home/yczhang/zyc/final_result/chiken/data/1.sh	a0fa502d8368fe64d27470e8b836002c06f861d9f3b9dd02140ce2dd58f91d4f	benchmark_or_method	excluded	outside the manuscript dataset scope; retained at source and inventoried only
	/home/yczhang/zyc/final_result/demo.sh	c82563d4feafed5015c37f290ad079b4ec23508a8c7985936640995223a3579b	benchmark_or_method	excluded	outside the manuscript dataset scope; retained at source and inventoried only
